family,label_with_cluster,top1_cluster,top1_seq_count,top1_frac_of_taxon,manuscript_group,n_sequences_in_tree
Ackermannviridae,Ackermannviridae [C26],26,67,0.881578947368421,HK97-like,76
Adamaviridae,Adamaviridae [C28],28,4,0.3076923076923077,HK97-like,13
Adenoviridae,Adenoviridae [C86],86,6,0.75,HK97-like,8
Aggregaviridae,Aggregaviridae [C69],69,2,1.0,HK97-like,2
Aliceevansviridae,Aliceevansviridae [C52],52,70,0.9722222222222222,picorna-like,72
Alisviridae,Alisviridae [C67],67,2,1.0,picorna-like,2
Aliusviridae,Aliusviridae [C86],86,3,1.0,HK97-like,3
Alloherpesviridae,Alloherpesviridae [C86],86,21,0.9545454545454546,HK97-like,22
Allomimiviridae,Allomimiviridae [C30],30,5,0.8333333333333334,HK97-like,6
Alphatetraviridae,Alphatetraviridae [C4],4,2,1.0,micro-like,2
Alvernaviridae,Alvernaviridae [C8],8,3,1.0,NCLDV-like,3
Amalgaviridae,Amalgaviridae [C86],86,1,1.0,HK97-like,1
Amesuviridae,Amesuviridae [C28],28,4,1.0,HK97-like,4
Andersonviridae,Andersonviridae [C5],5,18,1.0,HK97-like,18
Anelloviridae,Anelloviridae [C83],83,193,0.8894009216589862,HK97-like,217
Anicreviridae,Anicreviridae [C41],41,3,1.0,HK97-like,3
Aoguangviridae,Aoguangviridae [C31],31,2,1.0,Geminiviridae-like,2
Arenbergviridae,Arenbergviridae [C26],26,1,1.0,HK97-like,1
Arteriviridae,Arteriviridae [C9],9,3,1.0,HK97-like,3
Artiviridae,Artiviridae [C97],97,1,1.0,HK97-like,1
Ascoviridae,Ascoviridae [C30],30,6,1.0,HK97-like,6
Asemoviridae,Asemoviridae [C56],56,1,1.0,HK97-like,1
Asfarviridae,Asfarviridae [C30],30,3,1.0,HK97-like,3
Assiduviridae,Assiduviridae [C69],69,3,0.75,HK97-like,4
Astroviridae,Astroviridae [C72],72,47,0.9038461538461539,HK97-like,52
Autonotataviridae,Autonotataviridae [C67],67,29,1.0,picorna-like,29
Autoscriptoviridae,Autoscriptoviridae [C67],67,6,0.8571428571428571,picorna-like,7
Autosignataviridae,Autosignataviridae [C67],67,5,0.8333333333333334,picorna-like,6
Autotranscriptaviridae,Autotranscriptaviridae [C67],67,33,1.0,picorna-like,33
Bacilladnaviridae,Bacilladnaviridae [C8],8,14,1.0,NCLDV-like,14
Baculoviridae,Baculoviridae [C86],86,21,0.8076923076923077,HK97-like,26
Barnaviridae,Barnaviridae [C72],72,2,1.0,HK97-like,2
Bartogtaviriformidae,Bartogtaviriformidae [C81],81,1,1.0,HK97-like,1
Berryhillviridae,Berryhillviridae [C36],36,7,1.0,BTV-like,7
Birnaviridae,Birnaviridae [C3],3,1,1.0,picorna-like,1
Botourmiaviridae,Botourmiaviridae [C72],72,4,1.0,HK97-like,4
Brachygtaviriformidae,Brachygtaviriformidae [C5],5,1,1.0,HK97-like,1
Bromoviridae,Bromoviridae [C28],28,28,0.7777777777777778,HK97-like,36
Burtonviroviridae,Burtonviroviridae [C53],53,2,1.0,HK97-like,2
Caliciviridae,Caliciviridae [C48],48,221,0.9285714285714286,HK97-like,238
Casidaviridae,Casidaviridae [C35],35,10,1.0,HK97-like,10
Casjensviridae,Casjensviridae [C5],5,57,1.0,HK97-like,57
Chaseviridae,Chaseviridae [C15],15,10,1.0,HK97-like,10
Chimalliviridae,Chimalliviridae [C86],86,35,0.4430379746835443,HK97-like,79
Chrysoviridae,Chrysoviridae [C86],86,14,1.0,HK97-like,14
Circoviridae,Circoviridae [C41],41,354,0.9833333333333333,HK97-like,360
Closteroviridae,Closteroviridae [C86],86,8,0.8888888888888888,HK97-like,9
Colingsworthviridae,Colingsworthviridae [C77],77,3,0.6,picorna-like,5
Connertonviridae,Connertonviridae [C26],26,8,1.0,HK97-like,8
Corticoviridae,Corticoviridae [C56],56,2,1.0,HK97-like,2
Crevaviridae,Crevaviridae [C55],55,3,1.0,HK97-like,3
Demerecviridae,Demerecviridae [C11],11,3,0.75,HK97-like,4
Dicistroviridae,Dicistroviridae [C48],48,4,1.0,HK97-like,4
Draupnirviridae,Draupnirviridae [C28],28,5,0.5555555555555556,HK97-like,9
Drexlerviridae,Drexlerviridae [C15],15,24,0.9230769230769231,HK97-like,26
Duneviridae,Duneviridae [C86],86,1,1.0,HK97-like,1
Ehrlichviridae,Ehrlichviridae [C36],36,5,1.0,BTV-like,5
Ekchuahviridae,Ekchuahviridae [C39],39,2,1.0,HK97-like,2
Fiersviridae,Fiersviridae [C79],79,131,1.0,picorna-like,131
Filoviridae,Filoviridae [C86],86,1,1.0,HK97-like,1
Fimoviridae,Fimoviridae [C86],86,5,1.0,HK97-like,5
Finnlakeviridae,Finnlakeviridae [C56],56,1,1.0,HK97-like,1
Forsetiviridae,Forsetiviridae [C69],69,1,1.0,HK97-like,1
Fredfastierviridae,Fredfastierviridae [C22],22,1,1.0,HK97-like,1
Gandrviridae,Gandrviridae [C8],8,1,1.0,NCLDV-like,1
Geminiviridae,Geminiviridae [C28],28,897,1.0,HK97-like,897
Genomoviridae,Genomoviridae [C66],66,191,0.9896373056994818,HK97-like,193
Geplanaviridae,Geplanaviridae [C16],16,6,0.75,HK97-like,8
Giardiaviridae,Giardiaviridae [C86],86,2,1.0,HK97-like,2
Graaviviridae,Graaviviridae [C14],14,2,1.0,HK97-like,2
Grimontviridae,Grimontviridae [C45],45,17,1.0,Circoviridae-like,17
Guelinviridae,Guelinviridae [C46],46,7,1.0,HK97-like,7
Hafunaviridae,Hafunaviridae [C36],36,2,0.6666666666666666,BTV-like,3
Haloferuviridae,Haloferuviridae [C39],39,3,1.0,HK97-like,3
Halomagnusviridae,Halomagnusviridae [C68],68,1,1.0,HK97-like,1
Hepeviridae,Hepeviridae [C59],59,1,1.0,HK97-like,1
Herelleviridae,Herelleviridae [C42],42,130,0.948905109489051,HK97-like,137
Hodgkinviridae,Hodgkinviridae [C20],20,2,0.6666666666666666,HK97-like,3
Hytrosaviridae,Hytrosaviridae [C86],86,1,1.0,HK97-like,1
Iflaviridae,Iflaviridae [C48],48,3,1.0,HK97-like,3
Inoviridae,Inoviridae [C0],0,27,0.9642857142857143,HK97-like,28
Intestiviridae,Intestiviridae [C55],55,14,0.9333333333333333,HK97-like,15
Iridoviridae,Iridoviridae [C30],30,49,0.8448275862068966,HK97-like,58
Jeanschmidtviridae,Jeanschmidtviridae [C44],44,7,1.0,HK97-like,7
Kanorauviridae,Kanorauviridae [C16],16,8,0.4444444444444444,HK97-like,18
Kleczkowskaviridae,Kleczkowskaviridae [C65],65,1,1.0,HK97-like,1
Kruegerviridae,Kruegerviridae [C35],35,1,1.0,HK97-like,1
Kyanoviridae,Kyanoviridae [C26],26,94,0.9690721649484536,HK97-like,97
Lindbergviridae,Lindbergviridae [C15],15,4,0.8,HK97-like,5
Lipothrixviridae,Lipothrixviridae [C84],84,3,1.0,HK97-like,3
Madisaviridae,Madisaviridae [C34],34,1,1.0,NCLDV-like,1
Madridviridae,Madridviridae [C46],46,1,1.0,HK97-like,1
Malacoherpesviridae,Malacoherpesviridae [C86],86,6,1.0,HK97-like,6
Mamonoviridae,Mamonoviridae [C30],30,3,1.0,HK97-like,3
Marseilleviridae,Marseilleviridae [C30],30,12,0.41379310344827586,HK97-like,29
Mesomimiviridae,Mesomimiviridae [C30],30,3,1.0,HK97-like,3
Mesyanzhinovviridae,Mesyanzhinovviridae [C44],44,5,1.0,HK97-like,5
Microviridae,Microviridae [C1],1,867,0.993127147766323,HK97-like,873
Mimiviridae,Mimiviridae [C30],30,191,0.8377192982456141,HK97-like,228
Molycolviridae,Molycolviridae [C65],65,1,1.0,HK97-like,1
Mtkvariviridae,Mtkvariviridae [C45],45,20,1.0,Circoviridae-like,20
Nairoviridae,Nairoviridae [C86],86,1,1.0,HK97-like,1
Nanoviridae,Nanoviridae [C28],28,35,1.0,HK97-like,35
Narnaviridae,Narnaviridae [C72],72,1,1.0,HK97-like,1
Naryaviridae,Naryaviridae [C28],28,2,1.0,HK97-like,2
Nenyaviridae,Nenyaviridae [C41],41,10,1.0,HK97-like,10
Nixviridae,Nixviridae [C19],19,3,0.75,micro-like,4
Nodaviridae,Nodaviridae [C8],8,10,0.5,NCLDV-like,20
Noraviridae,Noraviridae [C48],48,1,1.0,HK97-like,1
Nudiviridae,Nudiviridae [C28],28,1,0.5,HK97-like,2
Nyamiviridae,Nyamiviridae [C86],86,1,1.0,HK97-like,1
Omnilimnoviroviridae,Omnilimnoviroviridae [C53],53,1,1.0,HK97-like,1
Orpheoviridae,Orpheoviridae [C75],75,1,1.0,BTV-like,1
Orthoherpesviridae,Orthoherpesviridae [C86],86,80,0.9523809523809523,HK97-like,84
Orthototiviridae,Orthototiviridae [C86],86,18,1.0,HK97-like,18
Ouroboviridae,Ouroboviridae [C27],27,3,0.6,HK97-like,5
Papillomaviridae,Papillomaviridae [C83],83,150,0.9933774834437086,HK97-like,151
Paramyxoviridae,Paramyxoviridae [C86],86,7,1.0,HK97-like,7
Parnassusviridae,Parnassusviridae [C56],56,1,1.0,HK97-like,1
Partitiviridae,Partitiviridae [C86],86,34,1.0,HK97-like,34
Parvoviridae,Parvoviridae [C41],41,16,0.5517241379310345,HK97-like,29
Pecoviridae,Pecoviridae [C41],41,1,1.0,HK97-like,1
Peduoviridae,Peduoviridae [C14],14,107,0.14965034965034965,HK97-like,715
Permutotetraviridae,Permutotetraviridae [C72],72,1,1.0,HK97-like,1
Pervagoviridae,Pervagoviridae [C55],55,1,1.0,HK97-like,1
Phenuiviridae,Phenuiviridae [C86],86,2,1.0,HK97-like,2
Phycodnaviridae,Phycodnaviridae [C30],30,106,0.954954954954955,HK97-like,111
Phypoliviridae,Phypoliviridae [C75],75,2,1.0,BTV-like,2
Picobirnaviridae,Picobirnaviridae [C86],86,5,1.0,HK97-like,5
Picornaviridae,Picornaviridae [C48],48,114,0.926829268292683,HK97-like,123
Polycipiviridae,Polycipiviridae [C48],48,7,0.875,HK97-like,8
Polydnaviriformidae,Polydnaviriformidae [C83],83,1,1.0,HK97-like,1
Polyomaviridae,Polyomaviridae [C83],83,3,0.6,HK97-like,5
Pootjesviridae,Pootjesviridae [C26],26,8,1.0,HK97-like,8
Poxviridae,Poxviridae [C86],86,2,0.6666666666666666,HK97-like,3
Pseudototiviridae,Pseudototiviridae [C86],86,34,1.0,HK97-like,34
Pyrstoviridae,Pyrstoviridae [C15],15,1,1.0,HK97-like,1
Rhodogtaviriformidae,Rhodogtaviriformidae [C57],57,4,1.0,NCLDV-like,4
Rountreeviridae,Rountreeviridae [C46],46,10,1.0,HK97-like,10
Rudiviridae,Rudiviridae [C86],86,1,1.0,HK97-like,1
Saffermanviridae,Saffermanviridae [C67],67,1,1.0,picorna-like,1
Salasmaviridae,Salasmaviridae [C37],37,18,0.9473684210526315,HK97-like,19
Saparoviridae,Saparoviridae [C44],44,2,1.0,HK97-like,2
Sarkviridae,Sarkviridae [C61],61,45,1.0,HK97-like,45
Schitoviridae,Schitoviridae [C25],25,130,1.0,HK97-like,130
Schizomimiviridae,Schizomimiviridae [C30],30,9,1.0,HK97-like,9
Secoviridae,Secoviridae [C48],48,12,1.0,HK97-like,12
Sedoreoviridae,Sedoreoviridae [C17],17,312,0.6081871345029239,HK97-like,513
Simuloviridae,Simuloviridae [C84],84,3,1.0,HK97-like,3
Sinhaliviridae,Sinhaliviridae [C4],4,8,1.0,micro-like,8
Skuldviridae,Skuldviridae [C56],56,2,1.0,HK97-like,2
Smacoviridae,Smacoviridae [C41],41,1,1.0,HK97-like,1
Soleiviridae,Soleiviridae [C34],34,1,1.0,NCLDV-like,1
Solemoviridae,Solemoviridae [C72],72,136,0.9855072463768116,HK97-like,138
Solinviviridae,Solinviviridae [C73],73,1,0.5,HK97-like,2
Solspiviridae,Solspiviridae [C79],79,5,0.8333333333333334,picorna-like,6
Spinareoviridae,Spinareoviridae [C86],86,52,0.8666666666666667,HK97-like,60
Sputniviroviridae,Sputniviroviridae [C53],53,2,1.0,HK97-like,2
Stanwilliamsviridae,Stanwilliamsviridae [C14],14,26,1.0,HK97-like,26
Steigviridae,Steigviridae [C55],55,14,0.875,HK97-like,16
Steitzviridae,Steitzviridae [C79],79,54,0.9642857142857143,picorna-like,56
Straboviridae,Straboviridae [C26],26,314,0.9843260188087775,HK97-like,319
Suolaviridae,Suolaviridae [C44],44,1,1.0,HK97-like,1
Suoliviridae,Suoliviridae [C55],55,13,0.8666666666666667,HK97-like,15
Tectiviridae,Tectiviridae [C56],56,9,1.0,HK97-like,9
Thaspiviridae,Thaspiviridae [C56],56,1,1.0,HK97-like,1
Tombusviridae,Tombusviridae [C62],62,56,0.417910447761194,HK97-like,134
Tomosaviridae,Tomosaviridae [C28],28,1,1.0,HK97-like,1
Tonesaviridae,Tonesaviridae [C28],28,3,1.0,HK97-like,3
Trautnerviridae,Trautnerviridae [C61],61,9,1.0,HK97-like,9
Turriviridae,Turriviridae [C56],56,1,1.0,HK97-like,1
Unclassified_Autographivirales,Unclassified_Autographivirales [C67],67,7,1.0,picorna-like,7
Unclassified_Caudoviricetes,Unclassified_Caudoviricetes [C11],11,76,0.13768115942028986,HK97-like,552
Unclassified_Leviviricetes,Unclassified_Leviviricetes [C79],79,1,1.0,picorna-like,1
Usuviridae,Usuviridae [C14],14,1,1.0,HK97-like,1
Vandenendeviridae,Vandenendeviridae [C5],5,2,1.0,HK97-like,2
Verdandiviridae,Verdandiviridae [C44],44,3,1.0,HK97-like,3
Vertoviridae,Vertoviridae [C14],14,2,0.6666666666666666,HK97-like,3
Vilyaviridae,Vilyaviridae [C41],41,46,1.0,HK97-like,46
Yaraviridae,Yaraviridae [C30],30,2,1.0,HK97-like,2
Yueviridae,Yueviridae [C72],72,19,0.4222222222222222,HK97-like,45
Zierdtviridae,Zierdtviridae [C5],5,9,1.0,HK97-like,9
Zobellviridae,Zobellviridae [C45],45,1,0.5,Circoviridae-like,2
