node_id,parent_id,rank,label,path,depth,n_sequences,n_children,n_leaf_descendants,top_level,is_leaf
root,,Root,All mapped non-noise taxonomy,,0,8447,5,186,All mapped non-noise taxonomy,0
Duplodnaviria,root,Realm,Duplodnaviria,Duplodnaviria,1,2817,1,76,Duplodnaviria,0
Monodnaviria,root,Realm,Monodnaviria,Monodnaviria,1,2923,3,24,Monodnaviria,0
Other_Realm,root,Realm,Other_Realm,Other_Realm,1,462,4,12,Other_Realm,0
Riboviria,root,Realm,Riboviria,Riboviria,1,1751,2,48,Riboviria,0
Varidnaviria,root,Realm,Varidnaviria,Varidnaviria,1,494,2,26,Varidnaviria,0
Duplodnaviria|Heunggongvirae,Duplodnaviria,Kingdom,Heunggongvirae,Duplodnaviria > Heunggongvirae,2,2817,2,76,Duplodnaviria,0
Monodnaviria|Loebvirae,Monodnaviria,Kingdom,Loebvirae,Monodnaviria > Loebvirae,2,28,1,1,Monodnaviria,0
Monodnaviria|Sangervirae,Monodnaviria,Kingdom,Sangervirae,Monodnaviria > Sangervirae,2,873,1,1,Monodnaviria,0
Monodnaviria|Shotokuvirae,Monodnaviria,Kingdom,Shotokuvirae,Monodnaviria > Shotokuvirae,2,2022,3,22,Monodnaviria,0
Other_Realm|Helvetiavirae,Other_Realm,Kingdom,Helvetiavirae,Other_Realm > Helvetiavirae,2,3,1,1,Other_Realm,0
Other_Realm|Unassigned_Kingdom,Other_Realm,Kingdom,Unassigned_Kingdom,Other_Realm > Unassigned_Kingdom,2,426,1,6,Other_Realm,0
Other_Realm|Unclassified_Unknown,Other_Realm,Kingdom,Unclassified_Unknown,Other_Realm > Unclassified_Unknown,2,29,1,3,Other_Realm,0
Other_Realm|Zilligvirae,Other_Realm,Kingdom,Zilligvirae,Other_Realm > Zilligvirae,2,4,1,2,Other_Realm,0
Riboviria|Orthornavirae,Riboviria,Kingdom,Orthornavirae,Riboviria > Orthornavirae,2,1747,6,46,Riboviria,0
Riboviria|Unclassified_Riboviria,Riboviria,Kingdom,Unclassified_Riboviria,Riboviria > Unclassified_Riboviria,2,4,1,2,Riboviria,0
Varidnaviria|Abadenavirae,Varidnaviria,Kingdom,Abadenavirae,Varidnaviria > Abadenavirae,2,8,1,6,Varidnaviria,0
Varidnaviria|Bamfordvirae,Varidnaviria,Kingdom,Bamfordvirae,Varidnaviria > Bamfordvirae,2,486,2,20,Varidnaviria,0
Duplodnaviria|Heunggongvirae|Peploviricota,Duplodnaviria|Heunggongvirae,Phylum,Peploviricota,Duplodnaviria > Heunggongvirae > Peploviricota,3,112,1,3,Duplodnaviria,0
Duplodnaviria|Heunggongvirae|Uroviricota,Duplodnaviria|Heunggongvirae,Phylum,Uroviricota,Duplodnaviria > Heunggongvirae > Uroviricota,3,2705,1,73,Duplodnaviria,0
Monodnaviria|Loebvirae|Hofneiviricota,Monodnaviria|Loebvirae,Phylum,Hofneiviricota,Monodnaviria > Loebvirae > Hofneiviricota,3,28,1,1,Monodnaviria,0
Monodnaviria|Sangervirae|Phixviricota,Monodnaviria|Sangervirae,Phylum,Phixviricota,Monodnaviria > Sangervirae > Phixviricota,3,873,1,1,Monodnaviria,0
Monodnaviria|Shotokuvirae|Commensaviricota,Monodnaviria|Shotokuvirae,Phylum,Commensaviricota,Monodnaviria > Shotokuvirae > Commensaviricota,3,217,1,1,Monodnaviria,0
Monodnaviria|Shotokuvirae|Cossaviricota,Monodnaviria|Shotokuvirae,Phylum,Cossaviricota,Monodnaviria > Shotokuvirae > Cossaviricota,3,185,2,3,Monodnaviria,0
Monodnaviria|Shotokuvirae|Cressdnaviricota,Monodnaviria|Shotokuvirae,Phylum,Cressdnaviricota,Monodnaviria > Shotokuvirae > Cressdnaviricota,3,1620,2,18,Monodnaviria,0
Other_Realm|Helvetiavirae|Dividoviricota,Other_Realm|Helvetiavirae,Phylum,Dividoviricota,Other_Realm > Helvetiavirae > Dividoviricota,3,3,1,1,Other_Realm,0
Other_Realm|Unassigned_Kingdom|Unassigned_Phylum,Other_Realm|Unassigned_Kingdom,Phylum,Unassigned_Phylum,Other_Realm > Unassigned_Kingdom > Unassigned_Phylum,3,426,1,6,Other_Realm,0
Other_Realm|Unclassified_Unknown|Unclassified_Unknown,Other_Realm|Unclassified_Unknown,Phylum,Unclassified_Unknown,Other_Realm > Unclassified_Unknown > Unclassified_Unknown,3,29,1,3,Other_Realm,0
Other_Realm|Zilligvirae|Taleaviricota,Other_Realm|Zilligvirae,Phylum,Taleaviricota,Other_Realm > Zilligvirae > Taleaviricota,3,4,1,2,Other_Realm,0
Riboviria|Orthornavirae|Duplornaviricota,Riboviria|Orthornavirae,Phylum,Duplornaviricota,Riboviria > Orthornavirae > Duplornaviricota,3,642,2,7,Riboviria,0
Riboviria|Orthornavirae|Kitrinoviricota,Riboviria|Orthornavirae,Phylum,Kitrinoviricota,Riboviria > Orthornavirae > Kitrinoviricota,3,210,3,7,Riboviria,0
Riboviria|Orthornavirae|Lenarviricota,Riboviria|Orthornavirae,Phylum,Lenarviricota,Riboviria > Orthornavirae > Lenarviricota,3,199,3,6,Riboviria,0
Riboviria|Orthornavirae|Negarnaviricota,Riboviria|Orthornavirae,Phylum,Negarnaviricota,Riboviria > Orthornavirae > Negarnaviricota,3,65,3,8,Riboviria,0
Riboviria|Orthornavirae|Pisuviricota,Riboviria|Orthornavirae,Phylum,Pisuviricota,Riboviria > Orthornavirae > Pisuviricota,3,629,3,16,Riboviria,0
Riboviria|Orthornavirae|Unassigned_Phylum,Riboviria|Orthornavirae,Phylum,Unassigned_Phylum,Riboviria > Orthornavirae > Unassigned_Phylum,3,2,1,2,Riboviria,0
Riboviria|Unclassified_Riboviria|Unclassified_Riboviria,Riboviria|Unclassified_Riboviria,Phylum,Unclassified_Riboviria,Riboviria > Unclassified_Riboviria > Unclassified_Riboviria,3,4,1,2,Riboviria,0
Varidnaviria|Abadenavirae|Produgelaviricota,Varidnaviria|Abadenavirae,Phylum,Produgelaviricota,Varidnaviria > Abadenavirae > Produgelaviricota,3,8,2,6,Varidnaviria,0
Varidnaviria|Bamfordvirae|Nucleocytoviricota,Varidnaviria|Bamfordvirae,Phylum,Nucleocytoviricota,Varidnaviria > Bamfordvirae > Nucleocytoviricota,3,462,3,14,Varidnaviria,0
Varidnaviria|Bamfordvirae|Preplasmiviricota,Varidnaviria|Bamfordvirae,Phylum,Preplasmiviricota,Varidnaviria > Bamfordvirae > Preplasmiviricota,3,24,4,6,Varidnaviria,0
Duplodnaviria|Heunggongvirae|Peploviricota|Herviviricetes,Duplodnaviria|Heunggongvirae|Peploviricota,Class,Herviviricetes,Duplodnaviria > Heunggongvirae > Peploviricota > Herviviricetes,4,112,1,3,Duplodnaviria,0
Duplodnaviria|Heunggongvirae|Uroviricota|Caudoviricetes,Duplodnaviria|Heunggongvirae|Uroviricota,Class,Caudoviricetes,Duplodnaviria > Heunggongvirae > Uroviricota > Caudoviricetes,4,2705,10,73,Duplodnaviria,0
Monodnaviria|Loebvirae|Hofneiviricota|Faserviricetes,Monodnaviria|Loebvirae|Hofneiviricota,Class,Faserviricetes,Monodnaviria > Loebvirae > Hofneiviricota > Faserviricetes,4,28,1,1,Monodnaviria,0
Monodnaviria|Sangervirae|Phixviricota|Malgrandaviricetes,Monodnaviria|Sangervirae|Phixviricota,Class,Malgrandaviricetes,Monodnaviria > Sangervirae > Phixviricota > Malgrandaviricetes,4,873,1,1,Monodnaviria,0
Monodnaviria|Shotokuvirae|Commensaviricota|Cardeaviricetes,Monodnaviria|Shotokuvirae|Commensaviricota,Class,Cardeaviricetes,Monodnaviria > Shotokuvirae > Commensaviricota > Cardeaviricetes,4,217,1,1,Monodnaviria,0
Monodnaviria|Shotokuvirae|Cossaviricota|Papovaviricetes,Monodnaviria|Shotokuvirae|Cossaviricota,Class,Papovaviricetes,Monodnaviria > Shotokuvirae > Cossaviricota > Papovaviricetes,4,156,2,2,Monodnaviria,0
Monodnaviria|Shotokuvirae|Cossaviricota|Quintoviricetes,Monodnaviria|Shotokuvirae|Cossaviricota,Class,Quintoviricetes,Monodnaviria > Shotokuvirae > Cossaviricota > Quintoviricetes,4,29,1,1,Monodnaviria,0
Monodnaviria|Shotokuvirae|Cressdnaviricota|Arfiviricetes,Monodnaviria|Shotokuvirae|Cressdnaviricota,Class,Arfiviricetes,Monodnaviria > Shotokuvirae > Cressdnaviricota > Arfiviricetes,4,522,10,15,Monodnaviria,0
Monodnaviria|Shotokuvirae|Cressdnaviricota|Repensiviricetes,Monodnaviria|Shotokuvirae|Cressdnaviricota,Class,Repensiviricetes,Monodnaviria > Shotokuvirae > Cressdnaviricota > Repensiviricetes,4,1098,1,3,Monodnaviria,0
Other_Realm|Helvetiavirae|Dividoviricota|Laserviricetes,Other_Realm|Helvetiavirae|Dividoviricota,Class,Laserviricetes,Other_Realm > Helvetiavirae > Dividoviricota > Laserviricetes,4,3,1,1,Other_Realm,0
Other_Realm|Unassigned_Kingdom|Unassigned_Phylum|Unassigned_Class,Other_Realm|Unassigned_Kingdom|Unassigned_Phylum,Class,Unassigned_Class,Other_Realm > Unassigned_Kingdom > Unassigned_Phylum > Unassigned_Class,4,426,1,6,Other_Realm,0
Other_Realm|Unclassified_Unknown|Unclassified_Unknown|Naldaviricetes,Other_Realm|Unclassified_Unknown|Unclassified_Unknown,Class,Naldaviricetes,Other_Realm > Unclassified_Unknown > Unclassified_Unknown > Naldaviricetes,4,29,1,3,Other_Realm,0
Other_Realm|Zilligvirae|Taleaviricota|Tokiviricetes,Other_Realm|Zilligvirae|Taleaviricota,Class,Tokiviricetes,Other_Realm > Zilligvirae > Taleaviricota > Tokiviricetes,4,4,1,2,Other_Realm,0
Riboviria|Orthornavirae|Duplornaviricota|Chrymotiviricetes,Riboviria|Orthornavirae|Duplornaviricota,Class,Chrymotiviricetes,Riboviria > Orthornavirae > Duplornaviricota > Chrymotiviricetes,4,69,1,5,Riboviria,0
Riboviria|Orthornavirae|Duplornaviricota|Resentoviricetes,Riboviria|Orthornavirae|Duplornaviricota,Class,Resentoviricetes,Riboviria > Orthornavirae > Duplornaviricota > Resentoviricetes,4,573,1,2,Riboviria,0
Riboviria|Orthornavirae|Kitrinoviricota|Alsuviricetes,Riboviria|Orthornavirae|Kitrinoviricota,Class,Alsuviricetes,Riboviria > Orthornavirae > Kitrinoviricota > Alsuviricetes,4,48,2,4,Riboviria,0
Riboviria|Orthornavirae|Kitrinoviricota|Magsaviricetes,Riboviria|Orthornavirae|Kitrinoviricota,Class,Magsaviricetes,Riboviria > Orthornavirae > Kitrinoviricota > Magsaviricetes,4,28,1,2,Riboviria,0
Riboviria|Orthornavirae|Kitrinoviricota|Tolucaviricetes,Riboviria|Orthornavirae|Kitrinoviricota,Class,Tolucaviricetes,Riboviria > Orthornavirae > Kitrinoviricota > Tolucaviricetes,4,134,1,1,Riboviria,0
Riboviria|Orthornavirae|Lenarviricota|Amabiliviricetes,Riboviria|Orthornavirae|Lenarviricota,Class,Amabiliviricetes,Riboviria > Orthornavirae > Lenarviricota > Amabiliviricetes,4,1,1,1,Riboviria,0
Riboviria|Orthornavirae|Lenarviricota|Leviviricetes,Riboviria|Orthornavirae|Lenarviricota,Class,Leviviricetes,Riboviria > Orthornavirae > Lenarviricota > Leviviricetes,4,194,3,4,Riboviria,0
Riboviria|Orthornavirae|Lenarviricota|Miaviricetes,Riboviria|Orthornavirae|Lenarviricota,Class,Miaviricetes,Riboviria > Orthornavirae > Lenarviricota > Miaviricetes,4,4,1,1,Riboviria,0
Riboviria|Orthornavirae|Negarnaviricota|Bunyaviricetes,Riboviria|Orthornavirae|Negarnaviricota,Class,Bunyaviricetes,Riboviria > Orthornavirae > Negarnaviricota > Bunyaviricetes,4,8,2,3,Riboviria,0
Riboviria|Orthornavirae|Negarnaviricota|Monjiviricetes,Riboviria|Orthornavirae|Negarnaviricota,Class,Monjiviricetes,Riboviria > Orthornavirae > Negarnaviricota > Monjiviricetes,4,12,2,4,Riboviria,0
Riboviria|Orthornavirae|Negarnaviricota|Yunchangviricetes,Riboviria|Orthornavirae|Negarnaviricota,Class,Yunchangviricetes,Riboviria > Orthornavirae > Negarnaviricota > Yunchangviricetes,4,45,1,1,Riboviria,0
Riboviria|Orthornavirae|Pisuviricota|Duplopiviricetes,Riboviria|Orthornavirae|Pisuviricota,Class,Duplopiviricetes,Riboviria > Orthornavirae > Pisuviricota > Duplopiviricetes,4,40,1,3,Riboviria,0
Riboviria|Orthornavirae|Pisuviricota|Pisoniviricetes,Riboviria|Orthornavirae|Pisuviricota,Class,Pisoniviricetes,Riboviria > Orthornavirae > Pisuviricota > Pisoniviricetes,4,537,3,12,Riboviria,0
Riboviria|Orthornavirae|Pisuviricota|Stelpaviricetes,Riboviria|Orthornavirae|Pisuviricota,Class,Stelpaviricetes,Riboviria > Orthornavirae > Pisuviricota > Stelpaviricetes,4,52,1,1,Riboviria,0
Riboviria|Orthornavirae|Unassigned_Phylum|Unassigned_Class,Riboviria|Orthornavirae|Unassigned_Phylum,Class,Unassigned_Class,Riboviria > Orthornavirae > Unassigned_Phylum > Unassigned_Class,4,2,1,2,Riboviria,0
Riboviria|Unclassified_Riboviria|Unclassified_Riboviria|Unclassified_Riboviria,Riboviria|Unclassified_Riboviria|Unclassified_Riboviria,Class,Unclassified_Riboviria,Riboviria > Unclassified_Riboviria > Unclassified_Riboviria > Unclassified_Riboviria,4,4,2,2,Riboviria,0
Varidnaviria|Abadenavirae|Produgelaviricota|Ainoaviricetes,Varidnaviria|Abadenavirae|Produgelaviricota,Class,Ainoaviricetes,Varidnaviria > Abadenavirae > Produgelaviricota > Ainoaviricetes,4,1,1,1,Varidnaviria,0
Varidnaviria|Abadenavirae|Produgelaviricota|Belvinaviricetes,Varidnaviria|Abadenavirae|Produgelaviricota,Class,Belvinaviricetes,Varidnaviria > Abadenavirae > Produgelaviricota > Belvinaviricetes,4,7,3,5,Varidnaviria,0
Varidnaviria|Bamfordvirae|Nucleocytoviricota|Megaviricetes,Varidnaviria|Bamfordvirae|Nucleocytoviricota,Class,Megaviricetes,Varidnaviria > Bamfordvirae > Nucleocytoviricota > Megaviricetes,4,454,4,10,Varidnaviria,0
Varidnaviria|Bamfordvirae|Nucleocytoviricota|Mriyaviricetes,Varidnaviria|Bamfordvirae|Nucleocytoviricota,Class,Mriyaviricetes,Varidnaviria > Bamfordvirae > Nucleocytoviricota > Mriyaviricetes,4,2,2,2,Varidnaviria,0
Varidnaviria|Bamfordvirae|Nucleocytoviricota|Pokkesviricetes,Varidnaviria|Bamfordvirae|Nucleocytoviricota,Class,Pokkesviricetes,Varidnaviria > Bamfordvirae > Nucleocytoviricota > Pokkesviricetes,4,6,2,2,Varidnaviria,0
Varidnaviria|Bamfordvirae|Preplasmiviricota|Aquintoviricetes,Varidnaviria|Bamfordvirae|Preplasmiviricota,Class,Aquintoviricetes,Varidnaviria > Bamfordvirae > Preplasmiviricota > Aquintoviricetes,4,2,1,1,Varidnaviria,0
Varidnaviria|Bamfordvirae|Preplasmiviricota|Pharingeaviricetes,Varidnaviria|Bamfordvirae|Preplasmiviricota,Class,Pharingeaviricetes,Varidnaviria > Bamfordvirae > Preplasmiviricota > Pharingeaviricetes,4,8,1,1,Varidnaviria,0
Varidnaviria|Bamfordvirae|Preplasmiviricota|Tectiliviricetes,Varidnaviria|Bamfordvirae|Preplasmiviricota,Class,Tectiliviricetes,Varidnaviria > Bamfordvirae > Preplasmiviricota > Tectiliviricetes,4,9,1,1,Varidnaviria,0
Varidnaviria|Bamfordvirae|Preplasmiviricota|Virophaviricetes,Varidnaviria|Bamfordvirae|Preplasmiviricota,Class,Virophaviricetes,Varidnaviria > Bamfordvirae > Preplasmiviricota > Virophaviricetes,4,5,2,3,Varidnaviria,0
Duplodnaviria|Heunggongvirae|Peploviricota|Herviviricetes|Herpesvirales,Duplodnaviria|Heunggongvirae|Peploviricota|Herviviricetes,Order,Herpesvirales,Duplodnaviria > Heunggongvirae > Peploviricota > Herviviricetes > Herpesvirales,5,112,3,3,Duplodnaviria,0
Duplodnaviria|Heunggongvirae|Uroviricota|Caudoviricetes|Autographivirales,Duplodnaviria|Heunggongvirae|Uroviricota|Caudoviricetes,Order,Autographivirales,Duplodnaviria > Heunggongvirae > Uroviricota > Caudoviricetes > Autographivirales,5,82,5,5,Duplodnaviria,0
Duplodnaviria|Heunggongvirae|Uroviricota|Caudoviricetes|Crassvirales,Duplodnaviria|Heunggongvirae|Uroviricota|Caudoviricetes,Order,Crassvirales,Duplodnaviria > Heunggongvirae > Uroviricota > Caudoviricetes > Crassvirales,5,49,4,4,Duplodnaviria,0
Duplodnaviria|Heunggongvirae|Uroviricota|Caudoviricetes|Kirjokansivirales,Duplodnaviria|Heunggongvirae|Uroviricota|Caudoviricetes,Order,Kirjokansivirales,Duplodnaviria > Heunggongvirae > Uroviricota > Caudoviricetes > Kirjokansivirales,5,6,3,3,Duplodnaviria,0
Duplodnaviria|Heunggongvirae|Uroviricota|Caudoviricetes|Magrovirales,Duplodnaviria|Heunggongvirae|Uroviricota|Caudoviricetes,Order,Magrovirales,Duplodnaviria > Heunggongvirae > Uroviricota > Caudoviricetes > Magrovirales,5,2,1,1,Duplodnaviria,0
Duplodnaviria|Heunggongvirae|Uroviricota|Caudoviricetes|Methanobavirales,Duplodnaviria|Heunggongvirae|Uroviricota|Caudoviricetes,Order,Methanobavirales,Duplodnaviria > Heunggongvirae > Uroviricota > Caudoviricetes > Methanobavirales,5,1,1,1,Duplodnaviria,0
Duplodnaviria|Heunggongvirae|Uroviricota|Caudoviricetes|Nakonvirales,Duplodnaviria|Heunggongvirae|Uroviricota|Caudoviricetes,Order,Nakonvirales,Duplodnaviria > Heunggongvirae > Uroviricota > Caudoviricetes > Nakonvirales,5,2,1,1,Duplodnaviria,0
Duplodnaviria|Heunggongvirae|Uroviricota|Caudoviricetes|Pantevenvirales,Duplodnaviria|Heunggongvirae|Uroviricota|Caudoviricetes,Order,Pantevenvirales,Duplodnaviria > Heunggongvirae > Uroviricota > Caudoviricetes > Pantevenvirales,5,492,3,3,Duplodnaviria,0
Duplodnaviria|Heunggongvirae|Uroviricota|Caudoviricetes|Thumleimavirales,Duplodnaviria|Heunggongvirae|Uroviricota|Caudoviricetes,Order,Thumleimavirales,Duplodnaviria > Heunggongvirae > Uroviricota > Caudoviricetes > Thumleimavirales,5,5,3,3,Duplodnaviria,0
Duplodnaviria|Heunggongvirae|Uroviricota|Caudoviricetes|Unassigned_Order,Duplodnaviria|Heunggongvirae|Uroviricota|Caudoviricetes,Order,Unassigned_Order,Duplodnaviria > Heunggongvirae > Uroviricota > Caudoviricetes > Unassigned_Order,5,5,1,1,Duplodnaviria,0
Duplodnaviria|Heunggongvirae|Uroviricota|Caudoviricetes|Unclassified_Caudoviricetes,Duplodnaviria|Heunggongvirae|Uroviricota|Caudoviricetes,Order,Unclassified_Caudoviricetes,Duplodnaviria > Heunggongvirae > Uroviricota > Caudoviricetes > Unclassified_Caudoviricetes,5,2061,51,51,Duplodnaviria,0
Monodnaviria|Loebvirae|Hofneiviricota|Faserviricetes|Tubulavirales,Monodnaviria|Loebvirae|Hofneiviricota|Faserviricetes,Order,Tubulavirales,Monodnaviria > Loebvirae > Hofneiviricota > Faserviricetes > Tubulavirales,5,28,1,1,Monodnaviria,0
Monodnaviria|Sangervirae|Phixviricota|Malgrandaviricetes|Petitvirales,Monodnaviria|Sangervirae|Phixviricota|Malgrandaviricetes,Order,Petitvirales,Monodnaviria > Sangervirae > Phixviricota > Malgrandaviricetes > Petitvirales,5,873,1,1,Monodnaviria,0
Monodnaviria|Shotokuvirae|Commensaviricota|Cardeaviricetes|Sanitavirales,Monodnaviria|Shotokuvirae|Commensaviricota|Cardeaviricetes,Order,Sanitavirales,Monodnaviria > Shotokuvirae > Commensaviricota > Cardeaviricetes > Sanitavirales,5,217,1,1,Monodnaviria,0
Monodnaviria|Shotokuvirae|Cossaviricota|Papovaviricetes|Sepolyvirales,Monodnaviria|Shotokuvirae|Cossaviricota|Papovaviricetes,Order,Sepolyvirales,Monodnaviria > Shotokuvirae > Cossaviricota > Papovaviricetes > Sepolyvirales,5,5,1,1,Monodnaviria,0
Monodnaviria|Shotokuvirae|Cossaviricota|Papovaviricetes|Zurhausenvirales,Monodnaviria|Shotokuvirae|Cossaviricota|Papovaviricetes,Order,Zurhausenvirales,Monodnaviria > Shotokuvirae > Cossaviricota > Papovaviricetes > Zurhausenvirales,5,151,1,1,Monodnaviria,0
Monodnaviria|Shotokuvirae|Cossaviricota|Quintoviricetes|Piccovirales,Monodnaviria|Shotokuvirae|Cossaviricota|Quintoviricetes,Order,Piccovirales,Monodnaviria > Shotokuvirae > Cossaviricota > Quintoviricetes > Piccovirales,5,29,1,1,Monodnaviria,0
Monodnaviria|Shotokuvirae|Cressdnaviricota|Arfiviricetes|Baphyvirales,Monodnaviria|Shotokuvirae|Cressdnaviricota|Arfiviricetes,Order,Baphyvirales,Monodnaviria > Shotokuvirae > Cressdnaviricota > Arfiviricetes > Baphyvirales,5,14,1,1,Monodnaviria,0
Monodnaviria|Shotokuvirae|Cressdnaviricota|Arfiviricetes|Cirlivirales,Monodnaviria|Shotokuvirae|Cressdnaviricota|Arfiviricetes,Order,Cirlivirales,Monodnaviria > Shotokuvirae > Cressdnaviricota > Arfiviricetes > Cirlivirales,5,406,2,2,Monodnaviria,0
Monodnaviria|Shotokuvirae|Cressdnaviricota|Arfiviricetes|Cremevirales,Monodnaviria|Shotokuvirae|Cressdnaviricota|Arfiviricetes,Order,Cremevirales,Monodnaviria > Shotokuvirae > Cressdnaviricota > Arfiviricetes > Cremevirales,5,1,1,1,Monodnaviria,0
Monodnaviria|Shotokuvirae|Cressdnaviricota|Arfiviricetes|Gredzevirales,Monodnaviria|Shotokuvirae|Cressdnaviricota|Arfiviricetes,Order,Gredzevirales,Monodnaviria > Shotokuvirae > Cressdnaviricota > Arfiviricetes > Gredzevirales,5,6,2,2,Monodnaviria,0
Monodnaviria|Shotokuvirae|Cressdnaviricota|Arfiviricetes|Jormunvirales,Monodnaviria|Shotokuvirae|Cressdnaviricota|Arfiviricetes,Order,Jormunvirales,Monodnaviria > Shotokuvirae > Cressdnaviricota > Arfiviricetes > Jormunvirales,5,9,1,1,Monodnaviria,0
Monodnaviria|Shotokuvirae|Cressdnaviricota|Arfiviricetes|Mulpavirales,Monodnaviria|Shotokuvirae|Cressdnaviricota|Arfiviricetes,Order,Mulpavirales,Monodnaviria > Shotokuvirae > Cressdnaviricota > Arfiviricetes > Mulpavirales,5,42,3,3,Monodnaviria,0
Monodnaviria|Shotokuvirae|Cressdnaviricota|Arfiviricetes|Ringavirales,Monodnaviria|Shotokuvirae|Cressdnaviricota|Arfiviricetes,Order,Ringavirales,Monodnaviria > Shotokuvirae > Cressdnaviricota > Arfiviricetes > Ringavirales,5,1,1,1,Monodnaviria,0
Monodnaviria|Shotokuvirae|Cressdnaviricota|Arfiviricetes|Rivendellvirales,Monodnaviria|Shotokuvirae|Cressdnaviricota|Arfiviricetes,Order,Rivendellvirales,Monodnaviria > Shotokuvirae > Cressdnaviricota > Arfiviricetes > Rivendellvirales,5,2,1,1,Monodnaviria,0
Monodnaviria|Shotokuvirae|Cressdnaviricota|Arfiviricetes|Rohanvirales,Monodnaviria|Shotokuvirae|Cressdnaviricota|Arfiviricetes,Order,Rohanvirales,Monodnaviria > Shotokuvirae > Cressdnaviricota > Arfiviricetes > Rohanvirales,5,23,2,2,Monodnaviria,0
Monodnaviria|Shotokuvirae|Cressdnaviricota|Arfiviricetes|Saturnivirales,Monodnaviria|Shotokuvirae|Cressdnaviricota|Arfiviricetes,Order,Saturnivirales,Monodnaviria > Shotokuvirae > Cressdnaviricota > Arfiviricetes > Saturnivirales,5,18,1,1,Monodnaviria,0
Monodnaviria|Shotokuvirae|Cressdnaviricota|Repensiviricetes|Geplafuvirales,Monodnaviria|Shotokuvirae|Cressdnaviricota|Repensiviricetes,Order,Geplafuvirales,Monodnaviria > Shotokuvirae > Cressdnaviricota > Repensiviricetes > Geplafuvirales,5,1098,3,3,Monodnaviria,0
Other_Realm|Helvetiavirae|Dividoviricota|Laserviricetes|Halopanivirales,Other_Realm|Helvetiavirae|Dividoviricota|Laserviricetes,Order,Halopanivirales,Other_Realm > Helvetiavirae > Dividoviricota > Laserviricetes > Halopanivirales,5,3,1,1,Other_Realm,0
Other_Realm|Unassigned_Kingdom|Unassigned_Phylum|Unassigned_Class|Unassigned_Order,Other_Realm|Unassigned_Kingdom|Unassigned_Phylum|Unassigned_Class,Order,Unassigned_Order,Other_Realm > Unassigned_Kingdom > Unassigned_Phylum > Unassigned_Class > Unassigned_Order,5,426,6,6,Other_Realm,0
Other_Realm|Unclassified_Unknown|Unclassified_Unknown|Naldaviricetes|Lefavirales,Other_Realm|Unclassified_Unknown|Unclassified_Unknown|Naldaviricetes,Order,Lefavirales,Other_Realm > Unclassified_Unknown > Unclassified_Unknown > Naldaviricetes > Lefavirales,5,29,3,3,Other_Realm,0
Other_Realm|Zilligvirae|Taleaviricota|Tokiviricetes|Ligamenvirales,Other_Realm|Zilligvirae|Taleaviricota|Tokiviricetes,Order,Ligamenvirales,Other_Realm > Zilligvirae > Taleaviricota > Tokiviricetes > Ligamenvirales,5,4,2,2,Other_Realm,0
Riboviria|Orthornavirae|Duplornaviricota|Chrymotiviricetes|Ghabrivirales,Riboviria|Orthornavirae|Duplornaviricota|Chrymotiviricetes,Order,Ghabrivirales,Riboviria > Orthornavirae > Duplornaviricota > Chrymotiviricetes > Ghabrivirales,5,69,5,5,Riboviria,0
Riboviria|Orthornavirae|Duplornaviricota|Resentoviricetes|Reovirales,Riboviria|Orthornavirae|Duplornaviricota|Resentoviricetes,Order,Reovirales,Riboviria > Orthornavirae > Duplornaviricota > Resentoviricetes > Reovirales,5,573,2,2,Riboviria,0
Riboviria|Orthornavirae|Kitrinoviricota|Alsuviricetes|Hepelivirales,Riboviria|Orthornavirae|Kitrinoviricota|Alsuviricetes,Order,Hepelivirales,Riboviria > Orthornavirae > Kitrinoviricota > Alsuviricetes > Hepelivirales,5,3,2,2,Riboviria,0
Riboviria|Orthornavirae|Kitrinoviricota|Alsuviricetes|Martellivirales,Riboviria|Orthornavirae|Kitrinoviricota|Alsuviricetes,Order,Martellivirales,Riboviria > Orthornavirae > Kitrinoviricota > Alsuviricetes > Martellivirales,5,45,2,2,Riboviria,0
Riboviria|Orthornavirae|Kitrinoviricota|Magsaviricetes|Nodamuvirales,Riboviria|Orthornavirae|Kitrinoviricota|Magsaviricetes,Order,Nodamuvirales,Riboviria > Orthornavirae > Kitrinoviricota > Magsaviricetes > Nodamuvirales,5,28,2,2,Riboviria,0
Riboviria|Orthornavirae|Kitrinoviricota|Tolucaviricetes|Tolivirales,Riboviria|Orthornavirae|Kitrinoviricota|Tolucaviricetes,Order,Tolivirales,Riboviria > Orthornavirae > Kitrinoviricota > Tolucaviricetes > Tolivirales,5,134,1,1,Riboviria,0
Riboviria|Orthornavirae|Lenarviricota|Amabiliviricetes|Wolframvirales,Riboviria|Orthornavirae|Lenarviricota|Amabiliviricetes,Order,Wolframvirales,Riboviria > Orthornavirae > Lenarviricota > Amabiliviricetes > Wolframvirales,5,1,1,1,Riboviria,0
Riboviria|Orthornavirae|Lenarviricota|Leviviricetes|Norzivirales,Riboviria|Orthornavirae|Lenarviricota|Leviviricetes,Order,Norzivirales,Riboviria > Orthornavirae > Lenarviricota > Leviviricetes > Norzivirales,5,137,2,2,Riboviria,0
Riboviria|Orthornavirae|Lenarviricota|Leviviricetes|Timlovirales,Riboviria|Orthornavirae|Lenarviricota|Leviviricetes,Order,Timlovirales,Riboviria > Orthornavirae > Lenarviricota > Leviviricetes > Timlovirales,5,56,1,1,Riboviria,0
Riboviria|Orthornavirae|Lenarviricota|Leviviricetes|Unclassified_Leviviricetes,Riboviria|Orthornavirae|Lenarviricota|Leviviricetes,Order,Unclassified_Leviviricetes,Riboviria > Orthornavirae > Lenarviricota > Leviviricetes > Unclassified_Leviviricetes,5,1,1,1,Riboviria,0
Riboviria|Orthornavirae|Lenarviricota|Miaviricetes|Ourlivirales,Riboviria|Orthornavirae|Lenarviricota|Miaviricetes,Order,Ourlivirales,Riboviria > Orthornavirae > Lenarviricota > Miaviricetes > Ourlivirales,5,4,1,1,Riboviria,0
Riboviria|Orthornavirae|Negarnaviricota|Bunyaviricetes|Elliovirales,Riboviria|Orthornavirae|Negarnaviricota|Bunyaviricetes,Order,Elliovirales,Riboviria > Orthornavirae > Negarnaviricota > Bunyaviricetes > Elliovirales,5,5,1,1,Riboviria,0
Riboviria|Orthornavirae|Negarnaviricota|Bunyaviricetes|Hareavirales,Riboviria|Orthornavirae|Negarnaviricota|Bunyaviricetes,Order,Hareavirales,Riboviria > Orthornavirae > Negarnaviricota > Bunyaviricetes > Hareavirales,5,3,2,2,Riboviria,0
Riboviria|Orthornavirae|Negarnaviricota|Monjiviricetes|Jingchuvirales,Riboviria|Orthornavirae|Negarnaviricota|Monjiviricetes,Order,Jingchuvirales,Riboviria > Orthornavirae > Negarnaviricota > Monjiviricetes > Jingchuvirales,5,3,1,1,Riboviria,0
Riboviria|Orthornavirae|Negarnaviricota|Monjiviricetes|Mononegavirales,Riboviria|Orthornavirae|Negarnaviricota|Monjiviricetes,Order,Mononegavirales,Riboviria > Orthornavirae > Negarnaviricota > Monjiviricetes > Mononegavirales,5,9,3,3,Riboviria,0
Riboviria|Orthornavirae|Negarnaviricota|Yunchangviricetes|Goujianvirales,Riboviria|Orthornavirae|Negarnaviricota|Yunchangviricetes,Order,Goujianvirales,Riboviria > Orthornavirae > Negarnaviricota > Yunchangviricetes > Goujianvirales,5,45,1,1,Riboviria,0
Riboviria|Orthornavirae|Pisuviricota|Duplopiviricetes|Durnavirales,Riboviria|Orthornavirae|Pisuviricota|Duplopiviricetes,Order,Durnavirales,Riboviria > Orthornavirae > Pisuviricota > Duplopiviricetes > Durnavirales,5,40,3,3,Riboviria,0
Riboviria|Orthornavirae|Pisuviricota|Pisoniviricetes|Nidovirales,Riboviria|Orthornavirae|Pisuviricota|Pisoniviricetes,Order,Nidovirales,Riboviria > Orthornavirae > Pisuviricota > Pisoniviricetes > Nidovirales,5,3,1,1,Riboviria,0
Riboviria|Orthornavirae|Pisuviricota|Pisoniviricetes|Picornavirales,Riboviria|Orthornavirae|Pisuviricota|Pisoniviricetes,Order,Picornavirales,Riboviria > Orthornavirae > Pisuviricota > Pisoniviricetes > Picornavirales,5,391,8,8,Riboviria,0
Riboviria|Orthornavirae|Pisuviricota|Pisoniviricetes|Sobelivirales,Riboviria|Orthornavirae|Pisuviricota|Pisoniviricetes,Order,Sobelivirales,Riboviria > Orthornavirae > Pisuviricota > Pisoniviricetes > Sobelivirales,5,143,3,3,Riboviria,0
Riboviria|Orthornavirae|Pisuviricota|Stelpaviricetes|Stellavirales,Riboviria|Orthornavirae|Pisuviricota|Stelpaviricetes,Order,Stellavirales,Riboviria > Orthornavirae > Pisuviricota > Stelpaviricetes > Stellavirales,5,52,1,1,Riboviria,0
Riboviria|Orthornavirae|Unassigned_Phylum|Unassigned_Class|Unassigned_Order,Riboviria|Orthornavirae|Unassigned_Phylum|Unassigned_Class,Order,Unassigned_Order,Riboviria > Orthornavirae > Unassigned_Phylum > Unassigned_Class > Unassigned_Order,5,2,2,2,Riboviria,0
Riboviria|Unclassified_Riboviria|Unclassified_Riboviria|Unclassified_Riboviria|Tombendovirales,Riboviria|Unclassified_Riboviria|Unclassified_Riboviria|Unclassified_Riboviria,Order,Tombendovirales,Riboviria > Unclassified_Riboviria > Unclassified_Riboviria > Unclassified_Riboviria > Tombendovirales,5,1,1,1,Riboviria,0
Riboviria|Unclassified_Riboviria|Unclassified_Riboviria|Unclassified_Riboviria|Unclassified_Riboviria,Riboviria|Unclassified_Riboviria|Unclassified_Riboviria|Unclassified_Riboviria,Order,Unclassified_Riboviria,Riboviria > Unclassified_Riboviria > Unclassified_Riboviria > Unclassified_Riboviria > Unclassified_Riboviria,5,3,1,1,Riboviria,0
Varidnaviria|Abadenavirae|Produgelaviricota|Ainoaviricetes|Lautamovirales,Varidnaviria|Abadenavirae|Produgelaviricota|Ainoaviricetes,Order,Lautamovirales,Varidnaviria > Abadenavirae > Produgelaviricota > Ainoaviricetes > Lautamovirales,5,1,1,1,Varidnaviria,0
Varidnaviria|Abadenavirae|Produgelaviricota|Belvinaviricetes|Atroposvirales,Varidnaviria|Abadenavirae|Produgelaviricota|Belvinaviricetes,Order,Atroposvirales,Varidnaviria > Abadenavirae > Produgelaviricota > Belvinaviricetes > Atroposvirales,5,2,1,1,Varidnaviria,0
Varidnaviria|Abadenavirae|Produgelaviricota|Belvinaviricetes|Belfryvirales,Varidnaviria|Abadenavirae|Produgelaviricota|Belvinaviricetes,Order,Belfryvirales,Varidnaviria > Abadenavirae > Produgelaviricota > Belvinaviricetes > Belfryvirales,5,1,1,1,Varidnaviria,0
Varidnaviria|Abadenavirae|Produgelaviricota|Belvinaviricetes|Vinavirales,Varidnaviria|Abadenavirae|Produgelaviricota|Belvinaviricetes,Order,Vinavirales,Varidnaviria > Abadenavirae > Produgelaviricota > Belvinaviricetes > Vinavirales,5,4,3,3,Varidnaviria,0
Varidnaviria|Bamfordvirae|Nucleocytoviricota|Megaviricetes|Algavirales,Varidnaviria|Bamfordvirae|Nucleocytoviricota|Megaviricetes,Order,Algavirales,Varidnaviria > Bamfordvirae > Nucleocytoviricota > Megaviricetes > Algavirales,5,111,1,1,Varidnaviria,0
Varidnaviria|Bamfordvirae|Nucleocytoviricota|Megaviricetes|Imitervirales,Varidnaviria|Bamfordvirae|Nucleocytoviricota|Megaviricetes,Order,Imitervirales,Varidnaviria > Bamfordvirae > Nucleocytoviricota > Megaviricetes > Imitervirales,5,246,4,4,Varidnaviria,0
Varidnaviria|Bamfordvirae|Nucleocytoviricota|Megaviricetes|Pimascovirales,Varidnaviria|Bamfordvirae|Nucleocytoviricota|Megaviricetes,Order,Pimascovirales,Varidnaviria > Bamfordvirae > Nucleocytoviricota > Megaviricetes > Pimascovirales,5,94,4,4,Varidnaviria,0
Varidnaviria|Bamfordvirae|Nucleocytoviricota|Megaviricetes|Unassigned_Order,Varidnaviria|Bamfordvirae|Nucleocytoviricota|Megaviricetes,Order,Unassigned_Order,Varidnaviria > Bamfordvirae > Nucleocytoviricota > Megaviricetes > Unassigned_Order,5,3,1,1,Varidnaviria,0
Varidnaviria|Bamfordvirae|Nucleocytoviricota|Mriyaviricetes|Unassigned_Order,Varidnaviria|Bamfordvirae|Nucleocytoviricota|Mriyaviricetes,Order,Unassigned_Order,Varidnaviria > Bamfordvirae > Nucleocytoviricota > Mriyaviricetes > Unassigned_Order,5,1,1,1,Varidnaviria,0
Varidnaviria|Bamfordvirae|Nucleocytoviricota|Mriyaviricetes|Unclassified_Mriyaviricetes,Varidnaviria|Bamfordvirae|Nucleocytoviricota|Mriyaviricetes,Order,Unclassified_Mriyaviricetes,Varidnaviria > Bamfordvirae > Nucleocytoviricota > Mriyaviricetes > Unclassified_Mriyaviricetes,5,1,1,1,Varidnaviria,0
Varidnaviria|Bamfordvirae|Nucleocytoviricota|Pokkesviricetes|Asfuvirales,Varidnaviria|Bamfordvirae|Nucleocytoviricota|Pokkesviricetes,Order,Asfuvirales,Varidnaviria > Bamfordvirae > Nucleocytoviricota > Pokkesviricetes > Asfuvirales,5,3,1,1,Varidnaviria,0
Varidnaviria|Bamfordvirae|Nucleocytoviricota|Pokkesviricetes|Chitovirales,Varidnaviria|Bamfordvirae|Nucleocytoviricota|Pokkesviricetes,Order,Chitovirales,Varidnaviria > Bamfordvirae > Nucleocytoviricota > Pokkesviricetes > Chitovirales,5,3,1,1,Varidnaviria,0
Varidnaviria|Bamfordvirae|Preplasmiviricota|Aquintoviricetes|Archintovirales,Varidnaviria|Bamfordvirae|Preplasmiviricota|Aquintoviricetes,Order,Archintovirales,Varidnaviria > Bamfordvirae > Preplasmiviricota > Aquintoviricetes > Archintovirales,5,2,1,1,Varidnaviria,0
Varidnaviria|Bamfordvirae|Preplasmiviricota|Pharingeaviricetes|Rowavirales,Varidnaviria|Bamfordvirae|Preplasmiviricota|Pharingeaviricetes,Order,Rowavirales,Varidnaviria > Bamfordvirae > Preplasmiviricota > Pharingeaviricetes > Rowavirales,5,8,1,1,Varidnaviria,0
Varidnaviria|Bamfordvirae|Preplasmiviricota|Tectiliviricetes|Kalamavirales,Varidnaviria|Bamfordvirae|Preplasmiviricota|Tectiliviricetes,Order,Kalamavirales,Varidnaviria > Bamfordvirae > Preplasmiviricota > Tectiliviricetes > Kalamavirales,5,9,1,1,Varidnaviria,0
Varidnaviria|Bamfordvirae|Preplasmiviricota|Virophaviricetes|Mividavirales,Varidnaviria|Bamfordvirae|Preplasmiviricota|Virophaviricetes,Order,Mividavirales,Varidnaviria > Bamfordvirae > Preplasmiviricota > Virophaviricetes > Mividavirales,5,2,1,1,Varidnaviria,0
Varidnaviria|Bamfordvirae|Preplasmiviricota|Virophaviricetes|Priklausovirales,Varidnaviria|Bamfordvirae|Preplasmiviricota|Virophaviricetes,Order,Priklausovirales,Varidnaviria > Bamfordvirae > Preplasmiviricota > Virophaviricetes > Priklausovirales,5,3,2,2,Varidnaviria,0
Duplodnaviria|Heunggongvirae|Peploviricota|Herviviricetes|Herpesvirales|Alloherpesviridae,Duplodnaviria|Heunggongvirae|Peploviricota|Herviviricetes|Herpesvirales,Family,Alloherpesviridae [C86],Duplodnaviria > Heunggongvirae > Peploviricota > Herviviricetes > Herpesvirales > Alloherpesviridae,6,22,0,1,Duplodnaviria,1
Duplodnaviria|Heunggongvirae|Peploviricota|Herviviricetes|Herpesvirales|Malacoherpesviridae,Duplodnaviria|Heunggongvirae|Peploviricota|Herviviricetes|Herpesvirales,Family,Malacoherpesviridae [C86],Duplodnaviria > Heunggongvirae > Peploviricota > Herviviricetes > Herpesvirales > Malacoherpesviridae,6,6,0,1,Duplodnaviria,1
Duplodnaviria|Heunggongvirae|Peploviricota|Herviviricetes|Herpesvirales|Orthoherpesviridae,Duplodnaviria|Heunggongvirae|Peploviricota|Herviviricetes|Herpesvirales,Family,Orthoherpesviridae [C86],Duplodnaviria > Heunggongvirae > Peploviricota > Herviviricetes > Herpesvirales > Orthoherpesviridae,6,84,0,1,Duplodnaviria,1
Duplodnaviria|Heunggongvirae|Uroviricota|Caudoviricetes|Autographivirales|Autonotataviridae,Duplodnaviria|Heunggongvirae|Uroviricota|Caudoviricetes|Autographivirales,Family,Autonotataviridae [C67],Duplodnaviria > Heunggongvirae > Uroviricota > Caudoviricetes > Autographivirales > Autonotataviridae,6,29,0,1,Duplodnaviria,1
Duplodnaviria|Heunggongvirae|Uroviricota|Caudoviricetes|Autographivirales|Autoscriptoviridae,Duplodnaviria|Heunggongvirae|Uroviricota|Caudoviricetes|Autographivirales,Family,Autoscriptoviridae [C67],Duplodnaviria > Heunggongvirae > Uroviricota > Caudoviricetes > Autographivirales > Autoscriptoviridae,6,7,0,1,Duplodnaviria,1
Duplodnaviria|Heunggongvirae|Uroviricota|Caudoviricetes|Autographivirales|Autosignataviridae,Duplodnaviria|Heunggongvirae|Uroviricota|Caudoviricetes|Autographivirales,Family,Autosignataviridae [C67],Duplodnaviria > Heunggongvirae > Uroviricota > Caudoviricetes > Autographivirales > Autosignataviridae,6,6,0,1,Duplodnaviria,1
Duplodnaviria|Heunggongvirae|Uroviricota|Caudoviricetes|Autographivirales|Autotranscriptaviridae,Duplodnaviria|Heunggongvirae|Uroviricota|Caudoviricetes|Autographivirales,Family,Autotranscriptaviridae [C67],Duplodnaviria > Heunggongvirae > Uroviricota > Caudoviricetes > Autographivirales > Autotranscriptaviridae,6,33,0,1,Duplodnaviria,1
Duplodnaviria|Heunggongvirae|Uroviricota|Caudoviricetes|Autographivirales|Unclassified_Autographivirales,Duplodnaviria|Heunggongvirae|Uroviricota|Caudoviricetes|Autographivirales,Family,Unclassified_Autographivirales [C67],Duplodnaviria > Heunggongvirae > Uroviricota > Caudoviricetes > Autographivirales > Unclassified_Autographivirales,6,7,0,1,Duplodnaviria,1
Duplodnaviria|Heunggongvirae|Uroviricota|Caudoviricetes|Crassvirales|Crevaviridae,Duplodnaviria|Heunggongvirae|Uroviricota|Caudoviricetes|Crassvirales,Family,Crevaviridae [C55],Duplodnaviria > Heunggongvirae > Uroviricota > Caudoviricetes > Crassvirales > Crevaviridae,6,3,0,1,Duplodnaviria,1
Duplodnaviria|Heunggongvirae|Uroviricota|Caudoviricetes|Crassvirales|Intestiviridae,Duplodnaviria|Heunggongvirae|Uroviricota|Caudoviricetes|Crassvirales,Family,Intestiviridae [C55],Duplodnaviria > Heunggongvirae > Uroviricota > Caudoviricetes > Crassvirales > Intestiviridae,6,15,0,1,Duplodnaviria,1
Duplodnaviria|Heunggongvirae|Uroviricota|Caudoviricetes|Crassvirales|Steigviridae,Duplodnaviria|Heunggongvirae|Uroviricota|Caudoviricetes|Crassvirales,Family,Steigviridae [C55],Duplodnaviria > Heunggongvirae > Uroviricota > Caudoviricetes > Crassvirales > Steigviridae,6,16,0,1,Duplodnaviria,1
Duplodnaviria|Heunggongvirae|Uroviricota|Caudoviricetes|Crassvirales|Suoliviridae,Duplodnaviria|Heunggongvirae|Uroviricota|Caudoviricetes|Crassvirales,Family,Suoliviridae [C55],Duplodnaviria > Heunggongvirae > Uroviricota > Caudoviricetes > Crassvirales > Suoliviridae,6,15,0,1,Duplodnaviria,1
Duplodnaviria|Heunggongvirae|Uroviricota|Caudoviricetes|Kirjokansivirales|Graaviviridae,Duplodnaviria|Heunggongvirae|Uroviricota|Caudoviricetes|Kirjokansivirales,Family,Graaviviridae [C14],Duplodnaviria > Heunggongvirae > Uroviricota > Caudoviricetes > Kirjokansivirales > Graaviviridae,6,2,0,1,Duplodnaviria,1
Duplodnaviria|Heunggongvirae|Uroviricota|Caudoviricetes|Kirjokansivirales|Haloferuviridae,Duplodnaviria|Heunggongvirae|Uroviricota|Caudoviricetes|Kirjokansivirales,Family,Haloferuviridae [C39],Duplodnaviria > Heunggongvirae > Uroviricota > Caudoviricetes > Kirjokansivirales > Haloferuviridae,6,3,0,1,Duplodnaviria,1
Duplodnaviria|Heunggongvirae|Uroviricota|Caudoviricetes|Kirjokansivirales|Pyrstoviridae,Duplodnaviria|Heunggongvirae|Uroviricota|Caudoviricetes|Kirjokansivirales,Family,Pyrstoviridae [C15],Duplodnaviria > Heunggongvirae > Uroviricota > Caudoviricetes > Kirjokansivirales > Pyrstoviridae,6,1,0,1,Duplodnaviria,1
Duplodnaviria|Heunggongvirae|Uroviricota|Caudoviricetes|Magrovirales|Aoguangviridae,Duplodnaviria|Heunggongvirae|Uroviricota|Caudoviricetes|Magrovirales,Family,Aoguangviridae [C31],Duplodnaviria > Heunggongvirae > Uroviricota > Caudoviricetes > Magrovirales > Aoguangviridae,6,2,0,1,Duplodnaviria,1
Duplodnaviria|Heunggongvirae|Uroviricota|Caudoviricetes|Methanobavirales|Usuviridae,Duplodnaviria|Heunggongvirae|Uroviricota|Caudoviricetes|Methanobavirales,Family,Usuviridae [C14],Duplodnaviria > Heunggongvirae > Uroviricota > Caudoviricetes > Methanobavirales > Usuviridae,6,1,0,1,Duplodnaviria,1
Duplodnaviria|Heunggongvirae|Uroviricota|Caudoviricetes|Nakonvirales|Ekchuahviridae,Duplodnaviria|Heunggongvirae|Uroviricota|Caudoviricetes|Nakonvirales,Family,Ekchuahviridae [C39],Duplodnaviria > Heunggongvirae > Uroviricota > Caudoviricetes > Nakonvirales > Ekchuahviridae,6,2,0,1,Duplodnaviria,1
Duplodnaviria|Heunggongvirae|Uroviricota|Caudoviricetes|Pantevenvirales|Ackermannviridae,Duplodnaviria|Heunggongvirae|Uroviricota|Caudoviricetes|Pantevenvirales,Family,Ackermannviridae [C26],Duplodnaviria > Heunggongvirae > Uroviricota > Caudoviricetes > Pantevenvirales > Ackermannviridae,6,76,0,1,Duplodnaviria,1
Duplodnaviria|Heunggongvirae|Uroviricota|Caudoviricetes|Pantevenvirales|Kyanoviridae,Duplodnaviria|Heunggongvirae|Uroviricota|Caudoviricetes|Pantevenvirales,Family,Kyanoviridae [C26],Duplodnaviria > Heunggongvirae > Uroviricota > Caudoviricetes > Pantevenvirales > Kyanoviridae,6,97,0,1,Duplodnaviria,1
Duplodnaviria|Heunggongvirae|Uroviricota|Caudoviricetes|Pantevenvirales|Straboviridae,Duplodnaviria|Heunggongvirae|Uroviricota|Caudoviricetes|Pantevenvirales,Family,Straboviridae [C26],Duplodnaviria > Heunggongvirae > Uroviricota > Caudoviricetes > Pantevenvirales > Straboviridae,6,319,0,1,Duplodnaviria,1
Duplodnaviria|Heunggongvirae|Uroviricota|Caudoviricetes|Thumleimavirales|Hafunaviridae,Duplodnaviria|Heunggongvirae|Uroviricota|Caudoviricetes|Thumleimavirales,Family,Hafunaviridae [C36],Duplodnaviria > Heunggongvirae > Uroviricota > Caudoviricetes > Thumleimavirales > Hafunaviridae,6,3,0,1,Duplodnaviria,1
Duplodnaviria|Heunggongvirae|Uroviricota|Caudoviricetes|Thumleimavirales|Halomagnusviridae,Duplodnaviria|Heunggongvirae|Uroviricota|Caudoviricetes|Thumleimavirales,Family,Halomagnusviridae [C68],Duplodnaviria > Heunggongvirae > Uroviricota > Caudoviricetes > Thumleimavirales > Halomagnusviridae,6,1,0,1,Duplodnaviria,1
Duplodnaviria|Heunggongvirae|Uroviricota|Caudoviricetes|Thumleimavirales|Soleiviridae,Duplodnaviria|Heunggongvirae|Uroviricota|Caudoviricetes|Thumleimavirales,Family,Soleiviridae [C34],Duplodnaviria > Heunggongvirae > Uroviricota > Caudoviricetes > Thumleimavirales > Soleiviridae,6,1,0,1,Duplodnaviria,1
Duplodnaviria|Heunggongvirae|Uroviricota|Caudoviricetes|Unassigned_Order|Unassigned_Family,Duplodnaviria|Heunggongvirae|Uroviricota|Caudoviricetes|Unassigned_Order,Family,Unassigned_Family,Duplodnaviria > Heunggongvirae > Uroviricota > Caudoviricetes > Unassigned_Order > Unassigned_Family,6,5,0,1,Duplodnaviria,1
Duplodnaviria|Heunggongvirae|Uroviricota|Caudoviricetes|Unclassified_Caudoviricetes|Aggregaviridae,Duplodnaviria|Heunggongvirae|Uroviricota|Caudoviricetes|Unclassified_Caudoviricetes,Family,Aggregaviridae [C69],Duplodnaviria > Heunggongvirae > Uroviricota > Caudoviricetes > Unclassified_Caudoviricetes > Aggregaviridae,6,2,0,1,Duplodnaviria,1
Duplodnaviria|Heunggongvirae|Uroviricota|Caudoviricetes|Unclassified_Caudoviricetes|Aliceevansviridae,Duplodnaviria|Heunggongvirae|Uroviricota|Caudoviricetes|Unclassified_Caudoviricetes,Family,Aliceevansviridae [C52],Duplodnaviria > Heunggongvirae > Uroviricota > Caudoviricetes > Unclassified_Caudoviricetes > Aliceevansviridae,6,72,0,1,Duplodnaviria,1
Duplodnaviria|Heunggongvirae|Uroviricota|Caudoviricetes|Unclassified_Caudoviricetes|Alisviridae,Duplodnaviria|Heunggongvirae|Uroviricota|Caudoviricetes|Unclassified_Caudoviricetes,Family,Alisviridae [C67],Duplodnaviria > Heunggongvirae > Uroviricota > Caudoviricetes > Unclassified_Caudoviricetes > Alisviridae,6,2,0,1,Duplodnaviria,1
Duplodnaviria|Heunggongvirae|Uroviricota|Caudoviricetes|Unclassified_Caudoviricetes|Andersonviridae,Duplodnaviria|Heunggongvirae|Uroviricota|Caudoviricetes|Unclassified_Caudoviricetes,Family,Andersonviridae [C5],Duplodnaviria > Heunggongvirae > Uroviricota > Caudoviricetes > Unclassified_Caudoviricetes > Andersonviridae,6,18,0,1,Duplodnaviria,1
Duplodnaviria|Heunggongvirae|Uroviricota|Caudoviricetes|Unclassified_Caudoviricetes|Arenbergviridae,Duplodnaviria|Heunggongvirae|Uroviricota|Caudoviricetes|Unclassified_Caudoviricetes,Family,Arenbergviridae [C26],Duplodnaviria > Heunggongvirae > Uroviricota > Caudoviricetes > Unclassified_Caudoviricetes > Arenbergviridae,6,1,0,1,Duplodnaviria,1
Duplodnaviria|Heunggongvirae|Uroviricota|Caudoviricetes|Unclassified_Caudoviricetes|Assiduviridae,Duplodnaviria|Heunggongvirae|Uroviricota|Caudoviricetes|Unclassified_Caudoviricetes,Family,Assiduviridae [C69],Duplodnaviria > Heunggongvirae > Uroviricota > Caudoviricetes > Unclassified_Caudoviricetes > Assiduviridae,6,4,0,1,Duplodnaviria,1
Duplodnaviria|Heunggongvirae|Uroviricota|Caudoviricetes|Unclassified_Caudoviricetes|Berryhillviridae,Duplodnaviria|Heunggongvirae|Uroviricota|Caudoviricetes|Unclassified_Caudoviricetes,Family,Berryhillviridae [C36],Duplodnaviria > Heunggongvirae > Uroviricota > Caudoviricetes > Unclassified_Caudoviricetes > Berryhillviridae,6,7,0,1,Duplodnaviria,1
Duplodnaviria|Heunggongvirae|Uroviricota|Caudoviricetes|Unclassified_Caudoviricetes|Casidaviridae,Duplodnaviria|Heunggongvirae|Uroviricota|Caudoviricetes|Unclassified_Caudoviricetes,Family,Casidaviridae [C35],Duplodnaviria > Heunggongvirae > Uroviricota > Caudoviricetes > Unclassified_Caudoviricetes > Casidaviridae,6,10,0,1,Duplodnaviria,1
Duplodnaviria|Heunggongvirae|Uroviricota|Caudoviricetes|Unclassified_Caudoviricetes|Casjensviridae,Duplodnaviria|Heunggongvirae|Uroviricota|Caudoviricetes|Unclassified_Caudoviricetes,Family,Casjensviridae [C5],Duplodnaviria > Heunggongvirae > Uroviricota > Caudoviricetes > Unclassified_Caudoviricetes > Casjensviridae,6,57,0,1,Duplodnaviria,1
Duplodnaviria|Heunggongvirae|Uroviricota|Caudoviricetes|Unclassified_Caudoviricetes|Chaseviridae,Duplodnaviria|Heunggongvirae|Uroviricota|Caudoviricetes|Unclassified_Caudoviricetes,Family,Chaseviridae [C15],Duplodnaviria > Heunggongvirae > Uroviricota > Caudoviricetes > Unclassified_Caudoviricetes > Chaseviridae,6,10,0,1,Duplodnaviria,1
Duplodnaviria|Heunggongvirae|Uroviricota|Caudoviricetes|Unclassified_Caudoviricetes|Chimalliviridae,Duplodnaviria|Heunggongvirae|Uroviricota|Caudoviricetes|Unclassified_Caudoviricetes,Family,Chimalliviridae [C86],Duplodnaviria > Heunggongvirae > Uroviricota > Caudoviricetes > Unclassified_Caudoviricetes > Chimalliviridae,6,79,0,1,Duplodnaviria,1
Duplodnaviria|Heunggongvirae|Uroviricota|Caudoviricetes|Unclassified_Caudoviricetes|Colingsworthviridae,Duplodnaviria|Heunggongvirae|Uroviricota|Caudoviricetes|Unclassified_Caudoviricetes,Family,Colingsworthviridae [C77],Duplodnaviria > Heunggongvirae > Uroviricota > Caudoviricetes > Unclassified_Caudoviricetes > Colingsworthviridae,6,5,0,1,Duplodnaviria,1
Duplodnaviria|Heunggongvirae|Uroviricota|Caudoviricetes|Unclassified_Caudoviricetes|Connertonviridae,Duplodnaviria|Heunggongvirae|Uroviricota|Caudoviricetes|Unclassified_Caudoviricetes,Family,Connertonviridae [C26],Duplodnaviria > Heunggongvirae > Uroviricota > Caudoviricetes > Unclassified_Caudoviricetes > Connertonviridae,6,8,0,1,Duplodnaviria,1
Duplodnaviria|Heunggongvirae|Uroviricota|Caudoviricetes|Unclassified_Caudoviricetes|Demerecviridae,Duplodnaviria|Heunggongvirae|Uroviricota|Caudoviricetes|Unclassified_Caudoviricetes,Family,Demerecviridae [C11],Duplodnaviria > Heunggongvirae > Uroviricota > Caudoviricetes > Unclassified_Caudoviricetes > Demerecviridae,6,4,0,1,Duplodnaviria,1
Duplodnaviria|Heunggongvirae|Uroviricota|Caudoviricetes|Unclassified_Caudoviricetes|Drexlerviridae,Duplodnaviria|Heunggongvirae|Uroviricota|Caudoviricetes|Unclassified_Caudoviricetes,Family,Drexlerviridae [C15],Duplodnaviria > Heunggongvirae > Uroviricota > Caudoviricetes > Unclassified_Caudoviricetes > Drexlerviridae,6,26,0,1,Duplodnaviria,1
Duplodnaviria|Heunggongvirae|Uroviricota|Caudoviricetes|Unclassified_Caudoviricetes|Duneviridae,Duplodnaviria|Heunggongvirae|Uroviricota|Caudoviricetes|Unclassified_Caudoviricetes,Family,Duneviridae [C86],Duplodnaviria > Heunggongvirae > Uroviricota > Caudoviricetes > Unclassified_Caudoviricetes > Duneviridae,6,1,0,1,Duplodnaviria,1
Duplodnaviria|Heunggongvirae|Uroviricota|Caudoviricetes|Unclassified_Caudoviricetes|Ehrlichviridae,Duplodnaviria|Heunggongvirae|Uroviricota|Caudoviricetes|Unclassified_Caudoviricetes,Family,Ehrlichviridae [C36],Duplodnaviria > Heunggongvirae > Uroviricota > Caudoviricetes > Unclassified_Caudoviricetes > Ehrlichviridae,6,5,0,1,Duplodnaviria,1
Duplodnaviria|Heunggongvirae|Uroviricota|Caudoviricetes|Unclassified_Caudoviricetes|Forsetiviridae,Duplodnaviria|Heunggongvirae|Uroviricota|Caudoviricetes|Unclassified_Caudoviricetes,Family,Forsetiviridae [C69],Duplodnaviria > Heunggongvirae > Uroviricota > Caudoviricetes > Unclassified_Caudoviricetes > Forsetiviridae,6,1,0,1,Duplodnaviria,1
Duplodnaviria|Heunggongvirae|Uroviricota|Caudoviricetes|Unclassified_Caudoviricetes|Fredfastierviridae,Duplodnaviria|Heunggongvirae|Uroviricota|Caudoviricetes|Unclassified_Caudoviricetes,Family,Fredfastierviridae [C22],Duplodnaviria > Heunggongvirae > Uroviricota > Caudoviricetes > Unclassified_Caudoviricetes > Fredfastierviridae,6,1,0,1,Duplodnaviria,1
Duplodnaviria|Heunggongvirae|Uroviricota|Caudoviricetes|Unclassified_Caudoviricetes|Grimontviridae,Duplodnaviria|Heunggongvirae|Uroviricota|Caudoviricetes|Unclassified_Caudoviricetes,Family,Grimontviridae [C45],Duplodnaviria > Heunggongvirae > Uroviricota > Caudoviricetes > Unclassified_Caudoviricetes > Grimontviridae,6,17,0,1,Duplodnaviria,1
Duplodnaviria|Heunggongvirae|Uroviricota|Caudoviricetes|Unclassified_Caudoviricetes|Guelinviridae,Duplodnaviria|Heunggongvirae|Uroviricota|Caudoviricetes|Unclassified_Caudoviricetes,Family,Guelinviridae [C46],Duplodnaviria > Heunggongvirae > Uroviricota > Caudoviricetes > Unclassified_Caudoviricetes > Guelinviridae,6,7,0,1,Duplodnaviria,1
Duplodnaviria|Heunggongvirae|Uroviricota|Caudoviricetes|Unclassified_Caudoviricetes|Herelleviridae,Duplodnaviria|Heunggongvirae|Uroviricota|Caudoviricetes|Unclassified_Caudoviricetes,Family,Herelleviridae [C42],Duplodnaviria > Heunggongvirae > Uroviricota > Caudoviricetes > Unclassified_Caudoviricetes > Herelleviridae,6,137,0,1,Duplodnaviria,1
Duplodnaviria|Heunggongvirae|Uroviricota|Caudoviricetes|Unclassified_Caudoviricetes|Hodgkinviridae,Duplodnaviria|Heunggongvirae|Uroviricota|Caudoviricetes|Unclassified_Caudoviricetes,Family,Hodgkinviridae [C20],Duplodnaviria > Heunggongvirae > Uroviricota > Caudoviricetes > Unclassified_Caudoviricetes > Hodgkinviridae,6,3,0,1,Duplodnaviria,1
Duplodnaviria|Heunggongvirae|Uroviricota|Caudoviricetes|Unclassified_Caudoviricetes|Jeanschmidtviridae,Duplodnaviria|Heunggongvirae|Uroviricota|Caudoviricetes|Unclassified_Caudoviricetes,Family,Jeanschmidtviridae [C44],Duplodnaviria > Heunggongvirae > Uroviricota > Caudoviricetes > Unclassified_Caudoviricetes > Jeanschmidtviridae,6,7,0,1,Duplodnaviria,1
Duplodnaviria|Heunggongvirae|Uroviricota|Caudoviricetes|Unclassified_Caudoviricetes|Kleczkowskaviridae,Duplodnaviria|Heunggongvirae|Uroviricota|Caudoviricetes|Unclassified_Caudoviricetes,Family,Kleczkowskaviridae [C65],Duplodnaviria > Heunggongvirae > Uroviricota > Caudoviricetes > Unclassified_Caudoviricetes > Kleczkowskaviridae,6,1,0,1,Duplodnaviria,1
Duplodnaviria|Heunggongvirae|Uroviricota|Caudoviricetes|Unclassified_Caudoviricetes|Kruegerviridae,Duplodnaviria|Heunggongvirae|Uroviricota|Caudoviricetes|Unclassified_Caudoviricetes,Family,Kruegerviridae [C35],Duplodnaviria > Heunggongvirae > Uroviricota > Caudoviricetes > Unclassified_Caudoviricetes > Kruegerviridae,6,1,0,1,Duplodnaviria,1
Duplodnaviria|Heunggongvirae|Uroviricota|Caudoviricetes|Unclassified_Caudoviricetes|Lindbergviridae,Duplodnaviria|Heunggongvirae|Uroviricota|Caudoviricetes|Unclassified_Caudoviricetes,Family,Lindbergviridae [C15],Duplodnaviria > Heunggongvirae > Uroviricota > Caudoviricetes > Unclassified_Caudoviricetes > Lindbergviridae,6,5,0,1,Duplodnaviria,1
Duplodnaviria|Heunggongvirae|Uroviricota|Caudoviricetes|Unclassified_Caudoviricetes|Madisaviridae,Duplodnaviria|Heunggongvirae|Uroviricota|Caudoviricetes|Unclassified_Caudoviricetes,Family,Madisaviridae [C34],Duplodnaviria > Heunggongvirae > Uroviricota > Caudoviricetes > Unclassified_Caudoviricetes > Madisaviridae,6,1,0,1,Duplodnaviria,1
Duplodnaviria|Heunggongvirae|Uroviricota|Caudoviricetes|Unclassified_Caudoviricetes|Madridviridae,Duplodnaviria|Heunggongvirae|Uroviricota|Caudoviricetes|Unclassified_Caudoviricetes,Family,Madridviridae [C46],Duplodnaviria > Heunggongvirae > Uroviricota > Caudoviricetes > Unclassified_Caudoviricetes > Madridviridae,6,1,0,1,Duplodnaviria,1
Duplodnaviria|Heunggongvirae|Uroviricota|Caudoviricetes|Unclassified_Caudoviricetes|Mesyanzhinovviridae,Duplodnaviria|Heunggongvirae|Uroviricota|Caudoviricetes|Unclassified_Caudoviricetes,Family,Mesyanzhinovviridae [C44],Duplodnaviria > Heunggongvirae > Uroviricota > Caudoviricetes > Unclassified_Caudoviricetes > Mesyanzhinovviridae,6,5,0,1,Duplodnaviria,1
Duplodnaviria|Heunggongvirae|Uroviricota|Caudoviricetes|Unclassified_Caudoviricetes|Molycolviridae,Duplodnaviria|Heunggongvirae|Uroviricota|Caudoviricetes|Unclassified_Caudoviricetes,Family,Molycolviridae [C65],Duplodnaviria > Heunggongvirae > Uroviricota > Caudoviricetes > Unclassified_Caudoviricetes > Molycolviridae,6,1,0,1,Duplodnaviria,1
Duplodnaviria|Heunggongvirae|Uroviricota|Caudoviricetes|Unclassified_Caudoviricetes|Mtkvariviridae,Duplodnaviria|Heunggongvirae|Uroviricota|Caudoviricetes|Unclassified_Caudoviricetes,Family,Mtkvariviridae [C45],Duplodnaviria > Heunggongvirae > Uroviricota > Caudoviricetes > Unclassified_Caudoviricetes > Mtkvariviridae,6,20,0,1,Duplodnaviria,1
Duplodnaviria|Heunggongvirae|Uroviricota|Caudoviricetes|Unclassified_Caudoviricetes|Nixviridae,Duplodnaviria|Heunggongvirae|Uroviricota|Caudoviricetes|Unclassified_Caudoviricetes,Family,Nixviridae [C19],Duplodnaviria > Heunggongvirae > Uroviricota > Caudoviricetes > Unclassified_Caudoviricetes > Nixviridae,6,4,0,1,Duplodnaviria,1
Duplodnaviria|Heunggongvirae|Uroviricota|Caudoviricetes|Unclassified_Caudoviricetes|Peduoviridae,Duplodnaviria|Heunggongvirae|Uroviricota|Caudoviricetes|Unclassified_Caudoviricetes,Family,Peduoviridae [C14],Duplodnaviria > Heunggongvirae > Uroviricota > Caudoviricetes > Unclassified_Caudoviricetes > Peduoviridae,6,715,0,1,Duplodnaviria,1
Duplodnaviria|Heunggongvirae|Uroviricota|Caudoviricetes|Unclassified_Caudoviricetes|Pervagoviridae,Duplodnaviria|Heunggongvirae|Uroviricota|Caudoviricetes|Unclassified_Caudoviricetes,Family,Pervagoviridae [C55],Duplodnaviria > Heunggongvirae > Uroviricota > Caudoviricetes > Unclassified_Caudoviricetes > Pervagoviridae,6,1,0,1,Duplodnaviria,1
Duplodnaviria|Heunggongvirae|Uroviricota|Caudoviricetes|Unclassified_Caudoviricetes|Pootjesviridae,Duplodnaviria|Heunggongvirae|Uroviricota|Caudoviricetes|Unclassified_Caudoviricetes,Family,Pootjesviridae [C26],Duplodnaviria > Heunggongvirae > Uroviricota > Caudoviricetes > Unclassified_Caudoviricetes > Pootjesviridae,6,8,0,1,Duplodnaviria,1
Duplodnaviria|Heunggongvirae|Uroviricota|Caudoviricetes|Unclassified_Caudoviricetes|Rountreeviridae,Duplodnaviria|Heunggongvirae|Uroviricota|Caudoviricetes|Unclassified_Caudoviricetes,Family,Rountreeviridae [C46],Duplodnaviria > Heunggongvirae > Uroviricota > Caudoviricetes > Unclassified_Caudoviricetes > Rountreeviridae,6,10,0,1,Duplodnaviria,1
Duplodnaviria|Heunggongvirae|Uroviricota|Caudoviricetes|Unclassified_Caudoviricetes|Saffermanviridae,Duplodnaviria|Heunggongvirae|Uroviricota|Caudoviricetes|Unclassified_Caudoviricetes,Family,Saffermanviridae [C67],Duplodnaviria > Heunggongvirae > Uroviricota > Caudoviricetes > Unclassified_Caudoviricetes > Saffermanviridae,6,1,0,1,Duplodnaviria,1
Duplodnaviria|Heunggongvirae|Uroviricota|Caudoviricetes|Unclassified_Caudoviricetes|Salasmaviridae,Duplodnaviria|Heunggongvirae|Uroviricota|Caudoviricetes|Unclassified_Caudoviricetes,Family,Salasmaviridae [C37],Duplodnaviria > Heunggongvirae > Uroviricota > Caudoviricetes > Unclassified_Caudoviricetes > Salasmaviridae,6,19,0,1,Duplodnaviria,1
Duplodnaviria|Heunggongvirae|Uroviricota|Caudoviricetes|Unclassified_Caudoviricetes|Saparoviridae,Duplodnaviria|Heunggongvirae|Uroviricota|Caudoviricetes|Unclassified_Caudoviricetes,Family,Saparoviridae [C44],Duplodnaviria > Heunggongvirae > Uroviricota > Caudoviricetes > Unclassified_Caudoviricetes > Saparoviridae,6,2,0,1,Duplodnaviria,1
Duplodnaviria|Heunggongvirae|Uroviricota|Caudoviricetes|Unclassified_Caudoviricetes|Sarkviridae,Duplodnaviria|Heunggongvirae|Uroviricota|Caudoviricetes|Unclassified_Caudoviricetes,Family,Sarkviridae [C61],Duplodnaviria > Heunggongvirae > Uroviricota > Caudoviricetes > Unclassified_Caudoviricetes > Sarkviridae,6,45,0,1,Duplodnaviria,1
Duplodnaviria|Heunggongvirae|Uroviricota|Caudoviricetes|Unclassified_Caudoviricetes|Schitoviridae,Duplodnaviria|Heunggongvirae|Uroviricota|Caudoviricetes|Unclassified_Caudoviricetes,Family,Schitoviridae [C25],Duplodnaviria > Heunggongvirae > Uroviricota > Caudoviricetes > Unclassified_Caudoviricetes > Schitoviridae,6,130,0,1,Duplodnaviria,1
Duplodnaviria|Heunggongvirae|Uroviricota|Caudoviricetes|Unclassified_Caudoviricetes|Stanwilliamsviridae,Duplodnaviria|Heunggongvirae|Uroviricota|Caudoviricetes|Unclassified_Caudoviricetes,Family,Stanwilliamsviridae [C14],Duplodnaviria > Heunggongvirae > Uroviricota > Caudoviricetes > Unclassified_Caudoviricetes > Stanwilliamsviridae,6,26,0,1,Duplodnaviria,1
Duplodnaviria|Heunggongvirae|Uroviricota|Caudoviricetes|Unclassified_Caudoviricetes|Suolaviridae,Duplodnaviria|Heunggongvirae|Uroviricota|Caudoviricetes|Unclassified_Caudoviricetes,Family,Suolaviridae [C44],Duplodnaviria > Heunggongvirae > Uroviricota > Caudoviricetes > Unclassified_Caudoviricetes > Suolaviridae,6,1,0,1,Duplodnaviria,1
Duplodnaviria|Heunggongvirae|Uroviricota|Caudoviricetes|Unclassified_Caudoviricetes|Trautnerviridae,Duplodnaviria|Heunggongvirae|Uroviricota|Caudoviricetes|Unclassified_Caudoviricetes,Family,Trautnerviridae [C61],Duplodnaviria > Heunggongvirae > Uroviricota > Caudoviricetes > Unclassified_Caudoviricetes > Trautnerviridae,6,9,0,1,Duplodnaviria,1
Duplodnaviria|Heunggongvirae|Uroviricota|Caudoviricetes|Unclassified_Caudoviricetes|Unclassified_Caudoviricetes,Duplodnaviria|Heunggongvirae|Uroviricota|Caudoviricetes|Unclassified_Caudoviricetes,Family,Unclassified_Caudoviricetes [C11],Duplodnaviria > Heunggongvirae > Uroviricota > Caudoviricetes > Unclassified_Caudoviricetes > Unclassified_Caudoviricetes,6,552,0,1,Duplodnaviria,1
Duplodnaviria|Heunggongvirae|Uroviricota|Caudoviricetes|Unclassified_Caudoviricetes|Vandenendeviridae,Duplodnaviria|Heunggongvirae|Uroviricota|Caudoviricetes|Unclassified_Caudoviricetes,Family,Vandenendeviridae [C5],Duplodnaviria > Heunggongvirae > Uroviricota > Caudoviricetes > Unclassified_Caudoviricetes > Vandenendeviridae,6,2,0,1,Duplodnaviria,1
Duplodnaviria|Heunggongvirae|Uroviricota|Caudoviricetes|Unclassified_Caudoviricetes|Verdandiviridae,Duplodnaviria|Heunggongvirae|Uroviricota|Caudoviricetes|Unclassified_Caudoviricetes,Family,Verdandiviridae [C44],Duplodnaviria > Heunggongvirae > Uroviricota > Caudoviricetes > Unclassified_Caudoviricetes > Verdandiviridae,6,3,0,1,Duplodnaviria,1
Duplodnaviria|Heunggongvirae|Uroviricota|Caudoviricetes|Unclassified_Caudoviricetes|Vertoviridae,Duplodnaviria|Heunggongvirae|Uroviricota|Caudoviricetes|Unclassified_Caudoviricetes,Family,Vertoviridae [C14],Duplodnaviria > Heunggongvirae > Uroviricota > Caudoviricetes > Unclassified_Caudoviricetes > Vertoviridae,6,3,0,1,Duplodnaviria,1
Duplodnaviria|Heunggongvirae|Uroviricota|Caudoviricetes|Unclassified_Caudoviricetes|Zierdtviridae,Duplodnaviria|Heunggongvirae|Uroviricota|Caudoviricetes|Unclassified_Caudoviricetes,Family,Zierdtviridae [C5],Duplodnaviria > Heunggongvirae > Uroviricota > Caudoviricetes > Unclassified_Caudoviricetes > Zierdtviridae,6,9,0,1,Duplodnaviria,1
Duplodnaviria|Heunggongvirae|Uroviricota|Caudoviricetes|Unclassified_Caudoviricetes|Zobellviridae,Duplodnaviria|Heunggongvirae|Uroviricota|Caudoviricetes|Unclassified_Caudoviricetes,Family,Zobellviridae [C45],Duplodnaviria > Heunggongvirae > Uroviricota > Caudoviricetes > Unclassified_Caudoviricetes > Zobellviridae,6,2,0,1,Duplodnaviria,1
Monodnaviria|Loebvirae|Hofneiviricota|Faserviricetes|Tubulavirales|Inoviridae,Monodnaviria|Loebvirae|Hofneiviricota|Faserviricetes|Tubulavirales,Family,Inoviridae [C0],Monodnaviria > Loebvirae > Hofneiviricota > Faserviricetes > Tubulavirales > Inoviridae,6,28,0,1,Monodnaviria,1
Monodnaviria|Sangervirae|Phixviricota|Malgrandaviricetes|Petitvirales|Microviridae,Monodnaviria|Sangervirae|Phixviricota|Malgrandaviricetes|Petitvirales,Family,Microviridae [C1],Monodnaviria > Sangervirae > Phixviricota > Malgrandaviricetes > Petitvirales > Microviridae,6,873,0,1,Monodnaviria,1
Monodnaviria|Shotokuvirae|Commensaviricota|Cardeaviricetes|Sanitavirales|Anelloviridae,Monodnaviria|Shotokuvirae|Commensaviricota|Cardeaviricetes|Sanitavirales,Family,Anelloviridae [C83],Monodnaviria > Shotokuvirae > Commensaviricota > Cardeaviricetes > Sanitavirales > Anelloviridae,6,217,0,1,Monodnaviria,1
Monodnaviria|Shotokuvirae|Cossaviricota|Papovaviricetes|Sepolyvirales|Polyomaviridae,Monodnaviria|Shotokuvirae|Cossaviricota|Papovaviricetes|Sepolyvirales,Family,Polyomaviridae [C83],Monodnaviria > Shotokuvirae > Cossaviricota > Papovaviricetes > Sepolyvirales > Polyomaviridae,6,5,0,1,Monodnaviria,1
Monodnaviria|Shotokuvirae|Cossaviricota|Papovaviricetes|Zurhausenvirales|Papillomaviridae,Monodnaviria|Shotokuvirae|Cossaviricota|Papovaviricetes|Zurhausenvirales,Family,Papillomaviridae [C83],Monodnaviria > Shotokuvirae > Cossaviricota > Papovaviricetes > Zurhausenvirales > Papillomaviridae,6,151,0,1,Monodnaviria,1
Monodnaviria|Shotokuvirae|Cossaviricota|Quintoviricetes|Piccovirales|Parvoviridae,Monodnaviria|Shotokuvirae|Cossaviricota|Quintoviricetes|Piccovirales,Family,Parvoviridae [C41],Monodnaviria > Shotokuvirae > Cossaviricota > Quintoviricetes > Piccovirales > Parvoviridae,6,29,0,1,Monodnaviria,1
Monodnaviria|Shotokuvirae|Cressdnaviricota|Arfiviricetes|Baphyvirales|Bacilladnaviridae,Monodnaviria|Shotokuvirae|Cressdnaviricota|Arfiviricetes|Baphyvirales,Family,Bacilladnaviridae [C8],Monodnaviria > Shotokuvirae > Cressdnaviricota > Arfiviricetes > Baphyvirales > Bacilladnaviridae,6,14,0,1,Monodnaviria,1
Monodnaviria|Shotokuvirae|Cressdnaviricota|Arfiviricetes|Cirlivirales|Circoviridae,Monodnaviria|Shotokuvirae|Cressdnaviricota|Arfiviricetes|Cirlivirales,Family,Circoviridae [C41],Monodnaviria > Shotokuvirae > Cressdnaviricota > Arfiviricetes > Cirlivirales > Circoviridae,6,360,0,1,Monodnaviria,1
Monodnaviria|Shotokuvirae|Cressdnaviricota|Arfiviricetes|Cirlivirales|Vilyaviridae,Monodnaviria|Shotokuvirae|Cressdnaviricota|Arfiviricetes|Cirlivirales,Family,Vilyaviridae [C41],Monodnaviria > Shotokuvirae > Cressdnaviricota > Arfiviricetes > Cirlivirales > Vilyaviridae,6,46,0,1,Monodnaviria,1
Monodnaviria|Shotokuvirae|Cressdnaviricota|Arfiviricetes|Cremevirales|Smacoviridae,Monodnaviria|Shotokuvirae|Cressdnaviricota|Arfiviricetes|Cremevirales,Family,Smacoviridae [C41],Monodnaviria > Shotokuvirae > Cressdnaviricota > Arfiviricetes > Cremevirales > Smacoviridae,6,1,0,1,Monodnaviria,1
Monodnaviria|Shotokuvirae|Cressdnaviricota|Arfiviricetes|Gredzevirales|Gandrviridae,Monodnaviria|Shotokuvirae|Cressdnaviricota|Arfiviricetes|Gredzevirales,Family,Gandrviridae [C8],Monodnaviria > Shotokuvirae > Cressdnaviricota > Arfiviricetes > Gredzevirales > Gandrviridae,6,1,0,1,Monodnaviria,1
Monodnaviria|Shotokuvirae|Cressdnaviricota|Arfiviricetes|Gredzevirales|Ouroboviridae,Monodnaviria|Shotokuvirae|Cressdnaviricota|Arfiviricetes|Gredzevirales,Family,Ouroboviridae [C27],Monodnaviria > Shotokuvirae > Cressdnaviricota > Arfiviricetes > Gredzevirales > Ouroboviridae,6,5,0,1,Monodnaviria,1
Monodnaviria|Shotokuvirae|Cressdnaviricota|Arfiviricetes|Jormunvirales|Draupnirviridae,Monodnaviria|Shotokuvirae|Cressdnaviricota|Arfiviricetes|Jormunvirales,Family,Draupnirviridae [C28],Monodnaviria > Shotokuvirae > Cressdnaviricota > Arfiviricetes > Jormunvirales > Draupnirviridae,6,9,0,1,Monodnaviria,1
Monodnaviria|Shotokuvirae|Cressdnaviricota|Arfiviricetes|Mulpavirales|Amesuviridae,Monodnaviria|Shotokuvirae|Cressdnaviricota|Arfiviricetes|Mulpavirales,Family,Amesuviridae [C28],Monodnaviria > Shotokuvirae > Cressdnaviricota > Arfiviricetes > Mulpavirales > Amesuviridae,6,4,0,1,Monodnaviria,1
Monodnaviria|Shotokuvirae|Cressdnaviricota|Arfiviricetes|Mulpavirales|Anicreviridae,Monodnaviria|Shotokuvirae|Cressdnaviricota|Arfiviricetes|Mulpavirales,Family,Anicreviridae [C41],Monodnaviria > Shotokuvirae > Cressdnaviricota > Arfiviricetes > Mulpavirales > Anicreviridae,6,3,0,1,Monodnaviria,1
Monodnaviria|Shotokuvirae|Cressdnaviricota|Arfiviricetes|Mulpavirales|Nanoviridae,Monodnaviria|Shotokuvirae|Cressdnaviricota|Arfiviricetes|Mulpavirales,Family,Nanoviridae [C28],Monodnaviria > Shotokuvirae > Cressdnaviricota > Arfiviricetes > Mulpavirales > Nanoviridae,6,35,0,1,Monodnaviria,1
Monodnaviria|Shotokuvirae|Cressdnaviricota|Arfiviricetes|Ringavirales|Pecoviridae,Monodnaviria|Shotokuvirae|Cressdnaviricota|Arfiviricetes|Ringavirales,Family,Pecoviridae [C41],Monodnaviria > Shotokuvirae > Cressdnaviricota > Arfiviricetes > Ringavirales > Pecoviridae,6,1,0,1,Monodnaviria,1
Monodnaviria|Shotokuvirae|Cressdnaviricota|Arfiviricetes|Rivendellvirales|Naryaviridae,Monodnaviria|Shotokuvirae|Cressdnaviricota|Arfiviricetes|Rivendellvirales,Family,Naryaviridae [C28],Monodnaviria > Shotokuvirae > Cressdnaviricota > Arfiviricetes > Rivendellvirales > Naryaviridae,6,2,0,1,Monodnaviria,1
Monodnaviria|Shotokuvirae|Cressdnaviricota|Arfiviricetes|Rohanvirales|Adamaviridae,Monodnaviria|Shotokuvirae|Cressdnaviricota|Arfiviricetes|Rohanvirales,Family,Adamaviridae [C28],Monodnaviria > Shotokuvirae > Cressdnaviricota > Arfiviricetes > Rohanvirales > Adamaviridae,6,13,0,1,Monodnaviria,1
Monodnaviria|Shotokuvirae|Cressdnaviricota|Arfiviricetes|Rohanvirales|Nenyaviridae,Monodnaviria|Shotokuvirae|Cressdnaviricota|Arfiviricetes|Rohanvirales,Family,Nenyaviridae [C41],Monodnaviria > Shotokuvirae > Cressdnaviricota > Arfiviricetes > Rohanvirales > Nenyaviridae,6,10,0,1,Monodnaviria,1
Monodnaviria|Shotokuvirae|Cressdnaviricota|Arfiviricetes|Saturnivirales|Kanorauviridae,Monodnaviria|Shotokuvirae|Cressdnaviricota|Arfiviricetes|Saturnivirales,Family,Kanorauviridae [C16],Monodnaviria > Shotokuvirae > Cressdnaviricota > Arfiviricetes > Saturnivirales > Kanorauviridae,6,18,0,1,Monodnaviria,1
Monodnaviria|Shotokuvirae|Cressdnaviricota|Repensiviricetes|Geplafuvirales|Geminiviridae,Monodnaviria|Shotokuvirae|Cressdnaviricota|Repensiviricetes|Geplafuvirales,Family,Geminiviridae [C28],Monodnaviria > Shotokuvirae > Cressdnaviricota > Repensiviricetes > Geplafuvirales > Geminiviridae,6,897,0,1,Monodnaviria,1
Monodnaviria|Shotokuvirae|Cressdnaviricota|Repensiviricetes|Geplafuvirales|Genomoviridae,Monodnaviria|Shotokuvirae|Cressdnaviricota|Repensiviricetes|Geplafuvirales,Family,Genomoviridae [C66],Monodnaviria > Shotokuvirae > Cressdnaviricota > Repensiviricetes > Geplafuvirales > Genomoviridae,6,193,0,1,Monodnaviria,1
Monodnaviria|Shotokuvirae|Cressdnaviricota|Repensiviricetes|Geplafuvirales|Geplanaviridae,Monodnaviria|Shotokuvirae|Cressdnaviricota|Repensiviricetes|Geplafuvirales,Family,Geplanaviridae [C16],Monodnaviria > Shotokuvirae > Cressdnaviricota > Repensiviricetes > Geplafuvirales > Geplanaviridae,6,8,0,1,Monodnaviria,1
Other_Realm|Helvetiavirae|Dividoviricota|Laserviricetes|Halopanivirales|Simuloviridae,Other_Realm|Helvetiavirae|Dividoviricota|Laserviricetes|Halopanivirales,Family,Simuloviridae [C84],Other_Realm > Helvetiavirae > Dividoviricota > Laserviricetes > Halopanivirales > Simuloviridae,6,3,0,1,Other_Realm,1
Other_Realm|Unassigned_Kingdom|Unassigned_Phylum|Unassigned_Class|Unassigned_Order|Bartogtaviriformidae,Other_Realm|Unassigned_Kingdom|Unassigned_Phylum|Unassigned_Class|Unassigned_Order,Family,Bartogtaviriformidae [C81],Other_Realm > Unassigned_Kingdom > Unassigned_Phylum > Unassigned_Class > Unassigned_Order > Bartogtaviriformidae,6,1,0,1,Other_Realm,1
Other_Realm|Unassigned_Kingdom|Unassigned_Phylum|Unassigned_Class|Unassigned_Order|Brachygtaviriformidae,Other_Realm|Unassigned_Kingdom|Unassigned_Phylum|Unassigned_Class|Unassigned_Order,Family,Brachygtaviriformidae [C5],Other_Realm > Unassigned_Kingdom > Unassigned_Phylum > Unassigned_Class > Unassigned_Order > Brachygtaviriformidae,6,1,0,1,Other_Realm,1
Other_Realm|Unassigned_Kingdom|Unassigned_Phylum|Unassigned_Class|Unassigned_Order|Polydnaviriformidae,Other_Realm|Unassigned_Kingdom|Unassigned_Phylum|Unassigned_Class|Unassigned_Order,Family,Polydnaviriformidae [C83],Other_Realm > Unassigned_Kingdom > Unassigned_Phylum > Unassigned_Class > Unassigned_Order > Polydnaviriformidae,6,1,0,1,Other_Realm,1
Other_Realm|Unassigned_Kingdom|Unassigned_Phylum|Unassigned_Class|Unassigned_Order|Rhodogtaviriformidae,Other_Realm|Unassigned_Kingdom|Unassigned_Phylum|Unassigned_Class|Unassigned_Order,Family,Rhodogtaviriformidae [C57],Other_Realm > Unassigned_Kingdom > Unassigned_Phylum > Unassigned_Class > Unassigned_Order > Rhodogtaviriformidae,6,4,0,1,Other_Realm,1
Other_Realm|Unassigned_Kingdom|Unassigned_Phylum|Unassigned_Class|Unassigned_Order|Thaspiviridae,Other_Realm|Unassigned_Kingdom|Unassigned_Phylum|Unassigned_Class|Unassigned_Order,Family,Thaspiviridae [C56],Other_Realm > Unassigned_Kingdom > Unassigned_Phylum > Unassigned_Class > Unassigned_Order > Thaspiviridae,6,1,0,1,Other_Realm,1
Other_Realm|Unassigned_Kingdom|Unassigned_Phylum|Unassigned_Class|Unassigned_Order|Unassigned_Family,Other_Realm|Unassigned_Kingdom|Unassigned_Phylum|Unassigned_Class|Unassigned_Order,Family,Unassigned_Family,Other_Realm > Unassigned_Kingdom > Unassigned_Phylum > Unassigned_Class > Unassigned_Order > Unassigned_Family,6,418,0,1,Other_Realm,1
Other_Realm|Unclassified_Unknown|Unclassified_Unknown|Naldaviricetes|Lefavirales|Baculoviridae,Other_Realm|Unclassified_Unknown|Unclassified_Unknown|Naldaviricetes|Lefavirales,Family,Baculoviridae [C86],Other_Realm > Unclassified_Unknown > Unclassified_Unknown > Naldaviricetes > Lefavirales > Baculoviridae,6,26,0,1,Other_Realm,1
Other_Realm|Unclassified_Unknown|Unclassified_Unknown|Naldaviricetes|Lefavirales|Hytrosaviridae,Other_Realm|Unclassified_Unknown|Unclassified_Unknown|Naldaviricetes|Lefavirales,Family,Hytrosaviridae [C86],Other_Realm > Unclassified_Unknown > Unclassified_Unknown > Naldaviricetes > Lefavirales > Hytrosaviridae,6,1,0,1,Other_Realm,1
Other_Realm|Unclassified_Unknown|Unclassified_Unknown|Naldaviricetes|Lefavirales|Nudiviridae,Other_Realm|Unclassified_Unknown|Unclassified_Unknown|Naldaviricetes|Lefavirales,Family,Nudiviridae [C28],Other_Realm > Unclassified_Unknown > Unclassified_Unknown > Naldaviricetes > Lefavirales > Nudiviridae,6,2,0,1,Other_Realm,1
Other_Realm|Zilligvirae|Taleaviricota|Tokiviricetes|Ligamenvirales|Lipothrixviridae,Other_Realm|Zilligvirae|Taleaviricota|Tokiviricetes|Ligamenvirales,Family,Lipothrixviridae [C84],Other_Realm > Zilligvirae > Taleaviricota > Tokiviricetes > Ligamenvirales > Lipothrixviridae,6,3,0,1,Other_Realm,1
Other_Realm|Zilligvirae|Taleaviricota|Tokiviricetes|Ligamenvirales|Rudiviridae,Other_Realm|Zilligvirae|Taleaviricota|Tokiviricetes|Ligamenvirales,Family,Rudiviridae [C86],Other_Realm > Zilligvirae > Taleaviricota > Tokiviricetes > Ligamenvirales > Rudiviridae,6,1,0,1,Other_Realm,1
Riboviria|Orthornavirae|Duplornaviricota|Chrymotiviricetes|Ghabrivirales|Artiviridae,Riboviria|Orthornavirae|Duplornaviricota|Chrymotiviricetes|Ghabrivirales,Family,Artiviridae [C97],Riboviria > Orthornavirae > Duplornaviricota > Chrymotiviricetes > Ghabrivirales > Artiviridae,6,1,0,1,Riboviria,1
Riboviria|Orthornavirae|Duplornaviricota|Chrymotiviricetes|Ghabrivirales|Chrysoviridae,Riboviria|Orthornavirae|Duplornaviricota|Chrymotiviricetes|Ghabrivirales,Family,Chrysoviridae [C86],Riboviria > Orthornavirae > Duplornaviricota > Chrymotiviricetes > Ghabrivirales > Chrysoviridae,6,14,0,1,Riboviria,1
Riboviria|Orthornavirae|Duplornaviricota|Chrymotiviricetes|Ghabrivirales|Giardiaviridae,Riboviria|Orthornavirae|Duplornaviricota|Chrymotiviricetes|Ghabrivirales,Family,Giardiaviridae [C86],Riboviria > Orthornavirae > Duplornaviricota > Chrymotiviricetes > Ghabrivirales > Giardiaviridae,6,2,0,1,Riboviria,1
Riboviria|Orthornavirae|Duplornaviricota|Chrymotiviricetes|Ghabrivirales|Orthototiviridae,Riboviria|Orthornavirae|Duplornaviricota|Chrymotiviricetes|Ghabrivirales,Family,Orthototiviridae [C86],Riboviria > Orthornavirae > Duplornaviricota > Chrymotiviricetes > Ghabrivirales > Orthototiviridae,6,18,0,1,Riboviria,1
Riboviria|Orthornavirae|Duplornaviricota|Chrymotiviricetes|Ghabrivirales|Pseudototiviridae,Riboviria|Orthornavirae|Duplornaviricota|Chrymotiviricetes|Ghabrivirales,Family,Pseudototiviridae [C86],Riboviria > Orthornavirae > Duplornaviricota > Chrymotiviricetes > Ghabrivirales > Pseudototiviridae,6,34,0,1,Riboviria,1
Riboviria|Orthornavirae|Duplornaviricota|Resentoviricetes|Reovirales|Sedoreoviridae,Riboviria|Orthornavirae|Duplornaviricota|Resentoviricetes|Reovirales,Family,Sedoreoviridae [C17],Riboviria > Orthornavirae > Duplornaviricota > Resentoviricetes > Reovirales > Sedoreoviridae,6,513,0,1,Riboviria,1
Riboviria|Orthornavirae|Duplornaviricota|Resentoviricetes|Reovirales|Spinareoviridae,Riboviria|Orthornavirae|Duplornaviricota|Resentoviricetes|Reovirales,Family,Spinareoviridae [C86],Riboviria > Orthornavirae > Duplornaviricota > Resentoviricetes > Reovirales > Spinareoviridae,6,60,0,1,Riboviria,1
Riboviria|Orthornavirae|Kitrinoviricota|Alsuviricetes|Hepelivirales|Alphatetraviridae,Riboviria|Orthornavirae|Kitrinoviricota|Alsuviricetes|Hepelivirales,Family,Alphatetraviridae [C4],Riboviria > Orthornavirae > Kitrinoviricota > Alsuviricetes > Hepelivirales > Alphatetraviridae,6,2,0,1,Riboviria,1
Riboviria|Orthornavirae|Kitrinoviricota|Alsuviricetes|Hepelivirales|Hepeviridae,Riboviria|Orthornavirae|Kitrinoviricota|Alsuviricetes|Hepelivirales,Family,Hepeviridae [C59],Riboviria > Orthornavirae > Kitrinoviricota > Alsuviricetes > Hepelivirales > Hepeviridae,6,1,0,1,Riboviria,1
Riboviria|Orthornavirae|Kitrinoviricota|Alsuviricetes|Martellivirales|Bromoviridae,Riboviria|Orthornavirae|Kitrinoviricota|Alsuviricetes|Martellivirales,Family,Bromoviridae [C28],Riboviria > Orthornavirae > Kitrinoviricota > Alsuviricetes > Martellivirales > Bromoviridae,6,36,0,1,Riboviria,1
Riboviria|Orthornavirae|Kitrinoviricota|Alsuviricetes|Martellivirales|Closteroviridae,Riboviria|Orthornavirae|Kitrinoviricota|Alsuviricetes|Martellivirales,Family,Closteroviridae [C86],Riboviria > Orthornavirae > Kitrinoviricota > Alsuviricetes > Martellivirales > Closteroviridae,6,9,0,1,Riboviria,1
Riboviria|Orthornavirae|Kitrinoviricota|Magsaviricetes|Nodamuvirales|Nodaviridae,Riboviria|Orthornavirae|Kitrinoviricota|Magsaviricetes|Nodamuvirales,Family,Nodaviridae [C8],Riboviria > Orthornavirae > Kitrinoviricota > Magsaviricetes > Nodamuvirales > Nodaviridae,6,20,0,1,Riboviria,1
Riboviria|Orthornavirae|Kitrinoviricota|Magsaviricetes|Nodamuvirales|Sinhaliviridae,Riboviria|Orthornavirae|Kitrinoviricota|Magsaviricetes|Nodamuvirales,Family,Sinhaliviridae [C4],Riboviria > Orthornavirae > Kitrinoviricota > Magsaviricetes > Nodamuvirales > Sinhaliviridae,6,8,0,1,Riboviria,1
Riboviria|Orthornavirae|Kitrinoviricota|Tolucaviricetes|Tolivirales|Tombusviridae,Riboviria|Orthornavirae|Kitrinoviricota|Tolucaviricetes|Tolivirales,Family,Tombusviridae [C62],Riboviria > Orthornavirae > Kitrinoviricota > Tolucaviricetes > Tolivirales > Tombusviridae,6,134,0,1,Riboviria,1
Riboviria|Orthornavirae|Lenarviricota|Amabiliviricetes|Wolframvirales|Narnaviridae,Riboviria|Orthornavirae|Lenarviricota|Amabiliviricetes|Wolframvirales,Family,Narnaviridae [C72],Riboviria > Orthornavirae > Lenarviricota > Amabiliviricetes > Wolframvirales > Narnaviridae,6,1,0,1,Riboviria,1
Riboviria|Orthornavirae|Lenarviricota|Leviviricetes|Norzivirales|Fiersviridae,Riboviria|Orthornavirae|Lenarviricota|Leviviricetes|Norzivirales,Family,Fiersviridae [C79],Riboviria > Orthornavirae > Lenarviricota > Leviviricetes > Norzivirales > Fiersviridae,6,131,0,1,Riboviria,1
Riboviria|Orthornavirae|Lenarviricota|Leviviricetes|Norzivirales|Solspiviridae,Riboviria|Orthornavirae|Lenarviricota|Leviviricetes|Norzivirales,Family,Solspiviridae [C79],Riboviria > Orthornavirae > Lenarviricota > Leviviricetes > Norzivirales > Solspiviridae,6,6,0,1,Riboviria,1
Riboviria|Orthornavirae|Lenarviricota|Leviviricetes|Timlovirales|Steitzviridae,Riboviria|Orthornavirae|Lenarviricota|Leviviricetes|Timlovirales,Family,Steitzviridae [C79],Riboviria > Orthornavirae > Lenarviricota > Leviviricetes > Timlovirales > Steitzviridae,6,56,0,1,Riboviria,1
Riboviria|Orthornavirae|Lenarviricota|Leviviricetes|Unclassified_Leviviricetes|Unclassified_Leviviricetes,Riboviria|Orthornavirae|Lenarviricota|Leviviricetes|Unclassified_Leviviricetes,Family,Unclassified_Leviviricetes [C79],Riboviria > Orthornavirae > Lenarviricota > Leviviricetes > Unclassified_Leviviricetes > Unclassified_Leviviricetes,6,1,0,1,Riboviria,1
Riboviria|Orthornavirae|Lenarviricota|Miaviricetes|Ourlivirales|Botourmiaviridae,Riboviria|Orthornavirae|Lenarviricota|Miaviricetes|Ourlivirales,Family,Botourmiaviridae [C72],Riboviria > Orthornavirae > Lenarviricota > Miaviricetes > Ourlivirales > Botourmiaviridae,6,4,0,1,Riboviria,1
Riboviria|Orthornavirae|Negarnaviricota|Bunyaviricetes|Elliovirales|Fimoviridae,Riboviria|Orthornavirae|Negarnaviricota|Bunyaviricetes|Elliovirales,Family,Fimoviridae [C86],Riboviria > Orthornavirae > Negarnaviricota > Bunyaviricetes > Elliovirales > Fimoviridae,6,5,0,1,Riboviria,1
Riboviria|Orthornavirae|Negarnaviricota|Bunyaviricetes|Hareavirales|Nairoviridae,Riboviria|Orthornavirae|Negarnaviricota|Bunyaviricetes|Hareavirales,Family,Nairoviridae [C86],Riboviria > Orthornavirae > Negarnaviricota > Bunyaviricetes > Hareavirales > Nairoviridae,6,1,0,1,Riboviria,1
Riboviria|Orthornavirae|Negarnaviricota|Bunyaviricetes|Hareavirales|Phenuiviridae,Riboviria|Orthornavirae|Negarnaviricota|Bunyaviricetes|Hareavirales,Family,Phenuiviridae [C86],Riboviria > Orthornavirae > Negarnaviricota > Bunyaviricetes > Hareavirales > Phenuiviridae,6,2,0,1,Riboviria,1
Riboviria|Orthornavirae|Negarnaviricota|Monjiviricetes|Jingchuvirales|Aliusviridae,Riboviria|Orthornavirae|Negarnaviricota|Monjiviricetes|Jingchuvirales,Family,Aliusviridae [C86],Riboviria > Orthornavirae > Negarnaviricota > Monjiviricetes > Jingchuvirales > Aliusviridae,6,3,0,1,Riboviria,1
Riboviria|Orthornavirae|Negarnaviricota|Monjiviricetes|Mononegavirales|Filoviridae,Riboviria|Orthornavirae|Negarnaviricota|Monjiviricetes|Mononegavirales,Family,Filoviridae [C86],Riboviria > Orthornavirae > Negarnaviricota > Monjiviricetes > Mononegavirales > Filoviridae,6,1,0,1,Riboviria,1
Riboviria|Orthornavirae|Negarnaviricota|Monjiviricetes|Mononegavirales|Nyamiviridae,Riboviria|Orthornavirae|Negarnaviricota|Monjiviricetes|Mononegavirales,Family,Nyamiviridae [C86],Riboviria > Orthornavirae > Negarnaviricota > Monjiviricetes > Mononegavirales > Nyamiviridae,6,1,0,1,Riboviria,1
Riboviria|Orthornavirae|Negarnaviricota|Monjiviricetes|Mononegavirales|Paramyxoviridae,Riboviria|Orthornavirae|Negarnaviricota|Monjiviricetes|Mononegavirales,Family,Paramyxoviridae [C86],Riboviria > Orthornavirae > Negarnaviricota > Monjiviricetes > Mononegavirales > Paramyxoviridae,6,7,0,1,Riboviria,1
Riboviria|Orthornavirae|Negarnaviricota|Yunchangviricetes|Goujianvirales|Yueviridae,Riboviria|Orthornavirae|Negarnaviricota|Yunchangviricetes|Goujianvirales,Family,Yueviridae [C72],Riboviria > Orthornavirae > Negarnaviricota > Yunchangviricetes > Goujianvirales > Yueviridae,6,45,0,1,Riboviria,1
Riboviria|Orthornavirae|Pisuviricota|Duplopiviricetes|Durnavirales|Amalgaviridae,Riboviria|Orthornavirae|Pisuviricota|Duplopiviricetes|Durnavirales,Family,Amalgaviridae [C86],Riboviria > Orthornavirae > Pisuviricota > Duplopiviricetes > Durnavirales > Amalgaviridae,6,1,0,1,Riboviria,1
Riboviria|Orthornavirae|Pisuviricota|Duplopiviricetes|Durnavirales|Partitiviridae,Riboviria|Orthornavirae|Pisuviricota|Duplopiviricetes|Durnavirales,Family,Partitiviridae [C86],Riboviria > Orthornavirae > Pisuviricota > Duplopiviricetes > Durnavirales > Partitiviridae,6,34,0,1,Riboviria,1
Riboviria|Orthornavirae|Pisuviricota|Duplopiviricetes|Durnavirales|Picobirnaviridae,Riboviria|Orthornavirae|Pisuviricota|Duplopiviricetes|Durnavirales,Family,Picobirnaviridae [C86],Riboviria > Orthornavirae > Pisuviricota > Duplopiviricetes > Durnavirales > Picobirnaviridae,6,5,0,1,Riboviria,1
Riboviria|Orthornavirae|Pisuviricota|Pisoniviricetes|Nidovirales|Arteriviridae,Riboviria|Orthornavirae|Pisuviricota|Pisoniviricetes|Nidovirales,Family,Arteriviridae [C9],Riboviria > Orthornavirae > Pisuviricota > Pisoniviricetes > Nidovirales > Arteriviridae,6,3,0,1,Riboviria,1
Riboviria|Orthornavirae|Pisuviricota|Pisoniviricetes|Picornavirales|Caliciviridae,Riboviria|Orthornavirae|Pisuviricota|Pisoniviricetes|Picornavirales,Family,Caliciviridae [C48],Riboviria > Orthornavirae > Pisuviricota > Pisoniviricetes > Picornavirales > Caliciviridae,6,238,0,1,Riboviria,1
Riboviria|Orthornavirae|Pisuviricota|Pisoniviricetes|Picornavirales|Dicistroviridae,Riboviria|Orthornavirae|Pisuviricota|Pisoniviricetes|Picornavirales,Family,Dicistroviridae [C48],Riboviria > Orthornavirae > Pisuviricota > Pisoniviricetes > Picornavirales > Dicistroviridae,6,4,0,1,Riboviria,1
Riboviria|Orthornavirae|Pisuviricota|Pisoniviricetes|Picornavirales|Iflaviridae,Riboviria|Orthornavirae|Pisuviricota|Pisoniviricetes|Picornavirales,Family,Iflaviridae [C48],Riboviria > Orthornavirae > Pisuviricota > Pisoniviricetes > Picornavirales > Iflaviridae,6,3,0,1,Riboviria,1
Riboviria|Orthornavirae|Pisuviricota|Pisoniviricetes|Picornavirales|Noraviridae,Riboviria|Orthornavirae|Pisuviricota|Pisoniviricetes|Picornavirales,Family,Noraviridae [C48],Riboviria > Orthornavirae > Pisuviricota > Pisoniviricetes > Picornavirales > Noraviridae,6,1,0,1,Riboviria,1
Riboviria|Orthornavirae|Pisuviricota|Pisoniviricetes|Picornavirales|Picornaviridae,Riboviria|Orthornavirae|Pisuviricota|Pisoniviricetes|Picornavirales,Family,Picornaviridae [C48],Riboviria > Orthornavirae > Pisuviricota > Pisoniviricetes > Picornavirales > Picornaviridae,6,123,0,1,Riboviria,1
Riboviria|Orthornavirae|Pisuviricota|Pisoniviricetes|Picornavirales|Polycipiviridae,Riboviria|Orthornavirae|Pisuviricota|Pisoniviricetes|Picornavirales,Family,Polycipiviridae [C48],Riboviria > Orthornavirae > Pisuviricota > Pisoniviricetes > Picornavirales > Polycipiviridae,6,8,0,1,Riboviria,1
Riboviria|Orthornavirae|Pisuviricota|Pisoniviricetes|Picornavirales|Secoviridae,Riboviria|Orthornavirae|Pisuviricota|Pisoniviricetes|Picornavirales,Family,Secoviridae [C48],Riboviria > Orthornavirae > Pisuviricota > Pisoniviricetes > Picornavirales > Secoviridae,6,12,0,1,Riboviria,1
Riboviria|Orthornavirae|Pisuviricota|Pisoniviricetes|Picornavirales|Solinviviridae,Riboviria|Orthornavirae|Pisuviricota|Pisoniviricetes|Picornavirales,Family,Solinviviridae [C73],Riboviria > Orthornavirae > Pisuviricota > Pisoniviricetes > Picornavirales > Solinviviridae,6,2,0,1,Riboviria,1
Riboviria|Orthornavirae|Pisuviricota|Pisoniviricetes|Sobelivirales|Alvernaviridae,Riboviria|Orthornavirae|Pisuviricota|Pisoniviricetes|Sobelivirales,Family,Alvernaviridae [C8],Riboviria > Orthornavirae > Pisuviricota > Pisoniviricetes > Sobelivirales > Alvernaviridae,6,3,0,1,Riboviria,1
Riboviria|Orthornavirae|Pisuviricota|Pisoniviricetes|Sobelivirales|Barnaviridae,Riboviria|Orthornavirae|Pisuviricota|Pisoniviricetes|Sobelivirales,Family,Barnaviridae [C72],Riboviria > Orthornavirae > Pisuviricota > Pisoniviricetes > Sobelivirales > Barnaviridae,6,2,0,1,Riboviria,1
Riboviria|Orthornavirae|Pisuviricota|Pisoniviricetes|Sobelivirales|Solemoviridae,Riboviria|Orthornavirae|Pisuviricota|Pisoniviricetes|Sobelivirales,Family,Solemoviridae [C72],Riboviria > Orthornavirae > Pisuviricota > Pisoniviricetes > Sobelivirales > Solemoviridae,6,138,0,1,Riboviria,1
Riboviria|Orthornavirae|Pisuviricota|Stelpaviricetes|Stellavirales|Astroviridae,Riboviria|Orthornavirae|Pisuviricota|Stelpaviricetes|Stellavirales,Family,Astroviridae [C72],Riboviria > Orthornavirae > Pisuviricota > Stelpaviricetes > Stellavirales > Astroviridae,6,52,0,1,Riboviria,1
Riboviria|Orthornavirae|Unassigned_Phylum|Unassigned_Class|Unassigned_Order|Birnaviridae,Riboviria|Orthornavirae|Unassigned_Phylum|Unassigned_Class|Unassigned_Order,Family,Birnaviridae [C3],Riboviria > Orthornavirae > Unassigned_Phylum > Unassigned_Class > Unassigned_Order > Birnaviridae,6,1,0,1,Riboviria,1
Riboviria|Orthornavirae|Unassigned_Phylum|Unassigned_Class|Unassigned_Order|Permutotetraviridae,Riboviria|Orthornavirae|Unassigned_Phylum|Unassigned_Class|Unassigned_Order,Family,Permutotetraviridae [C72],Riboviria > Orthornavirae > Unassigned_Phylum > Unassigned_Class > Unassigned_Order > Permutotetraviridae,6,1,0,1,Riboviria,1
Riboviria|Unclassified_Riboviria|Unclassified_Riboviria|Unclassified_Riboviria|Tombendovirales|Tomosaviridae,Riboviria|Unclassified_Riboviria|Unclassified_Riboviria|Unclassified_Riboviria|Tombendovirales,Family,Tomosaviridae [C28],Riboviria > Unclassified_Riboviria > Unclassified_Riboviria > Unclassified_Riboviria > Tombendovirales > Tomosaviridae,6,1,0,1,Riboviria,1
Riboviria|Unclassified_Riboviria|Unclassified_Riboviria|Unclassified_Riboviria|Unclassified_Riboviria|Tonesaviridae,Riboviria|Unclassified_Riboviria|Unclassified_Riboviria|Unclassified_Riboviria|Unclassified_Riboviria,Family,Tonesaviridae [C28],Riboviria > Unclassified_Riboviria > Unclassified_Riboviria > Unclassified_Riboviria > Unclassified_Riboviria > Tonesaviridae,6,3,0,1,Riboviria,1
Varidnaviria|Abadenavirae|Produgelaviricota|Ainoaviricetes|Lautamovirales|Finnlakeviridae,Varidnaviria|Abadenavirae|Produgelaviricota|Ainoaviricetes|Lautamovirales,Family,Finnlakeviridae [C56],Varidnaviria > Abadenavirae > Produgelaviricota > Ainoaviricetes > Lautamovirales > Finnlakeviridae,6,1,0,1,Varidnaviria,1
Varidnaviria|Abadenavirae|Produgelaviricota|Belvinaviricetes|Atroposvirales|Skuldviridae,Varidnaviria|Abadenavirae|Produgelaviricota|Belvinaviricetes|Atroposvirales,Family,Skuldviridae [C56],Varidnaviria > Abadenavirae > Produgelaviricota > Belvinaviricetes > Atroposvirales > Skuldviridae,6,2,0,1,Varidnaviria,1
Varidnaviria|Abadenavirae|Produgelaviricota|Belvinaviricetes|Belfryvirales|Turriviridae,Varidnaviria|Abadenavirae|Produgelaviricota|Belvinaviricetes|Belfryvirales,Family,Turriviridae [C56],Varidnaviria > Abadenavirae > Produgelaviricota > Belvinaviricetes > Belfryvirales > Turriviridae,6,1,0,1,Varidnaviria,1
Varidnaviria|Abadenavirae|Produgelaviricota|Belvinaviricetes|Vinavirales|Asemoviridae,Varidnaviria|Abadenavirae|Produgelaviricota|Belvinaviricetes|Vinavirales,Family,Asemoviridae [C56],Varidnaviria > Abadenavirae > Produgelaviricota > Belvinaviricetes > Vinavirales > Asemoviridae,6,1,0,1,Varidnaviria,1
Varidnaviria|Abadenavirae|Produgelaviricota|Belvinaviricetes|Vinavirales|Corticoviridae,Varidnaviria|Abadenavirae|Produgelaviricota|Belvinaviricetes|Vinavirales,Family,Corticoviridae [C56],Varidnaviria > Abadenavirae > Produgelaviricota > Belvinaviricetes > Vinavirales > Corticoviridae,6,2,0,1,Varidnaviria,1
Varidnaviria|Abadenavirae|Produgelaviricota|Belvinaviricetes|Vinavirales|Parnassusviridae,Varidnaviria|Abadenavirae|Produgelaviricota|Belvinaviricetes|Vinavirales,Family,Parnassusviridae [C56],Varidnaviria > Abadenavirae > Produgelaviricota > Belvinaviricetes > Vinavirales > Parnassusviridae,6,1,0,1,Varidnaviria,1
Varidnaviria|Bamfordvirae|Nucleocytoviricota|Megaviricetes|Algavirales|Phycodnaviridae,Varidnaviria|Bamfordvirae|Nucleocytoviricota|Megaviricetes|Algavirales,Family,Phycodnaviridae [C30],Varidnaviria > Bamfordvirae > Nucleocytoviricota > Megaviricetes > Algavirales > Phycodnaviridae,6,111,0,1,Varidnaviria,1
Varidnaviria|Bamfordvirae|Nucleocytoviricota|Megaviricetes|Imitervirales|Allomimiviridae,Varidnaviria|Bamfordvirae|Nucleocytoviricota|Megaviricetes|Imitervirales,Family,Allomimiviridae [C30],Varidnaviria > Bamfordvirae > Nucleocytoviricota > Megaviricetes > Imitervirales > Allomimiviridae,6,6,0,1,Varidnaviria,1
Varidnaviria|Bamfordvirae|Nucleocytoviricota|Megaviricetes|Imitervirales|Mesomimiviridae,Varidnaviria|Bamfordvirae|Nucleocytoviricota|Megaviricetes|Imitervirales,Family,Mesomimiviridae [C30],Varidnaviria > Bamfordvirae > Nucleocytoviricota > Megaviricetes > Imitervirales > Mesomimiviridae,6,3,0,1,Varidnaviria,1
Varidnaviria|Bamfordvirae|Nucleocytoviricota|Megaviricetes|Imitervirales|Mimiviridae,Varidnaviria|Bamfordvirae|Nucleocytoviricota|Megaviricetes|Imitervirales,Family,Mimiviridae [C30],Varidnaviria > Bamfordvirae > Nucleocytoviricota > Megaviricetes > Imitervirales > Mimiviridae,6,228,0,1,Varidnaviria,1
Varidnaviria|Bamfordvirae|Nucleocytoviricota|Megaviricetes|Imitervirales|Schizomimiviridae,Varidnaviria|Bamfordvirae|Nucleocytoviricota|Megaviricetes|Imitervirales,Family,Schizomimiviridae [C30],Varidnaviria > Bamfordvirae > Nucleocytoviricota > Megaviricetes > Imitervirales > Schizomimiviridae,6,9,0,1,Varidnaviria,1
Varidnaviria|Bamfordvirae|Nucleocytoviricota|Megaviricetes|Pimascovirales|Ascoviridae,Varidnaviria|Bamfordvirae|Nucleocytoviricota|Megaviricetes|Pimascovirales,Family,Ascoviridae [C30],Varidnaviria > Bamfordvirae > Nucleocytoviricota > Megaviricetes > Pimascovirales > Ascoviridae,6,6,0,1,Varidnaviria,1
Varidnaviria|Bamfordvirae|Nucleocytoviricota|Megaviricetes|Pimascovirales|Iridoviridae,Varidnaviria|Bamfordvirae|Nucleocytoviricota|Megaviricetes|Pimascovirales,Family,Iridoviridae [C30],Varidnaviria > Bamfordvirae > Nucleocytoviricota > Megaviricetes > Pimascovirales > Iridoviridae,6,58,0,1,Varidnaviria,1
Varidnaviria|Bamfordvirae|Nucleocytoviricota|Megaviricetes|Pimascovirales|Marseilleviridae,Varidnaviria|Bamfordvirae|Nucleocytoviricota|Megaviricetes|Pimascovirales,Family,Marseilleviridae [C30],Varidnaviria > Bamfordvirae > Nucleocytoviricota > Megaviricetes > Pimascovirales > Marseilleviridae,6,29,0,1,Varidnaviria,1
Varidnaviria|Bamfordvirae|Nucleocytoviricota|Megaviricetes|Pimascovirales|Orpheoviridae,Varidnaviria|Bamfordvirae|Nucleocytoviricota|Megaviricetes|Pimascovirales,Family,Orpheoviridae [C75],Varidnaviria > Bamfordvirae > Nucleocytoviricota > Megaviricetes > Pimascovirales > Orpheoviridae,6,1,0,1,Varidnaviria,1
Varidnaviria|Bamfordvirae|Nucleocytoviricota|Megaviricetes|Unassigned_Order|Mamonoviridae,Varidnaviria|Bamfordvirae|Nucleocytoviricota|Megaviricetes|Unassigned_Order,Family,Mamonoviridae [C30],Varidnaviria > Bamfordvirae > Nucleocytoviricota > Megaviricetes > Unassigned_Order > Mamonoviridae,6,3,0,1,Varidnaviria,1
Varidnaviria|Bamfordvirae|Nucleocytoviricota|Mriyaviricetes|Unassigned_Order|Yaraviridae,Varidnaviria|Bamfordvirae|Nucleocytoviricota|Mriyaviricetes|Unassigned_Order,Family,Yaraviridae [C30],Varidnaviria > Bamfordvirae > Nucleocytoviricota > Mriyaviricetes > Unassigned_Order > Yaraviridae,6,1,0,1,Varidnaviria,1
Varidnaviria|Bamfordvirae|Nucleocytoviricota|Mriyaviricetes|Unclassified_Mriyaviricetes|Yaraviridae,Varidnaviria|Bamfordvirae|Nucleocytoviricota|Mriyaviricetes|Unclassified_Mriyaviricetes,Family,Yaraviridae [C30],Varidnaviria > Bamfordvirae > Nucleocytoviricota > Mriyaviricetes > Unclassified_Mriyaviricetes > Yaraviridae,6,1,0,1,Varidnaviria,1
Varidnaviria|Bamfordvirae|Nucleocytoviricota|Pokkesviricetes|Asfuvirales|Asfarviridae,Varidnaviria|Bamfordvirae|Nucleocytoviricota|Pokkesviricetes|Asfuvirales,Family,Asfarviridae [C30],Varidnaviria > Bamfordvirae > Nucleocytoviricota > Pokkesviricetes > Asfuvirales > Asfarviridae,6,3,0,1,Varidnaviria,1
Varidnaviria|Bamfordvirae|Nucleocytoviricota|Pokkesviricetes|Chitovirales|Poxviridae,Varidnaviria|Bamfordvirae|Nucleocytoviricota|Pokkesviricetes|Chitovirales,Family,Poxviridae [C86],Varidnaviria > Bamfordvirae > Nucleocytoviricota > Pokkesviricetes > Chitovirales > Poxviridae,6,3,0,1,Varidnaviria,1
Varidnaviria|Bamfordvirae|Preplasmiviricota|Aquintoviricetes|Archintovirales|Phypoliviridae,Varidnaviria|Bamfordvirae|Preplasmiviricota|Aquintoviricetes|Archintovirales,Family,Phypoliviridae [C75],Varidnaviria > Bamfordvirae > Preplasmiviricota > Aquintoviricetes > Archintovirales > Phypoliviridae,6,2,0,1,Varidnaviria,1
Varidnaviria|Bamfordvirae|Preplasmiviricota|Pharingeaviricetes|Rowavirales|Adenoviridae,Varidnaviria|Bamfordvirae|Preplasmiviricota|Pharingeaviricetes|Rowavirales,Family,Adenoviridae [C86],Varidnaviria > Bamfordvirae > Preplasmiviricota > Pharingeaviricetes > Rowavirales > Adenoviridae,6,8,0,1,Varidnaviria,1
Varidnaviria|Bamfordvirae|Preplasmiviricota|Tectiliviricetes|Kalamavirales|Tectiviridae,Varidnaviria|Bamfordvirae|Preplasmiviricota|Tectiliviricetes|Kalamavirales,Family,Tectiviridae [C56],Varidnaviria > Bamfordvirae > Preplasmiviricota > Tectiliviricetes > Kalamavirales > Tectiviridae,6,9,0,1,Varidnaviria,1
Varidnaviria|Bamfordvirae|Preplasmiviricota|Virophaviricetes|Mividavirales|Sputniviroviridae,Varidnaviria|Bamfordvirae|Preplasmiviricota|Virophaviricetes|Mividavirales,Family,Sputniviroviridae [C53],Varidnaviria > Bamfordvirae > Preplasmiviricota > Virophaviricetes > Mividavirales > Sputniviroviridae,6,2,0,1,Varidnaviria,1
Varidnaviria|Bamfordvirae|Preplasmiviricota|Virophaviricetes|Priklausovirales|Burtonviroviridae,Varidnaviria|Bamfordvirae|Preplasmiviricota|Virophaviricetes|Priklausovirales,Family,Burtonviroviridae [C53],Varidnaviria > Bamfordvirae > Preplasmiviricota > Virophaviricetes > Priklausovirales > Burtonviroviridae,6,2,0,1,Varidnaviria,1
Varidnaviria|Bamfordvirae|Preplasmiviricota|Virophaviricetes|Priklausovirales|Omnilimnoviroviridae,Varidnaviria|Bamfordvirae|Preplasmiviricota|Virophaviricetes|Priklausovirales,Family,Omnilimnoviroviridae [C53],Varidnaviria > Bamfordvirae > Preplasmiviricota > Virophaviricetes > Priklausovirales > Omnilimnoviroviridae,6,1,0,1,Varidnaviria,1
