parent_id,parent_label,parent_rank,child_id,child_label,child_rank,child_n_sequences
root,All mapped non-noise taxonomy,Root,Duplodnaviria,Duplodnaviria,Realm,2817
root,All mapped non-noise taxonomy,Root,Monodnaviria,Monodnaviria,Realm,2923
root,All mapped non-noise taxonomy,Root,Other_Realm,Other_Realm,Realm,462
root,All mapped non-noise taxonomy,Root,Riboviria,Riboviria,Realm,1751
root,All mapped non-noise taxonomy,Root,Varidnaviria,Varidnaviria,Realm,494
Duplodnaviria,Duplodnaviria,Realm,Duplodnaviria|Heunggongvirae,Heunggongvirae,Kingdom,2817
Monodnaviria,Monodnaviria,Realm,Monodnaviria|Loebvirae,Loebvirae,Kingdom,28
Monodnaviria,Monodnaviria,Realm,Monodnaviria|Sangervirae,Sangervirae,Kingdom,873
Monodnaviria,Monodnaviria,Realm,Monodnaviria|Shotokuvirae,Shotokuvirae,Kingdom,2022
Other_Realm,Other_Realm,Realm,Other_Realm|Helvetiavirae,Helvetiavirae,Kingdom,3
Other_Realm,Other_Realm,Realm,Other_Realm|Unassigned_Kingdom,Unassigned_Kingdom,Kingdom,426
Other_Realm,Other_Realm,Realm,Other_Realm|Unclassified_Unknown,Unclassified_Unknown,Kingdom,29
Other_Realm,Other_Realm,Realm,Other_Realm|Zilligvirae,Zilligvirae,Kingdom,4
Riboviria,Riboviria,Realm,Riboviria|Orthornavirae,Orthornavirae,Kingdom,1747
Riboviria,Riboviria,Realm,Riboviria|Unclassified_Riboviria,Unclassified_Riboviria,Kingdom,4
Varidnaviria,Varidnaviria,Realm,Varidnaviria|Abadenavirae,Abadenavirae,Kingdom,8
Varidnaviria,Varidnaviria,Realm,Varidnaviria|Bamfordvirae,Bamfordvirae,Kingdom,486
Duplodnaviria|Heunggongvirae,Heunggongvirae,Kingdom,Duplodnaviria|Heunggongvirae|Peploviricota,Peploviricota,Phylum,112
Duplodnaviria|Heunggongvirae,Heunggongvirae,Kingdom,Duplodnaviria|Heunggongvirae|Uroviricota,Uroviricota,Phylum,2705
Monodnaviria|Loebvirae,Loebvirae,Kingdom,Monodnaviria|Loebvirae|Hofneiviricota,Hofneiviricota,Phylum,28
Monodnaviria|Sangervirae,Sangervirae,Kingdom,Monodnaviria|Sangervirae|Phixviricota,Phixviricota,Phylum,873
Monodnaviria|Shotokuvirae,Shotokuvirae,Kingdom,Monodnaviria|Shotokuvirae|Commensaviricota,Commensaviricota,Phylum,217
Monodnaviria|Shotokuvirae,Shotokuvirae,Kingdom,Monodnaviria|Shotokuvirae|Cossaviricota,Cossaviricota,Phylum,185
Monodnaviria|Shotokuvirae,Shotokuvirae,Kingdom,Monodnaviria|Shotokuvirae|Cressdnaviricota,Cressdnaviricota,Phylum,1620
Other_Realm|Helvetiavirae,Helvetiavirae,Kingdom,Other_Realm|Helvetiavirae|Dividoviricota,Dividoviricota,Phylum,3
Other_Realm|Unassigned_Kingdom,Unassigned_Kingdom,Kingdom,Other_Realm|Unassigned_Kingdom|Unassigned_Phylum,Unassigned_Phylum,Phylum,426
Other_Realm|Unclassified_Unknown,Unclassified_Unknown,Kingdom,Other_Realm|Unclassified_Unknown|Unclassified_Unknown,Unclassified_Unknown,Phylum,29
Other_Realm|Zilligvirae,Zilligvirae,Kingdom,Other_Realm|Zilligvirae|Taleaviricota,Taleaviricota,Phylum,4
Riboviria|Orthornavirae,Orthornavirae,Kingdom,Riboviria|Orthornavirae|Duplornaviricota,Duplornaviricota,Phylum,642
Riboviria|Orthornavirae,Orthornavirae,Kingdom,Riboviria|Orthornavirae|Kitrinoviricota,Kitrinoviricota,Phylum,210
Riboviria|Orthornavirae,Orthornavirae,Kingdom,Riboviria|Orthornavirae|Lenarviricota,Lenarviricota,Phylum,199
Riboviria|Orthornavirae,Orthornavirae,Kingdom,Riboviria|Orthornavirae|Negarnaviricota,Negarnaviricota,Phylum,65
Riboviria|Orthornavirae,Orthornavirae,Kingdom,Riboviria|Orthornavirae|Pisuviricota,Pisuviricota,Phylum,629
Riboviria|Orthornavirae,Orthornavirae,Kingdom,Riboviria|Orthornavirae|Unassigned_Phylum,Unassigned_Phylum,Phylum,2
Riboviria|Unclassified_Riboviria,Unclassified_Riboviria,Kingdom,Riboviria|Unclassified_Riboviria|Unclassified_Riboviria,Unclassified_Riboviria,Phylum,4
Varidnaviria|Abadenavirae,Abadenavirae,Kingdom,Varidnaviria|Abadenavirae|Produgelaviricota,Produgelaviricota,Phylum,8
Varidnaviria|Bamfordvirae,Bamfordvirae,Kingdom,Varidnaviria|Bamfordvirae|Nucleocytoviricota,Nucleocytoviricota,Phylum,462
Varidnaviria|Bamfordvirae,Bamfordvirae,Kingdom,Varidnaviria|Bamfordvirae|Preplasmiviricota,Preplasmiviricota,Phylum,24
Duplodnaviria|Heunggongvirae|Peploviricota,Peploviricota,Phylum,Duplodnaviria|Heunggongvirae|Peploviricota|Herviviricetes,Herviviricetes,Class,112
Duplodnaviria|Heunggongvirae|Uroviricota,Uroviricota,Phylum,Duplodnaviria|Heunggongvirae|Uroviricota|Caudoviricetes,Caudoviricetes,Class,2705
Monodnaviria|Loebvirae|Hofneiviricota,Hofneiviricota,Phylum,Monodnaviria|Loebvirae|Hofneiviricota|Faserviricetes,Faserviricetes,Class,28
Monodnaviria|Sangervirae|Phixviricota,Phixviricota,Phylum,Monodnaviria|Sangervirae|Phixviricota|Malgrandaviricetes,Malgrandaviricetes,Class,873
Monodnaviria|Shotokuvirae|Commensaviricota,Commensaviricota,Phylum,Monodnaviria|Shotokuvirae|Commensaviricota|Cardeaviricetes,Cardeaviricetes,Class,217
Monodnaviria|Shotokuvirae|Cossaviricota,Cossaviricota,Phylum,Monodnaviria|Shotokuvirae|Cossaviricota|Papovaviricetes,Papovaviricetes,Class,156
Monodnaviria|Shotokuvirae|Cossaviricota,Cossaviricota,Phylum,Monodnaviria|Shotokuvirae|Cossaviricota|Quintoviricetes,Quintoviricetes,Class,29
Monodnaviria|Shotokuvirae|Cressdnaviricota,Cressdnaviricota,Phylum,Monodnaviria|Shotokuvirae|Cressdnaviricota|Arfiviricetes,Arfiviricetes,Class,522
Monodnaviria|Shotokuvirae|Cressdnaviricota,Cressdnaviricota,Phylum,Monodnaviria|Shotokuvirae|Cressdnaviricota|Repensiviricetes,Repensiviricetes,Class,1098
Other_Realm|Helvetiavirae|Dividoviricota,Dividoviricota,Phylum,Other_Realm|Helvetiavirae|Dividoviricota|Laserviricetes,Laserviricetes,Class,3
Other_Realm|Unassigned_Kingdom|Unassigned_Phylum,Unassigned_Phylum,Phylum,Other_Realm|Unassigned_Kingdom|Unassigned_Phylum|Unassigned_Class,Unassigned_Class,Class,426
Other_Realm|Unclassified_Unknown|Unclassified_Unknown,Unclassified_Unknown,Phylum,Other_Realm|Unclassified_Unknown|Unclassified_Unknown|Naldaviricetes,Naldaviricetes,Class,29
Other_Realm|Zilligvirae|Taleaviricota,Taleaviricota,Phylum,Other_Realm|Zilligvirae|Taleaviricota|Tokiviricetes,Tokiviricetes,Class,4
Riboviria|Orthornavirae|Duplornaviricota,Duplornaviricota,Phylum,Riboviria|Orthornavirae|Duplornaviricota|Chrymotiviricetes,Chrymotiviricetes,Class,69
Riboviria|Orthornavirae|Duplornaviricota,Duplornaviricota,Phylum,Riboviria|Orthornavirae|Duplornaviricota|Resentoviricetes,Resentoviricetes,Class,573
Riboviria|Orthornavirae|Kitrinoviricota,Kitrinoviricota,Phylum,Riboviria|Orthornavirae|Kitrinoviricota|Alsuviricetes,Alsuviricetes,Class,48
Riboviria|Orthornavirae|Kitrinoviricota,Kitrinoviricota,Phylum,Riboviria|Orthornavirae|Kitrinoviricota|Magsaviricetes,Magsaviricetes,Class,28
Riboviria|Orthornavirae|Kitrinoviricota,Kitrinoviricota,Phylum,Riboviria|Orthornavirae|Kitrinoviricota|Tolucaviricetes,Tolucaviricetes,Class,134
Riboviria|Orthornavirae|Lenarviricota,Lenarviricota,Phylum,Riboviria|Orthornavirae|Lenarviricota|Amabiliviricetes,Amabiliviricetes,Class,1
Riboviria|Orthornavirae|Lenarviricota,Lenarviricota,Phylum,Riboviria|Orthornavirae|Lenarviricota|Leviviricetes,Leviviricetes,Class,194
Riboviria|Orthornavirae|Lenarviricota,Lenarviricota,Phylum,Riboviria|Orthornavirae|Lenarviricota|Miaviricetes,Miaviricetes,Class,4
Riboviria|Orthornavirae|Negarnaviricota,Negarnaviricota,Phylum,Riboviria|Orthornavirae|Negarnaviricota|Bunyaviricetes,Bunyaviricetes,Class,8
Riboviria|Orthornavirae|Negarnaviricota,Negarnaviricota,Phylum,Riboviria|Orthornavirae|Negarnaviricota|Monjiviricetes,Monjiviricetes,Class,12
Riboviria|Orthornavirae|Negarnaviricota,Negarnaviricota,Phylum,Riboviria|Orthornavirae|Negarnaviricota|Yunchangviricetes,Yunchangviricetes,Class,45
Riboviria|Orthornavirae|Pisuviricota,Pisuviricota,Phylum,Riboviria|Orthornavirae|Pisuviricota|Duplopiviricetes,Duplopiviricetes,Class,40
Riboviria|Orthornavirae|Pisuviricota,Pisuviricota,Phylum,Riboviria|Orthornavirae|Pisuviricota|Pisoniviricetes,Pisoniviricetes,Class,537
Riboviria|Orthornavirae|Pisuviricota,Pisuviricota,Phylum,Riboviria|Orthornavirae|Pisuviricota|Stelpaviricetes,Stelpaviricetes,Class,52
Riboviria|Orthornavirae|Unassigned_Phylum,Unassigned_Phylum,Phylum,Riboviria|Orthornavirae|Unassigned_Phylum|Unassigned_Class,Unassigned_Class,Class,2
Riboviria|Unclassified_Riboviria|Unclassified_Riboviria,Unclassified_Riboviria,Phylum,Riboviria|Unclassified_Riboviria|Unclassified_Riboviria|Unclassified_Riboviria,Unclassified_Riboviria,Class,4
Varidnaviria|Abadenavirae|Produgelaviricota,Produgelaviricota,Phylum,Varidnaviria|Abadenavirae|Produgelaviricota|Ainoaviricetes,Ainoaviricetes,Class,1
Varidnaviria|Abadenavirae|Produgelaviricota,Produgelaviricota,Phylum,Varidnaviria|Abadenavirae|Produgelaviricota|Belvinaviricetes,Belvinaviricetes,Class,7
Varidnaviria|Bamfordvirae|Nucleocytoviricota,Nucleocytoviricota,Phylum,Varidnaviria|Bamfordvirae|Nucleocytoviricota|Megaviricetes,Megaviricetes,Class,454
Varidnaviria|Bamfordvirae|Nucleocytoviricota,Nucleocytoviricota,Phylum,Varidnaviria|Bamfordvirae|Nucleocytoviricota|Mriyaviricetes,Mriyaviricetes,Class,2
Varidnaviria|Bamfordvirae|Nucleocytoviricota,Nucleocytoviricota,Phylum,Varidnaviria|Bamfordvirae|Nucleocytoviricota|Pokkesviricetes,Pokkesviricetes,Class,6
Varidnaviria|Bamfordvirae|Preplasmiviricota,Preplasmiviricota,Phylum,Varidnaviria|Bamfordvirae|Preplasmiviricota|Aquintoviricetes,Aquintoviricetes,Class,2
Varidnaviria|Bamfordvirae|Preplasmiviricota,Preplasmiviricota,Phylum,Varidnaviria|Bamfordvirae|Preplasmiviricota|Pharingeaviricetes,Pharingeaviricetes,Class,8
Varidnaviria|Bamfordvirae|Preplasmiviricota,Preplasmiviricota,Phylum,Varidnaviria|Bamfordvirae|Preplasmiviricota|Tectiliviricetes,Tectiliviricetes,Class,9
Varidnaviria|Bamfordvirae|Preplasmiviricota,Preplasmiviricota,Phylum,Varidnaviria|Bamfordvirae|Preplasmiviricota|Virophaviricetes,Virophaviricetes,Class,5
Duplodnaviria|Heunggongvirae|Peploviricota|Herviviricetes,Herviviricetes,Class,Duplodnaviria|Heunggongvirae|Peploviricota|Herviviricetes|Herpesvirales,Herpesvirales,Order,112
Duplodnaviria|Heunggongvirae|Uroviricota|Caudoviricetes,Caudoviricetes,Class,Duplodnaviria|Heunggongvirae|Uroviricota|Caudoviricetes|Autographivirales,Autographivirales,Order,82
Duplodnaviria|Heunggongvirae|Uroviricota|Caudoviricetes,Caudoviricetes,Class,Duplodnaviria|Heunggongvirae|Uroviricota|Caudoviricetes|Crassvirales,Crassvirales,Order,49
Duplodnaviria|Heunggongvirae|Uroviricota|Caudoviricetes,Caudoviricetes,Class,Duplodnaviria|Heunggongvirae|Uroviricota|Caudoviricetes|Kirjokansivirales,Kirjokansivirales,Order,6
Duplodnaviria|Heunggongvirae|Uroviricota|Caudoviricetes,Caudoviricetes,Class,Duplodnaviria|Heunggongvirae|Uroviricota|Caudoviricetes|Magrovirales,Magrovirales,Order,2
Duplodnaviria|Heunggongvirae|Uroviricota|Caudoviricetes,Caudoviricetes,Class,Duplodnaviria|Heunggongvirae|Uroviricota|Caudoviricetes|Methanobavirales,Methanobavirales,Order,1
Duplodnaviria|Heunggongvirae|Uroviricota|Caudoviricetes,Caudoviricetes,Class,Duplodnaviria|Heunggongvirae|Uroviricota|Caudoviricetes|Nakonvirales,Nakonvirales,Order,2
Duplodnaviria|Heunggongvirae|Uroviricota|Caudoviricetes,Caudoviricetes,Class,Duplodnaviria|Heunggongvirae|Uroviricota|Caudoviricetes|Pantevenvirales,Pantevenvirales,Order,492
Duplodnaviria|Heunggongvirae|Uroviricota|Caudoviricetes,Caudoviricetes,Class,Duplodnaviria|Heunggongvirae|Uroviricota|Caudoviricetes|Thumleimavirales,Thumleimavirales,Order,5
Duplodnaviria|Heunggongvirae|Uroviricota|Caudoviricetes,Caudoviricetes,Class,Duplodnaviria|Heunggongvirae|Uroviricota|Caudoviricetes|Unassigned_Order,Unassigned_Order,Order,5
Duplodnaviria|Heunggongvirae|Uroviricota|Caudoviricetes,Caudoviricetes,Class,Duplodnaviria|Heunggongvirae|Uroviricota|Caudoviricetes|Unclassified_Caudoviricetes,Unclassified_Caudoviricetes,Order,2061
Monodnaviria|Loebvirae|Hofneiviricota|Faserviricetes,Faserviricetes,Class,Monodnaviria|Loebvirae|Hofneiviricota|Faserviricetes|Tubulavirales,Tubulavirales,Order,28
Monodnaviria|Sangervirae|Phixviricota|Malgrandaviricetes,Malgrandaviricetes,Class,Monodnaviria|Sangervirae|Phixviricota|Malgrandaviricetes|Petitvirales,Petitvirales,Order,873
Monodnaviria|Shotokuvirae|Commensaviricota|Cardeaviricetes,Cardeaviricetes,Class,Monodnaviria|Shotokuvirae|Commensaviricota|Cardeaviricetes|Sanitavirales,Sanitavirales,Order,217
Monodnaviria|Shotokuvirae|Cossaviricota|Papovaviricetes,Papovaviricetes,Class,Monodnaviria|Shotokuvirae|Cossaviricota|Papovaviricetes|Sepolyvirales,Sepolyvirales,Order,5
Monodnaviria|Shotokuvirae|Cossaviricota|Papovaviricetes,Papovaviricetes,Class,Monodnaviria|Shotokuvirae|Cossaviricota|Papovaviricetes|Zurhausenvirales,Zurhausenvirales,Order,151
Monodnaviria|Shotokuvirae|Cossaviricota|Quintoviricetes,Quintoviricetes,Class,Monodnaviria|Shotokuvirae|Cossaviricota|Quintoviricetes|Piccovirales,Piccovirales,Order,29
Monodnaviria|Shotokuvirae|Cressdnaviricota|Arfiviricetes,Arfiviricetes,Class,Monodnaviria|Shotokuvirae|Cressdnaviricota|Arfiviricetes|Baphyvirales,Baphyvirales,Order,14
Monodnaviria|Shotokuvirae|Cressdnaviricota|Arfiviricetes,Arfiviricetes,Class,Monodnaviria|Shotokuvirae|Cressdnaviricota|Arfiviricetes|Cirlivirales,Cirlivirales,Order,406
Monodnaviria|Shotokuvirae|Cressdnaviricota|Arfiviricetes,Arfiviricetes,Class,Monodnaviria|Shotokuvirae|Cressdnaviricota|Arfiviricetes|Cremevirales,Cremevirales,Order,1
Monodnaviria|Shotokuvirae|Cressdnaviricota|Arfiviricetes,Arfiviricetes,Class,Monodnaviria|Shotokuvirae|Cressdnaviricota|Arfiviricetes|Gredzevirales,Gredzevirales,Order,6
Monodnaviria|Shotokuvirae|Cressdnaviricota|Arfiviricetes,Arfiviricetes,Class,Monodnaviria|Shotokuvirae|Cressdnaviricota|Arfiviricetes|Jormunvirales,Jormunvirales,Order,9
Monodnaviria|Shotokuvirae|Cressdnaviricota|Arfiviricetes,Arfiviricetes,Class,Monodnaviria|Shotokuvirae|Cressdnaviricota|Arfiviricetes|Mulpavirales,Mulpavirales,Order,42
Monodnaviria|Shotokuvirae|Cressdnaviricota|Arfiviricetes,Arfiviricetes,Class,Monodnaviria|Shotokuvirae|Cressdnaviricota|Arfiviricetes|Ringavirales,Ringavirales,Order,1
Monodnaviria|Shotokuvirae|Cressdnaviricota|Arfiviricetes,Arfiviricetes,Class,Monodnaviria|Shotokuvirae|Cressdnaviricota|Arfiviricetes|Rivendellvirales,Rivendellvirales,Order,2
Monodnaviria|Shotokuvirae|Cressdnaviricota|Arfiviricetes,Arfiviricetes,Class,Monodnaviria|Shotokuvirae|Cressdnaviricota|Arfiviricetes|Rohanvirales,Rohanvirales,Order,23
Monodnaviria|Shotokuvirae|Cressdnaviricota|Arfiviricetes,Arfiviricetes,Class,Monodnaviria|Shotokuvirae|Cressdnaviricota|Arfiviricetes|Saturnivirales,Saturnivirales,Order,18
Monodnaviria|Shotokuvirae|Cressdnaviricota|Repensiviricetes,Repensiviricetes,Class,Monodnaviria|Shotokuvirae|Cressdnaviricota|Repensiviricetes|Geplafuvirales,Geplafuvirales,Order,1098
Other_Realm|Helvetiavirae|Dividoviricota|Laserviricetes,Laserviricetes,Class,Other_Realm|Helvetiavirae|Dividoviricota|Laserviricetes|Halopanivirales,Halopanivirales,Order,3
Other_Realm|Unassigned_Kingdom|Unassigned_Phylum|Unassigned_Class,Unassigned_Class,Class,Other_Realm|Unassigned_Kingdom|Unassigned_Phylum|Unassigned_Class|Unassigned_Order,Unassigned_Order,Order,426
Other_Realm|Unclassified_Unknown|Unclassified_Unknown|Naldaviricetes,Naldaviricetes,Class,Other_Realm|Unclassified_Unknown|Unclassified_Unknown|Naldaviricetes|Lefavirales,Lefavirales,Order,29
Other_Realm|Zilligvirae|Taleaviricota|Tokiviricetes,Tokiviricetes,Class,Other_Realm|Zilligvirae|Taleaviricota|Tokiviricetes|Ligamenvirales,Ligamenvirales,Order,4
Riboviria|Orthornavirae|Duplornaviricota|Chrymotiviricetes,Chrymotiviricetes,Class,Riboviria|Orthornavirae|Duplornaviricota|Chrymotiviricetes|Ghabrivirales,Ghabrivirales,Order,69
Riboviria|Orthornavirae|Duplornaviricota|Resentoviricetes,Resentoviricetes,Class,Riboviria|Orthornavirae|Duplornaviricota|Resentoviricetes|Reovirales,Reovirales,Order,573
Riboviria|Orthornavirae|Kitrinoviricota|Alsuviricetes,Alsuviricetes,Class,Riboviria|Orthornavirae|Kitrinoviricota|Alsuviricetes|Hepelivirales,Hepelivirales,Order,3
Riboviria|Orthornavirae|Kitrinoviricota|Alsuviricetes,Alsuviricetes,Class,Riboviria|Orthornavirae|Kitrinoviricota|Alsuviricetes|Martellivirales,Martellivirales,Order,45
Riboviria|Orthornavirae|Kitrinoviricota|Magsaviricetes,Magsaviricetes,Class,Riboviria|Orthornavirae|Kitrinoviricota|Magsaviricetes|Nodamuvirales,Nodamuvirales,Order,28
Riboviria|Orthornavirae|Kitrinoviricota|Tolucaviricetes,Tolucaviricetes,Class,Riboviria|Orthornavirae|Kitrinoviricota|Tolucaviricetes|Tolivirales,Tolivirales,Order,134
Riboviria|Orthornavirae|Lenarviricota|Amabiliviricetes,Amabiliviricetes,Class,Riboviria|Orthornavirae|Lenarviricota|Amabiliviricetes|Wolframvirales,Wolframvirales,Order,1
Riboviria|Orthornavirae|Lenarviricota|Leviviricetes,Leviviricetes,Class,Riboviria|Orthornavirae|Lenarviricota|Leviviricetes|Norzivirales,Norzivirales,Order,137
Riboviria|Orthornavirae|Lenarviricota|Leviviricetes,Leviviricetes,Class,Riboviria|Orthornavirae|Lenarviricota|Leviviricetes|Timlovirales,Timlovirales,Order,56
Riboviria|Orthornavirae|Lenarviricota|Leviviricetes,Leviviricetes,Class,Riboviria|Orthornavirae|Lenarviricota|Leviviricetes|Unclassified_Leviviricetes,Unclassified_Leviviricetes,Order,1
Riboviria|Orthornavirae|Lenarviricota|Miaviricetes,Miaviricetes,Class,Riboviria|Orthornavirae|Lenarviricota|Miaviricetes|Ourlivirales,Ourlivirales,Order,4
Riboviria|Orthornavirae|Negarnaviricota|Bunyaviricetes,Bunyaviricetes,Class,Riboviria|Orthornavirae|Negarnaviricota|Bunyaviricetes|Elliovirales,Elliovirales,Order,5
Riboviria|Orthornavirae|Negarnaviricota|Bunyaviricetes,Bunyaviricetes,Class,Riboviria|Orthornavirae|Negarnaviricota|Bunyaviricetes|Hareavirales,Hareavirales,Order,3
Riboviria|Orthornavirae|Negarnaviricota|Monjiviricetes,Monjiviricetes,Class,Riboviria|Orthornavirae|Negarnaviricota|Monjiviricetes|Jingchuvirales,Jingchuvirales,Order,3
Riboviria|Orthornavirae|Negarnaviricota|Monjiviricetes,Monjiviricetes,Class,Riboviria|Orthornavirae|Negarnaviricota|Monjiviricetes|Mononegavirales,Mononegavirales,Order,9
Riboviria|Orthornavirae|Negarnaviricota|Yunchangviricetes,Yunchangviricetes,Class,Riboviria|Orthornavirae|Negarnaviricota|Yunchangviricetes|Goujianvirales,Goujianvirales,Order,45
Riboviria|Orthornavirae|Pisuviricota|Duplopiviricetes,Duplopiviricetes,Class,Riboviria|Orthornavirae|Pisuviricota|Duplopiviricetes|Durnavirales,Durnavirales,Order,40
Riboviria|Orthornavirae|Pisuviricota|Pisoniviricetes,Pisoniviricetes,Class,Riboviria|Orthornavirae|Pisuviricota|Pisoniviricetes|Nidovirales,Nidovirales,Order,3
Riboviria|Orthornavirae|Pisuviricota|Pisoniviricetes,Pisoniviricetes,Class,Riboviria|Orthornavirae|Pisuviricota|Pisoniviricetes|Picornavirales,Picornavirales,Order,391
Riboviria|Orthornavirae|Pisuviricota|Pisoniviricetes,Pisoniviricetes,Class,Riboviria|Orthornavirae|Pisuviricota|Pisoniviricetes|Sobelivirales,Sobelivirales,Order,143
Riboviria|Orthornavirae|Pisuviricota|Stelpaviricetes,Stelpaviricetes,Class,Riboviria|Orthornavirae|Pisuviricota|Stelpaviricetes|Stellavirales,Stellavirales,Order,52
Riboviria|Orthornavirae|Unassigned_Phylum|Unassigned_Class,Unassigned_Class,Class,Riboviria|Orthornavirae|Unassigned_Phylum|Unassigned_Class|Unassigned_Order,Unassigned_Order,Order,2
Riboviria|Unclassified_Riboviria|Unclassified_Riboviria|Unclassified_Riboviria,Unclassified_Riboviria,Class,Riboviria|Unclassified_Riboviria|Unclassified_Riboviria|Unclassified_Riboviria|Tombendovirales,Tombendovirales,Order,1
Riboviria|Unclassified_Riboviria|Unclassified_Riboviria|Unclassified_Riboviria,Unclassified_Riboviria,Class,Riboviria|Unclassified_Riboviria|Unclassified_Riboviria|Unclassified_Riboviria|Unclassified_Riboviria,Unclassified_Riboviria,Order,3
Varidnaviria|Abadenavirae|Produgelaviricota|Ainoaviricetes,Ainoaviricetes,Class,Varidnaviria|Abadenavirae|Produgelaviricota|Ainoaviricetes|Lautamovirales,Lautamovirales,Order,1
Varidnaviria|Abadenavirae|Produgelaviricota|Belvinaviricetes,Belvinaviricetes,Class,Varidnaviria|Abadenavirae|Produgelaviricota|Belvinaviricetes|Atroposvirales,Atroposvirales,Order,2
Varidnaviria|Abadenavirae|Produgelaviricota|Belvinaviricetes,Belvinaviricetes,Class,Varidnaviria|Abadenavirae|Produgelaviricota|Belvinaviricetes|Belfryvirales,Belfryvirales,Order,1
Varidnaviria|Abadenavirae|Produgelaviricota|Belvinaviricetes,Belvinaviricetes,Class,Varidnaviria|Abadenavirae|Produgelaviricota|Belvinaviricetes|Vinavirales,Vinavirales,Order,4
Varidnaviria|Bamfordvirae|Nucleocytoviricota|Megaviricetes,Megaviricetes,Class,Varidnaviria|Bamfordvirae|Nucleocytoviricota|Megaviricetes|Algavirales,Algavirales,Order,111
Varidnaviria|Bamfordvirae|Nucleocytoviricota|Megaviricetes,Megaviricetes,Class,Varidnaviria|Bamfordvirae|Nucleocytoviricota|Megaviricetes|Imitervirales,Imitervirales,Order,246
Varidnaviria|Bamfordvirae|Nucleocytoviricota|Megaviricetes,Megaviricetes,Class,Varidnaviria|Bamfordvirae|Nucleocytoviricota|Megaviricetes|Pimascovirales,Pimascovirales,Order,94
Varidnaviria|Bamfordvirae|Nucleocytoviricota|Megaviricetes,Megaviricetes,Class,Varidnaviria|Bamfordvirae|Nucleocytoviricota|Megaviricetes|Unassigned_Order,Unassigned_Order,Order,3
Varidnaviria|Bamfordvirae|Nucleocytoviricota|Mriyaviricetes,Mriyaviricetes,Class,Varidnaviria|Bamfordvirae|Nucleocytoviricota|Mriyaviricetes|Unassigned_Order,Unassigned_Order,Order,1
Varidnaviria|Bamfordvirae|Nucleocytoviricota|Mriyaviricetes,Mriyaviricetes,Class,Varidnaviria|Bamfordvirae|Nucleocytoviricota|Mriyaviricetes|Unclassified_Mriyaviricetes,Unclassified_Mriyaviricetes,Order,1
Varidnaviria|Bamfordvirae|Nucleocytoviricota|Pokkesviricetes,Pokkesviricetes,Class,Varidnaviria|Bamfordvirae|Nucleocytoviricota|Pokkesviricetes|Asfuvirales,Asfuvirales,Order,3
Varidnaviria|Bamfordvirae|Nucleocytoviricota|Pokkesviricetes,Pokkesviricetes,Class,Varidnaviria|Bamfordvirae|Nucleocytoviricota|Pokkesviricetes|Chitovirales,Chitovirales,Order,3
Varidnaviria|Bamfordvirae|Preplasmiviricota|Aquintoviricetes,Aquintoviricetes,Class,Varidnaviria|Bamfordvirae|Preplasmiviricota|Aquintoviricetes|Archintovirales,Archintovirales,Order,2
Varidnaviria|Bamfordvirae|Preplasmiviricota|Pharingeaviricetes,Pharingeaviricetes,Class,Varidnaviria|Bamfordvirae|Preplasmiviricota|Pharingeaviricetes|Rowavirales,Rowavirales,Order,8
Varidnaviria|Bamfordvirae|Preplasmiviricota|Tectiliviricetes,Tectiliviricetes,Class,Varidnaviria|Bamfordvirae|Preplasmiviricota|Tectiliviricetes|Kalamavirales,Kalamavirales,Order,9
Varidnaviria|Bamfordvirae|Preplasmiviricota|Virophaviricetes,Virophaviricetes,Class,Varidnaviria|Bamfordvirae|Preplasmiviricota|Virophaviricetes|Mividavirales,Mividavirales,Order,2
Varidnaviria|Bamfordvirae|Preplasmiviricota|Virophaviricetes,Virophaviricetes,Class,Varidnaviria|Bamfordvirae|Preplasmiviricota|Virophaviricetes|Priklausovirales,Priklausovirales,Order,3
Duplodnaviria|Heunggongvirae|Peploviricota|Herviviricetes|Herpesvirales,Herpesvirales,Order,Duplodnaviria|Heunggongvirae|Peploviricota|Herviviricetes|Herpesvirales|Alloherpesviridae,Alloherpesviridae [C86],Family,22
Duplodnaviria|Heunggongvirae|Peploviricota|Herviviricetes|Herpesvirales,Herpesvirales,Order,Duplodnaviria|Heunggongvirae|Peploviricota|Herviviricetes|Herpesvirales|Malacoherpesviridae,Malacoherpesviridae [C86],Family,6
Duplodnaviria|Heunggongvirae|Peploviricota|Herviviricetes|Herpesvirales,Herpesvirales,Order,Duplodnaviria|Heunggongvirae|Peploviricota|Herviviricetes|Herpesvirales|Orthoherpesviridae,Orthoherpesviridae [C86],Family,84
Duplodnaviria|Heunggongvirae|Uroviricota|Caudoviricetes|Autographivirales,Autographivirales,Order,Duplodnaviria|Heunggongvirae|Uroviricota|Caudoviricetes|Autographivirales|Autonotataviridae,Autonotataviridae [C67],Family,29
Duplodnaviria|Heunggongvirae|Uroviricota|Caudoviricetes|Autographivirales,Autographivirales,Order,Duplodnaviria|Heunggongvirae|Uroviricota|Caudoviricetes|Autographivirales|Autoscriptoviridae,Autoscriptoviridae [C67],Family,7
Duplodnaviria|Heunggongvirae|Uroviricota|Caudoviricetes|Autographivirales,Autographivirales,Order,Duplodnaviria|Heunggongvirae|Uroviricota|Caudoviricetes|Autographivirales|Autosignataviridae,Autosignataviridae [C67],Family,6
Duplodnaviria|Heunggongvirae|Uroviricota|Caudoviricetes|Autographivirales,Autographivirales,Order,Duplodnaviria|Heunggongvirae|Uroviricota|Caudoviricetes|Autographivirales|Autotranscriptaviridae,Autotranscriptaviridae [C67],Family,33
Duplodnaviria|Heunggongvirae|Uroviricota|Caudoviricetes|Autographivirales,Autographivirales,Order,Duplodnaviria|Heunggongvirae|Uroviricota|Caudoviricetes|Autographivirales|Unclassified_Autographivirales,Unclassified_Autographivirales [C67],Family,7
Duplodnaviria|Heunggongvirae|Uroviricota|Caudoviricetes|Crassvirales,Crassvirales,Order,Duplodnaviria|Heunggongvirae|Uroviricota|Caudoviricetes|Crassvirales|Crevaviridae,Crevaviridae [C55],Family,3
Duplodnaviria|Heunggongvirae|Uroviricota|Caudoviricetes|Crassvirales,Crassvirales,Order,Duplodnaviria|Heunggongvirae|Uroviricota|Caudoviricetes|Crassvirales|Intestiviridae,Intestiviridae [C55],Family,15
Duplodnaviria|Heunggongvirae|Uroviricota|Caudoviricetes|Crassvirales,Crassvirales,Order,Duplodnaviria|Heunggongvirae|Uroviricota|Caudoviricetes|Crassvirales|Steigviridae,Steigviridae [C55],Family,16
Duplodnaviria|Heunggongvirae|Uroviricota|Caudoviricetes|Crassvirales,Crassvirales,Order,Duplodnaviria|Heunggongvirae|Uroviricota|Caudoviricetes|Crassvirales|Suoliviridae,Suoliviridae [C55],Family,15
Duplodnaviria|Heunggongvirae|Uroviricota|Caudoviricetes|Kirjokansivirales,Kirjokansivirales,Order,Duplodnaviria|Heunggongvirae|Uroviricota|Caudoviricetes|Kirjokansivirales|Graaviviridae,Graaviviridae [C14],Family,2
Duplodnaviria|Heunggongvirae|Uroviricota|Caudoviricetes|Kirjokansivirales,Kirjokansivirales,Order,Duplodnaviria|Heunggongvirae|Uroviricota|Caudoviricetes|Kirjokansivirales|Haloferuviridae,Haloferuviridae [C39],Family,3
Duplodnaviria|Heunggongvirae|Uroviricota|Caudoviricetes|Kirjokansivirales,Kirjokansivirales,Order,Duplodnaviria|Heunggongvirae|Uroviricota|Caudoviricetes|Kirjokansivirales|Pyrstoviridae,Pyrstoviridae [C15],Family,1
Duplodnaviria|Heunggongvirae|Uroviricota|Caudoviricetes|Magrovirales,Magrovirales,Order,Duplodnaviria|Heunggongvirae|Uroviricota|Caudoviricetes|Magrovirales|Aoguangviridae,Aoguangviridae [C31],Family,2
Duplodnaviria|Heunggongvirae|Uroviricota|Caudoviricetes|Methanobavirales,Methanobavirales,Order,Duplodnaviria|Heunggongvirae|Uroviricota|Caudoviricetes|Methanobavirales|Usuviridae,Usuviridae [C14],Family,1
Duplodnaviria|Heunggongvirae|Uroviricota|Caudoviricetes|Nakonvirales,Nakonvirales,Order,Duplodnaviria|Heunggongvirae|Uroviricota|Caudoviricetes|Nakonvirales|Ekchuahviridae,Ekchuahviridae [C39],Family,2
Duplodnaviria|Heunggongvirae|Uroviricota|Caudoviricetes|Pantevenvirales,Pantevenvirales,Order,Duplodnaviria|Heunggongvirae|Uroviricota|Caudoviricetes|Pantevenvirales|Ackermannviridae,Ackermannviridae [C26],Family,76
Duplodnaviria|Heunggongvirae|Uroviricota|Caudoviricetes|Pantevenvirales,Pantevenvirales,Order,Duplodnaviria|Heunggongvirae|Uroviricota|Caudoviricetes|Pantevenvirales|Kyanoviridae,Kyanoviridae [C26],Family,97
Duplodnaviria|Heunggongvirae|Uroviricota|Caudoviricetes|Pantevenvirales,Pantevenvirales,Order,Duplodnaviria|Heunggongvirae|Uroviricota|Caudoviricetes|Pantevenvirales|Straboviridae,Straboviridae [C26],Family,319
Duplodnaviria|Heunggongvirae|Uroviricota|Caudoviricetes|Thumleimavirales,Thumleimavirales,Order,Duplodnaviria|Heunggongvirae|Uroviricota|Caudoviricetes|Thumleimavirales|Hafunaviridae,Hafunaviridae [C36],Family,3
Duplodnaviria|Heunggongvirae|Uroviricota|Caudoviricetes|Thumleimavirales,Thumleimavirales,Order,Duplodnaviria|Heunggongvirae|Uroviricota|Caudoviricetes|Thumleimavirales|Halomagnusviridae,Halomagnusviridae [C68],Family,1
Duplodnaviria|Heunggongvirae|Uroviricota|Caudoviricetes|Thumleimavirales,Thumleimavirales,Order,Duplodnaviria|Heunggongvirae|Uroviricota|Caudoviricetes|Thumleimavirales|Soleiviridae,Soleiviridae [C34],Family,1
Duplodnaviria|Heunggongvirae|Uroviricota|Caudoviricetes|Unassigned_Order,Unassigned_Order,Order,Duplodnaviria|Heunggongvirae|Uroviricota|Caudoviricetes|Unassigned_Order|Unassigned_Family,Unassigned_Family,Family,5
Duplodnaviria|Heunggongvirae|Uroviricota|Caudoviricetes|Unclassified_Caudoviricetes,Unclassified_Caudoviricetes,Order,Duplodnaviria|Heunggongvirae|Uroviricota|Caudoviricetes|Unclassified_Caudoviricetes|Aggregaviridae,Aggregaviridae [C69],Family,2
Duplodnaviria|Heunggongvirae|Uroviricota|Caudoviricetes|Unclassified_Caudoviricetes,Unclassified_Caudoviricetes,Order,Duplodnaviria|Heunggongvirae|Uroviricota|Caudoviricetes|Unclassified_Caudoviricetes|Aliceevansviridae,Aliceevansviridae [C52],Family,72
Duplodnaviria|Heunggongvirae|Uroviricota|Caudoviricetes|Unclassified_Caudoviricetes,Unclassified_Caudoviricetes,Order,Duplodnaviria|Heunggongvirae|Uroviricota|Caudoviricetes|Unclassified_Caudoviricetes|Alisviridae,Alisviridae [C67],Family,2
Duplodnaviria|Heunggongvirae|Uroviricota|Caudoviricetes|Unclassified_Caudoviricetes,Unclassified_Caudoviricetes,Order,Duplodnaviria|Heunggongvirae|Uroviricota|Caudoviricetes|Unclassified_Caudoviricetes|Andersonviridae,Andersonviridae [C5],Family,18
Duplodnaviria|Heunggongvirae|Uroviricota|Caudoviricetes|Unclassified_Caudoviricetes,Unclassified_Caudoviricetes,Order,Duplodnaviria|Heunggongvirae|Uroviricota|Caudoviricetes|Unclassified_Caudoviricetes|Arenbergviridae,Arenbergviridae [C26],Family,1
Duplodnaviria|Heunggongvirae|Uroviricota|Caudoviricetes|Unclassified_Caudoviricetes,Unclassified_Caudoviricetes,Order,Duplodnaviria|Heunggongvirae|Uroviricota|Caudoviricetes|Unclassified_Caudoviricetes|Assiduviridae,Assiduviridae [C69],Family,4
Duplodnaviria|Heunggongvirae|Uroviricota|Caudoviricetes|Unclassified_Caudoviricetes,Unclassified_Caudoviricetes,Order,Duplodnaviria|Heunggongvirae|Uroviricota|Caudoviricetes|Unclassified_Caudoviricetes|Berryhillviridae,Berryhillviridae [C36],Family,7
Duplodnaviria|Heunggongvirae|Uroviricota|Caudoviricetes|Unclassified_Caudoviricetes,Unclassified_Caudoviricetes,Order,Duplodnaviria|Heunggongvirae|Uroviricota|Caudoviricetes|Unclassified_Caudoviricetes|Casidaviridae,Casidaviridae [C35],Family,10
Duplodnaviria|Heunggongvirae|Uroviricota|Caudoviricetes|Unclassified_Caudoviricetes,Unclassified_Caudoviricetes,Order,Duplodnaviria|Heunggongvirae|Uroviricota|Caudoviricetes|Unclassified_Caudoviricetes|Casjensviridae,Casjensviridae [C5],Family,57
Duplodnaviria|Heunggongvirae|Uroviricota|Caudoviricetes|Unclassified_Caudoviricetes,Unclassified_Caudoviricetes,Order,Duplodnaviria|Heunggongvirae|Uroviricota|Caudoviricetes|Unclassified_Caudoviricetes|Chaseviridae,Chaseviridae [C15],Family,10
Duplodnaviria|Heunggongvirae|Uroviricota|Caudoviricetes|Unclassified_Caudoviricetes,Unclassified_Caudoviricetes,Order,Duplodnaviria|Heunggongvirae|Uroviricota|Caudoviricetes|Unclassified_Caudoviricetes|Chimalliviridae,Chimalliviridae [C86],Family,79
Duplodnaviria|Heunggongvirae|Uroviricota|Caudoviricetes|Unclassified_Caudoviricetes,Unclassified_Caudoviricetes,Order,Duplodnaviria|Heunggongvirae|Uroviricota|Caudoviricetes|Unclassified_Caudoviricetes|Colingsworthviridae,Colingsworthviridae [C77],Family,5
Duplodnaviria|Heunggongvirae|Uroviricota|Caudoviricetes|Unclassified_Caudoviricetes,Unclassified_Caudoviricetes,Order,Duplodnaviria|Heunggongvirae|Uroviricota|Caudoviricetes|Unclassified_Caudoviricetes|Connertonviridae,Connertonviridae [C26],Family,8
Duplodnaviria|Heunggongvirae|Uroviricota|Caudoviricetes|Unclassified_Caudoviricetes,Unclassified_Caudoviricetes,Order,Duplodnaviria|Heunggongvirae|Uroviricota|Caudoviricetes|Unclassified_Caudoviricetes|Demerecviridae,Demerecviridae [C11],Family,4
Duplodnaviria|Heunggongvirae|Uroviricota|Caudoviricetes|Unclassified_Caudoviricetes,Unclassified_Caudoviricetes,Order,Duplodnaviria|Heunggongvirae|Uroviricota|Caudoviricetes|Unclassified_Caudoviricetes|Drexlerviridae,Drexlerviridae [C15],Family,26
Duplodnaviria|Heunggongvirae|Uroviricota|Caudoviricetes|Unclassified_Caudoviricetes,Unclassified_Caudoviricetes,Order,Duplodnaviria|Heunggongvirae|Uroviricota|Caudoviricetes|Unclassified_Caudoviricetes|Duneviridae,Duneviridae [C86],Family,1
Duplodnaviria|Heunggongvirae|Uroviricota|Caudoviricetes|Unclassified_Caudoviricetes,Unclassified_Caudoviricetes,Order,Duplodnaviria|Heunggongvirae|Uroviricota|Caudoviricetes|Unclassified_Caudoviricetes|Ehrlichviridae,Ehrlichviridae [C36],Family,5
Duplodnaviria|Heunggongvirae|Uroviricota|Caudoviricetes|Unclassified_Caudoviricetes,Unclassified_Caudoviricetes,Order,Duplodnaviria|Heunggongvirae|Uroviricota|Caudoviricetes|Unclassified_Caudoviricetes|Forsetiviridae,Forsetiviridae [C69],Family,1
Duplodnaviria|Heunggongvirae|Uroviricota|Caudoviricetes|Unclassified_Caudoviricetes,Unclassified_Caudoviricetes,Order,Duplodnaviria|Heunggongvirae|Uroviricota|Caudoviricetes|Unclassified_Caudoviricetes|Fredfastierviridae,Fredfastierviridae [C22],Family,1
Duplodnaviria|Heunggongvirae|Uroviricota|Caudoviricetes|Unclassified_Caudoviricetes,Unclassified_Caudoviricetes,Order,Duplodnaviria|Heunggongvirae|Uroviricota|Caudoviricetes|Unclassified_Caudoviricetes|Grimontviridae,Grimontviridae [C45],Family,17
Duplodnaviria|Heunggongvirae|Uroviricota|Caudoviricetes|Unclassified_Caudoviricetes,Unclassified_Caudoviricetes,Order,Duplodnaviria|Heunggongvirae|Uroviricota|Caudoviricetes|Unclassified_Caudoviricetes|Guelinviridae,Guelinviridae [C46],Family,7
Duplodnaviria|Heunggongvirae|Uroviricota|Caudoviricetes|Unclassified_Caudoviricetes,Unclassified_Caudoviricetes,Order,Duplodnaviria|Heunggongvirae|Uroviricota|Caudoviricetes|Unclassified_Caudoviricetes|Herelleviridae,Herelleviridae [C42],Family,137
Duplodnaviria|Heunggongvirae|Uroviricota|Caudoviricetes|Unclassified_Caudoviricetes,Unclassified_Caudoviricetes,Order,Duplodnaviria|Heunggongvirae|Uroviricota|Caudoviricetes|Unclassified_Caudoviricetes|Hodgkinviridae,Hodgkinviridae [C20],Family,3
Duplodnaviria|Heunggongvirae|Uroviricota|Caudoviricetes|Unclassified_Caudoviricetes,Unclassified_Caudoviricetes,Order,Duplodnaviria|Heunggongvirae|Uroviricota|Caudoviricetes|Unclassified_Caudoviricetes|Jeanschmidtviridae,Jeanschmidtviridae [C44],Family,7
Duplodnaviria|Heunggongvirae|Uroviricota|Caudoviricetes|Unclassified_Caudoviricetes,Unclassified_Caudoviricetes,Order,Duplodnaviria|Heunggongvirae|Uroviricota|Caudoviricetes|Unclassified_Caudoviricetes|Kleczkowskaviridae,Kleczkowskaviridae [C65],Family,1
Duplodnaviria|Heunggongvirae|Uroviricota|Caudoviricetes|Unclassified_Caudoviricetes,Unclassified_Caudoviricetes,Order,Duplodnaviria|Heunggongvirae|Uroviricota|Caudoviricetes|Unclassified_Caudoviricetes|Kruegerviridae,Kruegerviridae [C35],Family,1
Duplodnaviria|Heunggongvirae|Uroviricota|Caudoviricetes|Unclassified_Caudoviricetes,Unclassified_Caudoviricetes,Order,Duplodnaviria|Heunggongvirae|Uroviricota|Caudoviricetes|Unclassified_Caudoviricetes|Lindbergviridae,Lindbergviridae [C15],Family,5
Duplodnaviria|Heunggongvirae|Uroviricota|Caudoviricetes|Unclassified_Caudoviricetes,Unclassified_Caudoviricetes,Order,Duplodnaviria|Heunggongvirae|Uroviricota|Caudoviricetes|Unclassified_Caudoviricetes|Madisaviridae,Madisaviridae [C34],Family,1
Duplodnaviria|Heunggongvirae|Uroviricota|Caudoviricetes|Unclassified_Caudoviricetes,Unclassified_Caudoviricetes,Order,Duplodnaviria|Heunggongvirae|Uroviricota|Caudoviricetes|Unclassified_Caudoviricetes|Madridviridae,Madridviridae [C46],Family,1
Duplodnaviria|Heunggongvirae|Uroviricota|Caudoviricetes|Unclassified_Caudoviricetes,Unclassified_Caudoviricetes,Order,Duplodnaviria|Heunggongvirae|Uroviricota|Caudoviricetes|Unclassified_Caudoviricetes|Mesyanzhinovviridae,Mesyanzhinovviridae [C44],Family,5
Duplodnaviria|Heunggongvirae|Uroviricota|Caudoviricetes|Unclassified_Caudoviricetes,Unclassified_Caudoviricetes,Order,Duplodnaviria|Heunggongvirae|Uroviricota|Caudoviricetes|Unclassified_Caudoviricetes|Molycolviridae,Molycolviridae [C65],Family,1
Duplodnaviria|Heunggongvirae|Uroviricota|Caudoviricetes|Unclassified_Caudoviricetes,Unclassified_Caudoviricetes,Order,Duplodnaviria|Heunggongvirae|Uroviricota|Caudoviricetes|Unclassified_Caudoviricetes|Mtkvariviridae,Mtkvariviridae [C45],Family,20
Duplodnaviria|Heunggongvirae|Uroviricota|Caudoviricetes|Unclassified_Caudoviricetes,Unclassified_Caudoviricetes,Order,Duplodnaviria|Heunggongvirae|Uroviricota|Caudoviricetes|Unclassified_Caudoviricetes|Nixviridae,Nixviridae [C19],Family,4
Duplodnaviria|Heunggongvirae|Uroviricota|Caudoviricetes|Unclassified_Caudoviricetes,Unclassified_Caudoviricetes,Order,Duplodnaviria|Heunggongvirae|Uroviricota|Caudoviricetes|Unclassified_Caudoviricetes|Peduoviridae,Peduoviridae [C14],Family,715
Duplodnaviria|Heunggongvirae|Uroviricota|Caudoviricetes|Unclassified_Caudoviricetes,Unclassified_Caudoviricetes,Order,Duplodnaviria|Heunggongvirae|Uroviricota|Caudoviricetes|Unclassified_Caudoviricetes|Pervagoviridae,Pervagoviridae [C55],Family,1
Duplodnaviria|Heunggongvirae|Uroviricota|Caudoviricetes|Unclassified_Caudoviricetes,Unclassified_Caudoviricetes,Order,Duplodnaviria|Heunggongvirae|Uroviricota|Caudoviricetes|Unclassified_Caudoviricetes|Pootjesviridae,Pootjesviridae [C26],Family,8
Duplodnaviria|Heunggongvirae|Uroviricota|Caudoviricetes|Unclassified_Caudoviricetes,Unclassified_Caudoviricetes,Order,Duplodnaviria|Heunggongvirae|Uroviricota|Caudoviricetes|Unclassified_Caudoviricetes|Rountreeviridae,Rountreeviridae [C46],Family,10
Duplodnaviria|Heunggongvirae|Uroviricota|Caudoviricetes|Unclassified_Caudoviricetes,Unclassified_Caudoviricetes,Order,Duplodnaviria|Heunggongvirae|Uroviricota|Caudoviricetes|Unclassified_Caudoviricetes|Saffermanviridae,Saffermanviridae [C67],Family,1
Duplodnaviria|Heunggongvirae|Uroviricota|Caudoviricetes|Unclassified_Caudoviricetes,Unclassified_Caudoviricetes,Order,Duplodnaviria|Heunggongvirae|Uroviricota|Caudoviricetes|Unclassified_Caudoviricetes|Salasmaviridae,Salasmaviridae [C37],Family,19
Duplodnaviria|Heunggongvirae|Uroviricota|Caudoviricetes|Unclassified_Caudoviricetes,Unclassified_Caudoviricetes,Order,Duplodnaviria|Heunggongvirae|Uroviricota|Caudoviricetes|Unclassified_Caudoviricetes|Saparoviridae,Saparoviridae [C44],Family,2
Duplodnaviria|Heunggongvirae|Uroviricota|Caudoviricetes|Unclassified_Caudoviricetes,Unclassified_Caudoviricetes,Order,Duplodnaviria|Heunggongvirae|Uroviricota|Caudoviricetes|Unclassified_Caudoviricetes|Sarkviridae,Sarkviridae [C61],Family,45
Duplodnaviria|Heunggongvirae|Uroviricota|Caudoviricetes|Unclassified_Caudoviricetes,Unclassified_Caudoviricetes,Order,Duplodnaviria|Heunggongvirae|Uroviricota|Caudoviricetes|Unclassified_Caudoviricetes|Schitoviridae,Schitoviridae [C25],Family,130
Duplodnaviria|Heunggongvirae|Uroviricota|Caudoviricetes|Unclassified_Caudoviricetes,Unclassified_Caudoviricetes,Order,Duplodnaviria|Heunggongvirae|Uroviricota|Caudoviricetes|Unclassified_Caudoviricetes|Stanwilliamsviridae,Stanwilliamsviridae [C14],Family,26
Duplodnaviria|Heunggongvirae|Uroviricota|Caudoviricetes|Unclassified_Caudoviricetes,Unclassified_Caudoviricetes,Order,Duplodnaviria|Heunggongvirae|Uroviricota|Caudoviricetes|Unclassified_Caudoviricetes|Suolaviridae,Suolaviridae [C44],Family,1
Duplodnaviria|Heunggongvirae|Uroviricota|Caudoviricetes|Unclassified_Caudoviricetes,Unclassified_Caudoviricetes,Order,Duplodnaviria|Heunggongvirae|Uroviricota|Caudoviricetes|Unclassified_Caudoviricetes|Trautnerviridae,Trautnerviridae [C61],Family,9
Duplodnaviria|Heunggongvirae|Uroviricota|Caudoviricetes|Unclassified_Caudoviricetes,Unclassified_Caudoviricetes,Order,Duplodnaviria|Heunggongvirae|Uroviricota|Caudoviricetes|Unclassified_Caudoviricetes|Unclassified_Caudoviricetes,Unclassified_Caudoviricetes [C11],Family,552
Duplodnaviria|Heunggongvirae|Uroviricota|Caudoviricetes|Unclassified_Caudoviricetes,Unclassified_Caudoviricetes,Order,Duplodnaviria|Heunggongvirae|Uroviricota|Caudoviricetes|Unclassified_Caudoviricetes|Vandenendeviridae,Vandenendeviridae [C5],Family,2
Duplodnaviria|Heunggongvirae|Uroviricota|Caudoviricetes|Unclassified_Caudoviricetes,Unclassified_Caudoviricetes,Order,Duplodnaviria|Heunggongvirae|Uroviricota|Caudoviricetes|Unclassified_Caudoviricetes|Verdandiviridae,Verdandiviridae [C44],Family,3
Duplodnaviria|Heunggongvirae|Uroviricota|Caudoviricetes|Unclassified_Caudoviricetes,Unclassified_Caudoviricetes,Order,Duplodnaviria|Heunggongvirae|Uroviricota|Caudoviricetes|Unclassified_Caudoviricetes|Vertoviridae,Vertoviridae [C14],Family,3
Duplodnaviria|Heunggongvirae|Uroviricota|Caudoviricetes|Unclassified_Caudoviricetes,Unclassified_Caudoviricetes,Order,Duplodnaviria|Heunggongvirae|Uroviricota|Caudoviricetes|Unclassified_Caudoviricetes|Zierdtviridae,Zierdtviridae [C5],Family,9
Duplodnaviria|Heunggongvirae|Uroviricota|Caudoviricetes|Unclassified_Caudoviricetes,Unclassified_Caudoviricetes,Order,Duplodnaviria|Heunggongvirae|Uroviricota|Caudoviricetes|Unclassified_Caudoviricetes|Zobellviridae,Zobellviridae [C45],Family,2
Monodnaviria|Loebvirae|Hofneiviricota|Faserviricetes|Tubulavirales,Tubulavirales,Order,Monodnaviria|Loebvirae|Hofneiviricota|Faserviricetes|Tubulavirales|Inoviridae,Inoviridae [C0],Family,28
Monodnaviria|Sangervirae|Phixviricota|Malgrandaviricetes|Petitvirales,Petitvirales,Order,Monodnaviria|Sangervirae|Phixviricota|Malgrandaviricetes|Petitvirales|Microviridae,Microviridae [C1],Family,873
Monodnaviria|Shotokuvirae|Commensaviricota|Cardeaviricetes|Sanitavirales,Sanitavirales,Order,Monodnaviria|Shotokuvirae|Commensaviricota|Cardeaviricetes|Sanitavirales|Anelloviridae,Anelloviridae [C83],Family,217
Monodnaviria|Shotokuvirae|Cossaviricota|Papovaviricetes|Sepolyvirales,Sepolyvirales,Order,Monodnaviria|Shotokuvirae|Cossaviricota|Papovaviricetes|Sepolyvirales|Polyomaviridae,Polyomaviridae [C83],Family,5
Monodnaviria|Shotokuvirae|Cossaviricota|Papovaviricetes|Zurhausenvirales,Zurhausenvirales,Order,Monodnaviria|Shotokuvirae|Cossaviricota|Papovaviricetes|Zurhausenvirales|Papillomaviridae,Papillomaviridae [C83],Family,151
Monodnaviria|Shotokuvirae|Cossaviricota|Quintoviricetes|Piccovirales,Piccovirales,Order,Monodnaviria|Shotokuvirae|Cossaviricota|Quintoviricetes|Piccovirales|Parvoviridae,Parvoviridae [C41],Family,29
Monodnaviria|Shotokuvirae|Cressdnaviricota|Arfiviricetes|Baphyvirales,Baphyvirales,Order,Monodnaviria|Shotokuvirae|Cressdnaviricota|Arfiviricetes|Baphyvirales|Bacilladnaviridae,Bacilladnaviridae [C8],Family,14
Monodnaviria|Shotokuvirae|Cressdnaviricota|Arfiviricetes|Cirlivirales,Cirlivirales,Order,Monodnaviria|Shotokuvirae|Cressdnaviricota|Arfiviricetes|Cirlivirales|Circoviridae,Circoviridae [C41],Family,360
Monodnaviria|Shotokuvirae|Cressdnaviricota|Arfiviricetes|Cirlivirales,Cirlivirales,Order,Monodnaviria|Shotokuvirae|Cressdnaviricota|Arfiviricetes|Cirlivirales|Vilyaviridae,Vilyaviridae [C41],Family,46
Monodnaviria|Shotokuvirae|Cressdnaviricota|Arfiviricetes|Cremevirales,Cremevirales,Order,Monodnaviria|Shotokuvirae|Cressdnaviricota|Arfiviricetes|Cremevirales|Smacoviridae,Smacoviridae [C41],Family,1
Monodnaviria|Shotokuvirae|Cressdnaviricota|Arfiviricetes|Gredzevirales,Gredzevirales,Order,Monodnaviria|Shotokuvirae|Cressdnaviricota|Arfiviricetes|Gredzevirales|Gandrviridae,Gandrviridae [C8],Family,1
Monodnaviria|Shotokuvirae|Cressdnaviricota|Arfiviricetes|Gredzevirales,Gredzevirales,Order,Monodnaviria|Shotokuvirae|Cressdnaviricota|Arfiviricetes|Gredzevirales|Ouroboviridae,Ouroboviridae [C27],Family,5
Monodnaviria|Shotokuvirae|Cressdnaviricota|Arfiviricetes|Jormunvirales,Jormunvirales,Order,Monodnaviria|Shotokuvirae|Cressdnaviricota|Arfiviricetes|Jormunvirales|Draupnirviridae,Draupnirviridae [C28],Family,9
Monodnaviria|Shotokuvirae|Cressdnaviricota|Arfiviricetes|Mulpavirales,Mulpavirales,Order,Monodnaviria|Shotokuvirae|Cressdnaviricota|Arfiviricetes|Mulpavirales|Amesuviridae,Amesuviridae [C28],Family,4
Monodnaviria|Shotokuvirae|Cressdnaviricota|Arfiviricetes|Mulpavirales,Mulpavirales,Order,Monodnaviria|Shotokuvirae|Cressdnaviricota|Arfiviricetes|Mulpavirales|Anicreviridae,Anicreviridae [C41],Family,3
Monodnaviria|Shotokuvirae|Cressdnaviricota|Arfiviricetes|Mulpavirales,Mulpavirales,Order,Monodnaviria|Shotokuvirae|Cressdnaviricota|Arfiviricetes|Mulpavirales|Nanoviridae,Nanoviridae [C28],Family,35
Monodnaviria|Shotokuvirae|Cressdnaviricota|Arfiviricetes|Ringavirales,Ringavirales,Order,Monodnaviria|Shotokuvirae|Cressdnaviricota|Arfiviricetes|Ringavirales|Pecoviridae,Pecoviridae [C41],Family,1
Monodnaviria|Shotokuvirae|Cressdnaviricota|Arfiviricetes|Rivendellvirales,Rivendellvirales,Order,Monodnaviria|Shotokuvirae|Cressdnaviricota|Arfiviricetes|Rivendellvirales|Naryaviridae,Naryaviridae [C28],Family,2
Monodnaviria|Shotokuvirae|Cressdnaviricota|Arfiviricetes|Rohanvirales,Rohanvirales,Order,Monodnaviria|Shotokuvirae|Cressdnaviricota|Arfiviricetes|Rohanvirales|Adamaviridae,Adamaviridae [C28],Family,13
Monodnaviria|Shotokuvirae|Cressdnaviricota|Arfiviricetes|Rohanvirales,Rohanvirales,Order,Monodnaviria|Shotokuvirae|Cressdnaviricota|Arfiviricetes|Rohanvirales|Nenyaviridae,Nenyaviridae [C41],Family,10
Monodnaviria|Shotokuvirae|Cressdnaviricota|Arfiviricetes|Saturnivirales,Saturnivirales,Order,Monodnaviria|Shotokuvirae|Cressdnaviricota|Arfiviricetes|Saturnivirales|Kanorauviridae,Kanorauviridae [C16],Family,18
Monodnaviria|Shotokuvirae|Cressdnaviricota|Repensiviricetes|Geplafuvirales,Geplafuvirales,Order,Monodnaviria|Shotokuvirae|Cressdnaviricota|Repensiviricetes|Geplafuvirales|Geminiviridae,Geminiviridae [C28],Family,897
Monodnaviria|Shotokuvirae|Cressdnaviricota|Repensiviricetes|Geplafuvirales,Geplafuvirales,Order,Monodnaviria|Shotokuvirae|Cressdnaviricota|Repensiviricetes|Geplafuvirales|Genomoviridae,Genomoviridae [C66],Family,193
Monodnaviria|Shotokuvirae|Cressdnaviricota|Repensiviricetes|Geplafuvirales,Geplafuvirales,Order,Monodnaviria|Shotokuvirae|Cressdnaviricota|Repensiviricetes|Geplafuvirales|Geplanaviridae,Geplanaviridae [C16],Family,8
Other_Realm|Helvetiavirae|Dividoviricota|Laserviricetes|Halopanivirales,Halopanivirales,Order,Other_Realm|Helvetiavirae|Dividoviricota|Laserviricetes|Halopanivirales|Simuloviridae,Simuloviridae [C84],Family,3
Other_Realm|Unassigned_Kingdom|Unassigned_Phylum|Unassigned_Class|Unassigned_Order,Unassigned_Order,Order,Other_Realm|Unassigned_Kingdom|Unassigned_Phylum|Unassigned_Class|Unassigned_Order|Bartogtaviriformidae,Bartogtaviriformidae [C81],Family,1
Other_Realm|Unassigned_Kingdom|Unassigned_Phylum|Unassigned_Class|Unassigned_Order,Unassigned_Order,Order,Other_Realm|Unassigned_Kingdom|Unassigned_Phylum|Unassigned_Class|Unassigned_Order|Brachygtaviriformidae,Brachygtaviriformidae [C5],Family,1
Other_Realm|Unassigned_Kingdom|Unassigned_Phylum|Unassigned_Class|Unassigned_Order,Unassigned_Order,Order,Other_Realm|Unassigned_Kingdom|Unassigned_Phylum|Unassigned_Class|Unassigned_Order|Polydnaviriformidae,Polydnaviriformidae [C83],Family,1
Other_Realm|Unassigned_Kingdom|Unassigned_Phylum|Unassigned_Class|Unassigned_Order,Unassigned_Order,Order,Other_Realm|Unassigned_Kingdom|Unassigned_Phylum|Unassigned_Class|Unassigned_Order|Rhodogtaviriformidae,Rhodogtaviriformidae [C57],Family,4
Other_Realm|Unassigned_Kingdom|Unassigned_Phylum|Unassigned_Class|Unassigned_Order,Unassigned_Order,Order,Other_Realm|Unassigned_Kingdom|Unassigned_Phylum|Unassigned_Class|Unassigned_Order|Thaspiviridae,Thaspiviridae [C56],Family,1
Other_Realm|Unassigned_Kingdom|Unassigned_Phylum|Unassigned_Class|Unassigned_Order,Unassigned_Order,Order,Other_Realm|Unassigned_Kingdom|Unassigned_Phylum|Unassigned_Class|Unassigned_Order|Unassigned_Family,Unassigned_Family,Family,418
Other_Realm|Unclassified_Unknown|Unclassified_Unknown|Naldaviricetes|Lefavirales,Lefavirales,Order,Other_Realm|Unclassified_Unknown|Unclassified_Unknown|Naldaviricetes|Lefavirales|Baculoviridae,Baculoviridae [C86],Family,26
Other_Realm|Unclassified_Unknown|Unclassified_Unknown|Naldaviricetes|Lefavirales,Lefavirales,Order,Other_Realm|Unclassified_Unknown|Unclassified_Unknown|Naldaviricetes|Lefavirales|Hytrosaviridae,Hytrosaviridae [C86],Family,1
Other_Realm|Unclassified_Unknown|Unclassified_Unknown|Naldaviricetes|Lefavirales,Lefavirales,Order,Other_Realm|Unclassified_Unknown|Unclassified_Unknown|Naldaviricetes|Lefavirales|Nudiviridae,Nudiviridae [C28],Family,2
Other_Realm|Zilligvirae|Taleaviricota|Tokiviricetes|Ligamenvirales,Ligamenvirales,Order,Other_Realm|Zilligvirae|Taleaviricota|Tokiviricetes|Ligamenvirales|Lipothrixviridae,Lipothrixviridae [C84],Family,3
Other_Realm|Zilligvirae|Taleaviricota|Tokiviricetes|Ligamenvirales,Ligamenvirales,Order,Other_Realm|Zilligvirae|Taleaviricota|Tokiviricetes|Ligamenvirales|Rudiviridae,Rudiviridae [C86],Family,1
Riboviria|Orthornavirae|Duplornaviricota|Chrymotiviricetes|Ghabrivirales,Ghabrivirales,Order,Riboviria|Orthornavirae|Duplornaviricota|Chrymotiviricetes|Ghabrivirales|Artiviridae,Artiviridae [C97],Family,1
Riboviria|Orthornavirae|Duplornaviricota|Chrymotiviricetes|Ghabrivirales,Ghabrivirales,Order,Riboviria|Orthornavirae|Duplornaviricota|Chrymotiviricetes|Ghabrivirales|Chrysoviridae,Chrysoviridae [C86],Family,14
Riboviria|Orthornavirae|Duplornaviricota|Chrymotiviricetes|Ghabrivirales,Ghabrivirales,Order,Riboviria|Orthornavirae|Duplornaviricota|Chrymotiviricetes|Ghabrivirales|Giardiaviridae,Giardiaviridae [C86],Family,2
Riboviria|Orthornavirae|Duplornaviricota|Chrymotiviricetes|Ghabrivirales,Ghabrivirales,Order,Riboviria|Orthornavirae|Duplornaviricota|Chrymotiviricetes|Ghabrivirales|Orthototiviridae,Orthototiviridae [C86],Family,18
Riboviria|Orthornavirae|Duplornaviricota|Chrymotiviricetes|Ghabrivirales,Ghabrivirales,Order,Riboviria|Orthornavirae|Duplornaviricota|Chrymotiviricetes|Ghabrivirales|Pseudototiviridae,Pseudototiviridae [C86],Family,34
Riboviria|Orthornavirae|Duplornaviricota|Resentoviricetes|Reovirales,Reovirales,Order,Riboviria|Orthornavirae|Duplornaviricota|Resentoviricetes|Reovirales|Sedoreoviridae,Sedoreoviridae [C17],Family,513
Riboviria|Orthornavirae|Duplornaviricota|Resentoviricetes|Reovirales,Reovirales,Order,Riboviria|Orthornavirae|Duplornaviricota|Resentoviricetes|Reovirales|Spinareoviridae,Spinareoviridae [C86],Family,60
Riboviria|Orthornavirae|Kitrinoviricota|Alsuviricetes|Hepelivirales,Hepelivirales,Order,Riboviria|Orthornavirae|Kitrinoviricota|Alsuviricetes|Hepelivirales|Alphatetraviridae,Alphatetraviridae [C4],Family,2
Riboviria|Orthornavirae|Kitrinoviricota|Alsuviricetes|Hepelivirales,Hepelivirales,Order,Riboviria|Orthornavirae|Kitrinoviricota|Alsuviricetes|Hepelivirales|Hepeviridae,Hepeviridae [C59],Family,1
Riboviria|Orthornavirae|Kitrinoviricota|Alsuviricetes|Martellivirales,Martellivirales,Order,Riboviria|Orthornavirae|Kitrinoviricota|Alsuviricetes|Martellivirales|Bromoviridae,Bromoviridae [C28],Family,36
Riboviria|Orthornavirae|Kitrinoviricota|Alsuviricetes|Martellivirales,Martellivirales,Order,Riboviria|Orthornavirae|Kitrinoviricota|Alsuviricetes|Martellivirales|Closteroviridae,Closteroviridae [C86],Family,9
Riboviria|Orthornavirae|Kitrinoviricota|Magsaviricetes|Nodamuvirales,Nodamuvirales,Order,Riboviria|Orthornavirae|Kitrinoviricota|Magsaviricetes|Nodamuvirales|Nodaviridae,Nodaviridae [C8],Family,20
Riboviria|Orthornavirae|Kitrinoviricota|Magsaviricetes|Nodamuvirales,Nodamuvirales,Order,Riboviria|Orthornavirae|Kitrinoviricota|Magsaviricetes|Nodamuvirales|Sinhaliviridae,Sinhaliviridae [C4],Family,8
Riboviria|Orthornavirae|Kitrinoviricota|Tolucaviricetes|Tolivirales,Tolivirales,Order,Riboviria|Orthornavirae|Kitrinoviricota|Tolucaviricetes|Tolivirales|Tombusviridae,Tombusviridae [C62],Family,134
Riboviria|Orthornavirae|Lenarviricota|Amabiliviricetes|Wolframvirales,Wolframvirales,Order,Riboviria|Orthornavirae|Lenarviricota|Amabiliviricetes|Wolframvirales|Narnaviridae,Narnaviridae [C72],Family,1
Riboviria|Orthornavirae|Lenarviricota|Leviviricetes|Norzivirales,Norzivirales,Order,Riboviria|Orthornavirae|Lenarviricota|Leviviricetes|Norzivirales|Fiersviridae,Fiersviridae [C79],Family,131
Riboviria|Orthornavirae|Lenarviricota|Leviviricetes|Norzivirales,Norzivirales,Order,Riboviria|Orthornavirae|Lenarviricota|Leviviricetes|Norzivirales|Solspiviridae,Solspiviridae [C79],Family,6
Riboviria|Orthornavirae|Lenarviricota|Leviviricetes|Timlovirales,Timlovirales,Order,Riboviria|Orthornavirae|Lenarviricota|Leviviricetes|Timlovirales|Steitzviridae,Steitzviridae [C79],Family,56
Riboviria|Orthornavirae|Lenarviricota|Leviviricetes|Unclassified_Leviviricetes,Unclassified_Leviviricetes,Order,Riboviria|Orthornavirae|Lenarviricota|Leviviricetes|Unclassified_Leviviricetes|Unclassified_Leviviricetes,Unclassified_Leviviricetes [C79],Family,1
Riboviria|Orthornavirae|Lenarviricota|Miaviricetes|Ourlivirales,Ourlivirales,Order,Riboviria|Orthornavirae|Lenarviricota|Miaviricetes|Ourlivirales|Botourmiaviridae,Botourmiaviridae [C72],Family,4
Riboviria|Orthornavirae|Negarnaviricota|Bunyaviricetes|Elliovirales,Elliovirales,Order,Riboviria|Orthornavirae|Negarnaviricota|Bunyaviricetes|Elliovirales|Fimoviridae,Fimoviridae [C86],Family,5
Riboviria|Orthornavirae|Negarnaviricota|Bunyaviricetes|Hareavirales,Hareavirales,Order,Riboviria|Orthornavirae|Negarnaviricota|Bunyaviricetes|Hareavirales|Nairoviridae,Nairoviridae [C86],Family,1
Riboviria|Orthornavirae|Negarnaviricota|Bunyaviricetes|Hareavirales,Hareavirales,Order,Riboviria|Orthornavirae|Negarnaviricota|Bunyaviricetes|Hareavirales|Phenuiviridae,Phenuiviridae [C86],Family,2
Riboviria|Orthornavirae|Negarnaviricota|Monjiviricetes|Jingchuvirales,Jingchuvirales,Order,Riboviria|Orthornavirae|Negarnaviricota|Monjiviricetes|Jingchuvirales|Aliusviridae,Aliusviridae [C86],Family,3
Riboviria|Orthornavirae|Negarnaviricota|Monjiviricetes|Mononegavirales,Mononegavirales,Order,Riboviria|Orthornavirae|Negarnaviricota|Monjiviricetes|Mononegavirales|Filoviridae,Filoviridae [C86],Family,1
Riboviria|Orthornavirae|Negarnaviricota|Monjiviricetes|Mononegavirales,Mononegavirales,Order,Riboviria|Orthornavirae|Negarnaviricota|Monjiviricetes|Mononegavirales|Nyamiviridae,Nyamiviridae [C86],Family,1
Riboviria|Orthornavirae|Negarnaviricota|Monjiviricetes|Mononegavirales,Mononegavirales,Order,Riboviria|Orthornavirae|Negarnaviricota|Monjiviricetes|Mononegavirales|Paramyxoviridae,Paramyxoviridae [C86],Family,7
Riboviria|Orthornavirae|Negarnaviricota|Yunchangviricetes|Goujianvirales,Goujianvirales,Order,Riboviria|Orthornavirae|Negarnaviricota|Yunchangviricetes|Goujianvirales|Yueviridae,Yueviridae [C72],Family,45
Riboviria|Orthornavirae|Pisuviricota|Duplopiviricetes|Durnavirales,Durnavirales,Order,Riboviria|Orthornavirae|Pisuviricota|Duplopiviricetes|Durnavirales|Amalgaviridae,Amalgaviridae [C86],Family,1
Riboviria|Orthornavirae|Pisuviricota|Duplopiviricetes|Durnavirales,Durnavirales,Order,Riboviria|Orthornavirae|Pisuviricota|Duplopiviricetes|Durnavirales|Partitiviridae,Partitiviridae [C86],Family,34
Riboviria|Orthornavirae|Pisuviricota|Duplopiviricetes|Durnavirales,Durnavirales,Order,Riboviria|Orthornavirae|Pisuviricota|Duplopiviricetes|Durnavirales|Picobirnaviridae,Picobirnaviridae [C86],Family,5
Riboviria|Orthornavirae|Pisuviricota|Pisoniviricetes|Nidovirales,Nidovirales,Order,Riboviria|Orthornavirae|Pisuviricota|Pisoniviricetes|Nidovirales|Arteriviridae,Arteriviridae [C9],Family,3
Riboviria|Orthornavirae|Pisuviricota|Pisoniviricetes|Picornavirales,Picornavirales,Order,Riboviria|Orthornavirae|Pisuviricota|Pisoniviricetes|Picornavirales|Caliciviridae,Caliciviridae [C48],Family,238
Riboviria|Orthornavirae|Pisuviricota|Pisoniviricetes|Picornavirales,Picornavirales,Order,Riboviria|Orthornavirae|Pisuviricota|Pisoniviricetes|Picornavirales|Dicistroviridae,Dicistroviridae [C48],Family,4
Riboviria|Orthornavirae|Pisuviricota|Pisoniviricetes|Picornavirales,Picornavirales,Order,Riboviria|Orthornavirae|Pisuviricota|Pisoniviricetes|Picornavirales|Iflaviridae,Iflaviridae [C48],Family,3
Riboviria|Orthornavirae|Pisuviricota|Pisoniviricetes|Picornavirales,Picornavirales,Order,Riboviria|Orthornavirae|Pisuviricota|Pisoniviricetes|Picornavirales|Noraviridae,Noraviridae [C48],Family,1
Riboviria|Orthornavirae|Pisuviricota|Pisoniviricetes|Picornavirales,Picornavirales,Order,Riboviria|Orthornavirae|Pisuviricota|Pisoniviricetes|Picornavirales|Picornaviridae,Picornaviridae [C48],Family,123
Riboviria|Orthornavirae|Pisuviricota|Pisoniviricetes|Picornavirales,Picornavirales,Order,Riboviria|Orthornavirae|Pisuviricota|Pisoniviricetes|Picornavirales|Polycipiviridae,Polycipiviridae [C48],Family,8
Riboviria|Orthornavirae|Pisuviricota|Pisoniviricetes|Picornavirales,Picornavirales,Order,Riboviria|Orthornavirae|Pisuviricota|Pisoniviricetes|Picornavirales|Secoviridae,Secoviridae [C48],Family,12
Riboviria|Orthornavirae|Pisuviricota|Pisoniviricetes|Picornavirales,Picornavirales,Order,Riboviria|Orthornavirae|Pisuviricota|Pisoniviricetes|Picornavirales|Solinviviridae,Solinviviridae [C73],Family,2
Riboviria|Orthornavirae|Pisuviricota|Pisoniviricetes|Sobelivirales,Sobelivirales,Order,Riboviria|Orthornavirae|Pisuviricota|Pisoniviricetes|Sobelivirales|Alvernaviridae,Alvernaviridae [C8],Family,3
Riboviria|Orthornavirae|Pisuviricota|Pisoniviricetes|Sobelivirales,Sobelivirales,Order,Riboviria|Orthornavirae|Pisuviricota|Pisoniviricetes|Sobelivirales|Barnaviridae,Barnaviridae [C72],Family,2
Riboviria|Orthornavirae|Pisuviricota|Pisoniviricetes|Sobelivirales,Sobelivirales,Order,Riboviria|Orthornavirae|Pisuviricota|Pisoniviricetes|Sobelivirales|Solemoviridae,Solemoviridae [C72],Family,138
Riboviria|Orthornavirae|Pisuviricota|Stelpaviricetes|Stellavirales,Stellavirales,Order,Riboviria|Orthornavirae|Pisuviricota|Stelpaviricetes|Stellavirales|Astroviridae,Astroviridae [C72],Family,52
Riboviria|Orthornavirae|Unassigned_Phylum|Unassigned_Class|Unassigned_Order,Unassigned_Order,Order,Riboviria|Orthornavirae|Unassigned_Phylum|Unassigned_Class|Unassigned_Order|Birnaviridae,Birnaviridae [C3],Family,1
Riboviria|Orthornavirae|Unassigned_Phylum|Unassigned_Class|Unassigned_Order,Unassigned_Order,Order,Riboviria|Orthornavirae|Unassigned_Phylum|Unassigned_Class|Unassigned_Order|Permutotetraviridae,Permutotetraviridae [C72],Family,1
Riboviria|Unclassified_Riboviria|Unclassified_Riboviria|Unclassified_Riboviria|Tombendovirales,Tombendovirales,Order,Riboviria|Unclassified_Riboviria|Unclassified_Riboviria|Unclassified_Riboviria|Tombendovirales|Tomosaviridae,Tomosaviridae [C28],Family,1
Riboviria|Unclassified_Riboviria|Unclassified_Riboviria|Unclassified_Riboviria|Unclassified_Riboviria,Unclassified_Riboviria,Order,Riboviria|Unclassified_Riboviria|Unclassified_Riboviria|Unclassified_Riboviria|Unclassified_Riboviria|Tonesaviridae,Tonesaviridae [C28],Family,3
Varidnaviria|Abadenavirae|Produgelaviricota|Ainoaviricetes|Lautamovirales,Lautamovirales,Order,Varidnaviria|Abadenavirae|Produgelaviricota|Ainoaviricetes|Lautamovirales|Finnlakeviridae,Finnlakeviridae [C56],Family,1
Varidnaviria|Abadenavirae|Produgelaviricota|Belvinaviricetes|Atroposvirales,Atroposvirales,Order,Varidnaviria|Abadenavirae|Produgelaviricota|Belvinaviricetes|Atroposvirales|Skuldviridae,Skuldviridae [C56],Family,2
Varidnaviria|Abadenavirae|Produgelaviricota|Belvinaviricetes|Belfryvirales,Belfryvirales,Order,Varidnaviria|Abadenavirae|Produgelaviricota|Belvinaviricetes|Belfryvirales|Turriviridae,Turriviridae [C56],Family,1
Varidnaviria|Abadenavirae|Produgelaviricota|Belvinaviricetes|Vinavirales,Vinavirales,Order,Varidnaviria|Abadenavirae|Produgelaviricota|Belvinaviricetes|Vinavirales|Asemoviridae,Asemoviridae [C56],Family,1
Varidnaviria|Abadenavirae|Produgelaviricota|Belvinaviricetes|Vinavirales,Vinavirales,Order,Varidnaviria|Abadenavirae|Produgelaviricota|Belvinaviricetes|Vinavirales|Corticoviridae,Corticoviridae [C56],Family,2
Varidnaviria|Abadenavirae|Produgelaviricota|Belvinaviricetes|Vinavirales,Vinavirales,Order,Varidnaviria|Abadenavirae|Produgelaviricota|Belvinaviricetes|Vinavirales|Parnassusviridae,Parnassusviridae [C56],Family,1
Varidnaviria|Bamfordvirae|Nucleocytoviricota|Megaviricetes|Algavirales,Algavirales,Order,Varidnaviria|Bamfordvirae|Nucleocytoviricota|Megaviricetes|Algavirales|Phycodnaviridae,Phycodnaviridae [C30],Family,111
Varidnaviria|Bamfordvirae|Nucleocytoviricota|Megaviricetes|Imitervirales,Imitervirales,Order,Varidnaviria|Bamfordvirae|Nucleocytoviricota|Megaviricetes|Imitervirales|Allomimiviridae,Allomimiviridae [C30],Family,6
Varidnaviria|Bamfordvirae|Nucleocytoviricota|Megaviricetes|Imitervirales,Imitervirales,Order,Varidnaviria|Bamfordvirae|Nucleocytoviricota|Megaviricetes|Imitervirales|Mesomimiviridae,Mesomimiviridae [C30],Family,3
Varidnaviria|Bamfordvirae|Nucleocytoviricota|Megaviricetes|Imitervirales,Imitervirales,Order,Varidnaviria|Bamfordvirae|Nucleocytoviricota|Megaviricetes|Imitervirales|Mimiviridae,Mimiviridae [C30],Family,228
Varidnaviria|Bamfordvirae|Nucleocytoviricota|Megaviricetes|Imitervirales,Imitervirales,Order,Varidnaviria|Bamfordvirae|Nucleocytoviricota|Megaviricetes|Imitervirales|Schizomimiviridae,Schizomimiviridae [C30],Family,9
Varidnaviria|Bamfordvirae|Nucleocytoviricota|Megaviricetes|Pimascovirales,Pimascovirales,Order,Varidnaviria|Bamfordvirae|Nucleocytoviricota|Megaviricetes|Pimascovirales|Ascoviridae,Ascoviridae [C30],Family,6
Varidnaviria|Bamfordvirae|Nucleocytoviricota|Megaviricetes|Pimascovirales,Pimascovirales,Order,Varidnaviria|Bamfordvirae|Nucleocytoviricota|Megaviricetes|Pimascovirales|Iridoviridae,Iridoviridae [C30],Family,58
Varidnaviria|Bamfordvirae|Nucleocytoviricota|Megaviricetes|Pimascovirales,Pimascovirales,Order,Varidnaviria|Bamfordvirae|Nucleocytoviricota|Megaviricetes|Pimascovirales|Marseilleviridae,Marseilleviridae [C30],Family,29
Varidnaviria|Bamfordvirae|Nucleocytoviricota|Megaviricetes|Pimascovirales,Pimascovirales,Order,Varidnaviria|Bamfordvirae|Nucleocytoviricota|Megaviricetes|Pimascovirales|Orpheoviridae,Orpheoviridae [C75],Family,1
Varidnaviria|Bamfordvirae|Nucleocytoviricota|Megaviricetes|Unassigned_Order,Unassigned_Order,Order,Varidnaviria|Bamfordvirae|Nucleocytoviricota|Megaviricetes|Unassigned_Order|Mamonoviridae,Mamonoviridae [C30],Family,3
Varidnaviria|Bamfordvirae|Nucleocytoviricota|Mriyaviricetes|Unassigned_Order,Unassigned_Order,Order,Varidnaviria|Bamfordvirae|Nucleocytoviricota|Mriyaviricetes|Unassigned_Order|Yaraviridae,Yaraviridae [C30],Family,1
Varidnaviria|Bamfordvirae|Nucleocytoviricota|Mriyaviricetes|Unclassified_Mriyaviricetes,Unclassified_Mriyaviricetes,Order,Varidnaviria|Bamfordvirae|Nucleocytoviricota|Mriyaviricetes|Unclassified_Mriyaviricetes|Yaraviridae,Yaraviridae [C30],Family,1
Varidnaviria|Bamfordvirae|Nucleocytoviricota|Pokkesviricetes|Asfuvirales,Asfuvirales,Order,Varidnaviria|Bamfordvirae|Nucleocytoviricota|Pokkesviricetes|Asfuvirales|Asfarviridae,Asfarviridae [C30],Family,3
Varidnaviria|Bamfordvirae|Nucleocytoviricota|Pokkesviricetes|Chitovirales,Chitovirales,Order,Varidnaviria|Bamfordvirae|Nucleocytoviricota|Pokkesviricetes|Chitovirales|Poxviridae,Poxviridae [C86],Family,3
Varidnaviria|Bamfordvirae|Preplasmiviricota|Aquintoviricetes|Archintovirales,Archintovirales,Order,Varidnaviria|Bamfordvirae|Preplasmiviricota|Aquintoviricetes|Archintovirales|Phypoliviridae,Phypoliviridae [C75],Family,2
Varidnaviria|Bamfordvirae|Preplasmiviricota|Pharingeaviricetes|Rowavirales,Rowavirales,Order,Varidnaviria|Bamfordvirae|Preplasmiviricota|Pharingeaviricetes|Rowavirales|Adenoviridae,Adenoviridae [C86],Family,8
Varidnaviria|Bamfordvirae|Preplasmiviricota|Tectiliviricetes|Kalamavirales,Kalamavirales,Order,Varidnaviria|Bamfordvirae|Preplasmiviricota|Tectiliviricetes|Kalamavirales|Tectiviridae,Tectiviridae [C56],Family,9
Varidnaviria|Bamfordvirae|Preplasmiviricota|Virophaviricetes|Mividavirales,Mividavirales,Order,Varidnaviria|Bamfordvirae|Preplasmiviricota|Virophaviricetes|Mividavirales|Sputniviroviridae,Sputniviroviridae [C53],Family,2
Varidnaviria|Bamfordvirae|Preplasmiviricota|Virophaviricetes|Priklausovirales,Priklausovirales,Order,Varidnaviria|Bamfordvirae|Preplasmiviricota|Virophaviricetes|Priklausovirales|Burtonviroviridae,Burtonviroviridae [C53],Family,2
Varidnaviria|Bamfordvirae|Preplasmiviricota|Virophaviricetes|Priklausovirales,Priklausovirales,Order,Varidnaviria|Bamfordvirae|Preplasmiviricota|Virophaviricetes|Priklausovirales|Omnilimnoviroviridae,Omnilimnoviroviridae [C53],Family,1
