cluster_id,combined_fold,combined_evidence_tier,fusion_rationale,conservative_fold,conservative_evidence_status,mlp_fold,mlp_quality_tier,mlp_support_fraction,mlp_mean_confidence,mlp_thresholded_top,mlp_thresholded_top_fraction,motif_fold,motif_evidence_tier,motif_best_score,motif_score_margin
6,Unknown,forced_unknown,cluster_forced_unknown,Unknown,forced_unknown,BTV-like,low,0.689956332,0.450326247,Unknown,0.986899563,levi-like,moderate,0.13499039,0.13446588
88,Unknown,forced_unknown,cluster_forced_unknown,Unknown,forced_unknown,BTV-like,low,0.84,0.613290391,Unknown,0.893333333,BTV-like,weak,0.00279052,0.00184802
3,picorna-like,mlp_preferred_conflict,mlp_quality_rank_exceeds_motif_tier,picorna-like,mlp_uncertain_motif_weak_conflict,picorna-like,medium,0.885714286,0.758908816,Unknown,0.689285714,BTV-like,weak,0.01818861,0.00929363
47,picorna-like,mlp_preferred_motif_moderate_conflict,high_quality_mlp_conflicts_with_moderate_motif,picorna-like,mlp_high_but_motif_conflict_review,picorna-like,high,1,0.999787677,picorna-like,1,BTV-like,moderate,0.08741819,0.08623725
52,picorna-like,ambiguous_conflict_mlp_retained,equal_rank_conflict_no_ground_truth,picorna-like,mlp_high_but_motif_conflict_review,picorna-like,high,0.999525166,0.998733647,picorna-like,0.998100665,HK97-like,strong,0.65917251,0.6588858
60,picorna-like,supported_consensus,mlp_and_motif_same_fold,picorna-like,convergent_weak_or_mlp_only,picorna-like,medium,0.647637795,0.758346901,Unknown,0.641732283,picorna-like,weak,0.1550856,0.03406489
63,picorna-like,ambiguous_conflict_mlp_retained,equal_rank_conflict_no_ground_truth,picorna-like,mlp_high_but_motif_conflict_review,picorna-like,high,0.991724138,0.992356915,picorna-like,0.987586207,HK97-like,strong,0.40748233,0.40334668
67,picorna-like,ambiguous_conflict_mlp_retained,equal_rank_conflict_no_ground_truth,picorna-like,mlp_high_but_motif_conflict_review,picorna-like,high,1,0.999800374,picorna-like,1,HK97-like,strong,0.51925015,0.51614494
77,picorna-like,ambiguous_conflict_mlp_retained,equal_rank_conflict_no_ground_truth,picorna-like,mlp_high_but_motif_conflict_review,picorna-like,high,0.972045743,0.971464729,picorna-like,0.921219822,HK97-like,strong,0.59939467,0.58881034
78,picorna-like,ambiguous_conflict_mlp_retained,equal_rank_conflict_no_ground_truth,picorna-like,mlp_high_but_motif_conflict_review,picorna-like,high,0.988123515,0.986526439,picorna-like,0.976247031,HK97-like,strong,0.60363019,0.60335021
79,picorna-like,mlp_preferred_motif_weak_conflict,high_quality_mlp_conflicts_with_weak_motif,picorna-like,mlp_high_motif_weak_conflict_no_change,picorna-like,high,0.998171846,0.996457229,picorna-like,0.996343693,BTV-like,weak,0.05980098,0.04160998
95,picorna-like,ambiguous_conflict_mlp_retained,equal_rank_conflict_no_ground_truth,picorna-like,mlp_high_but_motif_conflict_review,picorna-like,high,1,0.999024444,picorna-like,1,HK97-like,strong,0.60442804,0.58623169
96,picorna-like,mlp_preferred_motif_weak_conflict,high_quality_mlp_conflicts_with_weak_motif,picorna-like,mlp_high_motif_weak_conflict_no_change,picorna-like,high,1,0.998517685,picorna-like,1,micro-like,weak,0.66177431,0.01608461
8,NCLDV-like,mlp_preferred_motif_weak_conflict,high_quality_mlp_conflicts_with_weak_motif,NCLDV-like,mlp_high_motif_weak_conflict_no_change,NCLDV-like,high,0.999101527,0.958220733,NCLDV-like,0.938903863,BTV-like,weak,0.02332678,0.01589888
34,NCLDV-like,ambiguous_conflict_mlp_retained,equal_rank_conflict_no_ground_truth,NCLDV-like,mlp_high_but_motif_conflict_review,NCLDV-like,high,0.999537037,0.998498196,NCLDV-like,0.997839506,HK97-like,strong,0.25039883,0.23684856
51,NCLDV-like,mlp_preferred_motif_moderate_conflict,high_quality_mlp_conflicts_with_moderate_motif,NCLDV-like,mlp_high_but_motif_conflict_review,NCLDV-like,high,0.997409326,0.990044824,NCLDV-like,0.994818653,BTV-like,moderate,0.06094088,0.05861677
57,NCLDV-like,ambiguous_conflict_mlp_retained,equal_rank_conflict_no_ground_truth,NCLDV-like,mlp_high_but_motif_conflict_review,NCLDV-like,high,1,0.999561165,NCLDV-like,1,HK97-like,strong,0.65896222,0.65793023
64,NCLDV-like,ambiguous_conflict_mlp_retained,equal_rank_conflict_no_ground_truth,NCLDV-like,mlp_high_but_motif_conflict_review,NCLDV-like,high,1,0.999590151,NCLDV-like,1,HK97-like,strong,0.44512604,0.44489187
80,NCLDV-like,mlp_preferred_motif_moderate_conflict,high_quality_mlp_conflicts_with_moderate_motif,NCLDV-like,mlp_high_but_motif_conflict_review,NCLDV-like,high,0.998619547,0.993905315,NCLDV-like,0.99006074,picorna-like,moderate,0.70281155,0.19308793
82,NCLDV-like,ambiguous_conflict_mlp_retained,equal_rank_conflict_no_ground_truth,NCLDV-like,mlp_high_but_motif_conflict_review,NCLDV-like,high,1,0.999514689,NCLDV-like,1,HK97-like,strong,0.57784419,0.57178005
4,micro-like,mlp_preferred_motif_moderate_conflict,high_quality_mlp_conflicts_with_moderate_motif,micro-like,mlp_high_but_motif_conflict_review,micro-like,high,0.976510067,0.909423567,micro-like,0.825503356,picorna-like,moderate,0.39106554,0.06264357
10,micro-like,supported_consensus,mlp_and_motif_same_fold,micro-like,motif_rescues_mlp_uncertain,micro-like,medium,0.724907063,0.806875923,Unknown,0.484623184,micro-like,moderate,0.5598819,0.11119971
19,micro-like,supported_consensus,mlp_and_motif_same_fold,micro-like,motif_rescues_mlp_uncertain,micro-like,medium,0.795336788,0.812278566,Unknown,0.466321244,micro-like,moderate,0.54269906,0.10989658
85,levi-like,ambiguous_conflict_mlp_retained,equal_rank_conflict_no_ground_truth,levi-like,mlp_high_but_motif_conflict_review,levi-like,high,0.999343401,0.995784147,levi-like,0.995403808,HK97-like,strong,0.65944099,0.65929109
2,ino-like,ambiguous_conflict_mlp_retained,equal_rank_conflict_no_ground_truth,HK97-like,mlp_high_but_motif_conflict_review,HK97-like,high,0.999799116,0.999409253,HK97-like,0.999799116,ino-like,strong,0.76078821,0.76032483
0,HK97-like,ambiguous_conflict_mlp_retained,equal_rank_conflict_no_ground_truth,HK97-like,mlp_uncertain_motif_conflict_review,HK97-like,medium,0.762075134,0.86352506,HK97-like,0.55515802,picorna-like,moderate,0.17789801,0.11841282
1,HK97-like,mlp_preferred_motif_weak_conflict,high_quality_mlp_conflicts_with_weak_motif,HK97-like,mlp_high_motif_weak_conflict_no_change,HK97-like,high,0.99968163,0.998393194,HK97-like,0.99936326,picorna-like,weak,0.02433646,0.00263732
5,HK97-like,mlp_preferred_motif_weak_conflict,high_quality_mlp_conflicts_with_weak_motif,HK97-like,mlp_high_motif_weak_conflict_no_change,HK97-like,high,0.999876771,0.999770477,HK97-like,0.999876771,NCLDV-like,weak,0.02154236,0.00988343
7,HK97-like,supported_consensus,mlp_and_motif_same_fold,HK97-like,motif_rescues_mlp_uncertain,HK97-like,medium,0.839912281,0.892347119,HK97-like,0.675438596,HK97-like,strong,0.36133578,0.35741084
9,HK97-like,mlp_preferred_motif_moderate_conflict,high_quality_mlp_conflicts_with_moderate_motif,HK97-like,mlp_high_but_motif_conflict_review,HK97-like,high,1,0.999421141,HK97-like,0.999855596,micro-like,moderate,0.53807441,0.10291284
11,HK97-like,strong_consensus,mlp_and_motif_same_fold,HK97-like,convergent_high,HK97-like,high,0.991304348,0.95303102,HK97-like,0.904347826,HK97-like,strong,0.5719584,0.57176096
12,HK97-like,motif_preferred_mlp_not_high_conflict,strong_motif_conflicts_with_non_high_mlp,micro-like,mlp_uncertain_motif_conflict_review,micro-like,medium,0.777777778,0.820235507,micro-like,0.533333333,HK97-like,strong,0.40729967,0.40319138
13,HK97-like,mlp_preferred_motif_weak_conflict,high_quality_mlp_conflicts_with_weak_motif,HK97-like,mlp_high_motif_weak_conflict_no_change,HK97-like,high,1,0.997986856,HK97-like,0.998263889,picorna-like,weak,0.0966964,0.00563236
14,HK97-like,supported_consensus,mlp_and_motif_same_fold,HK97-like,convergent_weak_or_mlp_only,HK97-like,high,1,0.998562817,HK97-like,0.998061264,HK97-like,weak,0.10362267,0.04484163
15,HK97-like,ambiguous_conflict_mlp_retained,equal_rank_conflict_no_ground_truth,HK97-like,mlp_high_but_motif_conflict_review,HK97-like,high,1,0.999726155,HK97-like,1,NCLDV-like,strong,0.75688063,0.5769326
16,HK97-like,strong_consensus,mlp_and_motif_same_fold,HK97-like,convergent_high,HK97-like,high,1,0.999929649,HK97-like,1,HK97-like,strong,0.62754963,0.62749816
17,HK97-like,mlp_preferred_motif_moderate_conflict,high_quality_mlp_conflicts_with_moderate_motif,HK97-like,mlp_high_but_motif_conflict_review,HK97-like,high,1,0.998904228,HK97-like,1,micro-like,moderate,0.66038966,0.13350156
18,HK97-like,strong_consensus,mlp_and_motif_same_fold,HK97-like,convergent_high,HK97-like,high,0.999777481,0.998375789,HK97-like,0.998442368,HK97-like,strong,0.40255553,0.39963016
20,HK97-like,motif_preferred_mlp_not_high_conflict,strong_motif_conflicts_with_non_high_mlp,BTV-like,mlp_uncertain_motif_conflict_review,BTV-like,medium,0.651515152,0.779957617,Unknown,0.590909091,HK97-like,strong,0.64869273,0.64764763
21,HK97-like,motif_preferred_mlp_not_high_conflict,strong_motif_conflicts_with_non_high_mlp,micro-like,mlp_uncertain_motif_conflict_review,micro-like,medium,0.967592593,0.81672758,Unknown,0.509259259,HK97-like,strong,0.60742122,0.60677693
22,HK97-like,strong_consensus,mlp_and_motif_same_fold,HK97-like,convergent_high,HK97-like,high,1,0.999551294,HK97-like,1,HK97-like,strong,0.58246227,0.58203228
23,HK97-like,strong_consensus,mlp_and_motif_same_fold,HK97-like,convergent_high,HK97-like,high,1,0.995455562,HK97-like,0.99652433,HK97-like,strong,0.59565874,0.5881396
24,HK97-like,strong_consensus,mlp_and_motif_same_fold,HK97-like,convergent_high,HK97-like,high,1,0.999657164,HK97-like,1,HK97-like,strong,0.47856462,0.47820687
25,HK97-like,strong_consensus,mlp_and_motif_same_fold,HK97-like,convergent_high,HK97-like,high,0.999704142,0.99896003,HK97-like,0.999704142,HK97-like,strong,0.45378412,0.45365742
26,HK97-like,ambiguous_conflict_mlp_retained,equal_rank_conflict_no_ground_truth,HK97-like,mlp_high_but_motif_conflict_review,HK97-like,high,1,0.999374775,HK97-like,1,Geminiviridae-like,strong,0.52041291,0.21681899
27,HK97-like,mlp_preferred_motif_weak_conflict,high_quality_mlp_conflicts_with_weak_motif,HK97-like,mlp_high_motif_weak_conflict_no_change,HK97-like,high,0.998780488,0.981129699,HK97-like,0.991463415,BTV-like,weak,0.05061895,0.03888602
28,HK97-like,mlp_preferred_motif_weak_conflict,equal_rank_conflict_no_ground_truth,HK97-like,mlp_high_motif_weak_conflict_no_change,HK97-like,high,1,0.999295195,HK97-like,0.999309869,HK97-like,weak,0.09638454,0.03600399
29,HK97-like,mlp_preferred_motif_moderate_conflict,high_quality_mlp_conflicts_with_moderate_motif,HK97-like,mlp_high_but_motif_conflict_review,HK97-like,high,1,0.998591829,HK97-like,1,BTV-like,moderate,0.06551217,0.06459405
30,HK97-like,mlp_preferred_motif_moderate_conflict,high_quality_mlp_conflicts_with_moderate_motif,HK97-like,mlp_high_but_motif_conflict_review,HK97-like,high,1,0.999157606,HK97-like,0.999173554,Geminiviridae-like,moderate,0.38873194,0.10799478
32,HK97-like,motif_preferred_mlp_not_high_conflict,strong_motif_conflicts_with_non_high_mlp,Geminiviridae-like,mlp_uncertain_motif_conflict_review,Geminiviridae-like,medium,0.650300247,0.852741605,Geminiviridae-like,0.486047333,HK97-like,strong,0.48179645,0.47941675
33,HK97-like,strong_consensus,mlp_and_motif_same_fold,HK97-like,convergent_high,HK97-like,high,1,0.999860673,HK97-like,1,HK97-like,strong,0.62218979,0.62083501
35,HK97-like,strong_consensus,mlp_and_motif_same_fold,HK97-like,convergent_high,HK97-like,high,0.999557228,0.998761348,HK97-like,0.998228913,HK97-like,strong,0.29747572,0.29178596
37,HK97-like,strong_consensus,mlp_and_motif_same_fold,HK97-like,convergent_high,HK97-like,high,1,0.999962527,HK97-like,1,HK97-like,strong,0.2790195,0.27750734
38,HK97-like,strong_consensus,mlp_and_motif_same_fold,HK97-like,convergent_high,HK97-like,high,1,0.9998337,HK97-like,1,HK97-like,strong,0.65945778,0.65934864
39,HK97-like,strong_consensus,mlp_and_motif_same_fold,HK97-like,convergent_high,HK97-like,high,1,0.99977265,HK97-like,1,HK97-like,strong,0.65791489,0.65747403
40,HK97-like,strong_consensus,mlp_and_motif_same_fold,HK97-like,convergent_high,HK97-like,high,1,0.999671152,HK97-like,1,HK97-like,strong,0.37886023,0.37865165
41,HK97-like,ambiguous_conflict_mlp_retained,equal_rank_conflict_no_ground_truth,HK97-like,mlp_high_but_motif_conflict_review,HK97-like,high,1,0.998393724,HK97-like,0.998916576,Geminiviridae-like,strong,0.74959319,0.42282885
42,HK97-like,ambiguous_conflict_mlp_retained,equal_rank_conflict_no_ground_truth,HK97-like,mlp_high_but_motif_conflict_review,HK97-like,high,1,0.999952336,HK97-like,1,Geminiviridae-like,strong,0.79579038,0.45276899
43,HK97-like,strong_consensus,mlp_and_motif_same_fold,HK97-like,convergent_high,HK97-like,high,0.999805561,0.998956036,HK97-like,0.999027805,HK97-like,strong,0.58339663,0.57619893
44,HK97-like,ambiguous_conflict_mlp_retained,equal_rank_conflict_no_ground_truth,HK97-like,mlp_high_but_motif_conflict_review,HK97-like,high,1,0.998896134,HK97-like,0.999304348,levi-like,strong,0.76005289,0.75893179
46,HK97-like,strong_consensus,mlp_and_motif_same_fold,HK97-like,convergent_high,HK97-like,high,1,0.996079477,HK97-like,0.998563218,HK97-like,strong,0.40711503,0.40300348
48,HK97-like,strong_consensus,mlp_and_motif_same_fold,HK97-like,convergent_high,HK97-like,high,1,0.999234839,HK97-like,1,HK97-like,strong,0.40736907,0.40329921
49,HK97-like,strong_consensus,mlp_and_motif_same_fold,HK97-like,convergent_high,HK97-like,high,1,0.99968109,HK97-like,1,HK97-like,strong,0.57179886,0.57148113
50,HK97-like,mlp_preferred_motif_weak_conflict,high_quality_mlp_conflicts_with_weak_motif,HK97-like,mlp_high_motif_weak_conflict_no_change,HK97-like,high,0.998700455,0.998587164,HK97-like,0.998050682,micro-like,weak,0.31643234,0.02341155
53,HK97-like,strong_consensus,mlp_and_motif_same_fold,HK97-like,convergent_high,HK97-like,high,1,0.999443068,HK97-like,1,HK97-like,strong,0.67819596,0.67819596
54,HK97-like,strong_consensus,mlp_and_motif_same_fold,HK97-like,convergent_high,HK97-like,high,1,0.999748104,HK97-like,1,HK97-like,strong,0.44717611,0.44623071
55,HK97-like,strong_consensus,mlp_and_motif_same_fold,HK97-like,convergent_high,HK97-like,high,1,0.999860408,HK97-like,1,HK97-like,strong,0.65967468,0.65864278
56,HK97-like,strong_consensus,mlp_and_motif_same_fold,HK97-like,convergent_high,HK97-like,high,0.999729657,0.99959819,HK97-like,0.99918897,HK97-like,strong,0.65970674,0.6595053
58,HK97-like,mlp_preferred_motif_moderate_conflict,high_quality_mlp_conflicts_with_moderate_motif,HK97-like,mlp_high_but_motif_conflict_review,HK97-like,high,0.999422522,0.999316901,HK97-like,0.999037536,Circoviridae-like,moderate,0.83322238,0.07086984
59,HK97-like,strong_consensus,mlp_and_motif_same_fold,HK97-like,convergent_high,HK97-like,high,1,0.998946302,HK97-like,1,HK97-like,strong,0.25426782,0.2529023
61,HK97-like,ambiguous_conflict_mlp_retained,equal_rank_conflict_no_ground_truth,HK97-like,mlp_high_but_motif_conflict_review,HK97-like,high,1,0.999644227,HK97-like,0.999740597,picorna-like,strong,0.70524223,0.22834277
62,HK97-like,strong_consensus,mlp_and_motif_same_fold,HK97-like,convergent_high,HK97-like,high,1,0.999562694,HK97-like,1,HK97-like,strong,0.4069297,0.40274341
65,HK97-like,ambiguous_conflict_mlp_retained,equal_rank_conflict_no_ground_truth,HK97-like,mlp_high_but_motif_conflict_review,HK97-like,high,1,0.999760494,HK97-like,1,NCLDV-like,strong,0.8528756,0.65422303
66,HK97-like,mlp_preferred_motif_weak_conflict,high_quality_mlp_conflicts_with_weak_motif,HK97-like,mlp_high_motif_weak_conflict_no_change,HK97-like,high,1,0.999989438,HK97-like,1,picorna-like,weak,0.34896733,0.00623843
68,HK97-like,strong_consensus,mlp_and_motif_same_fold,HK97-like,convergent_high,HK97-like,high,1,0.999841057,HK97-like,1,HK97-like,strong,0.40691221,0.40205263
69,HK97-like,strong_consensus,mlp_and_motif_same_fold,HK97-like,convergent_high,HK97-like,high,1,0.996905273,HK97-like,0.999315537,HK97-like,strong,0.49255075,0.49060304
70,HK97-like,mlp_preferred_motif_weak_conflict,high_quality_mlp_conflicts_with_weak_motif,HK97-like,mlp_high_motif_weak_conflict_no_change,HK97-like,high,1,0.99887151,HK97-like,1,micro-like,weak,0.22410296,0.01606953
71,HK97-like,motif_preferred_mlp_not_high_conflict,strong_motif_conflicts_with_non_high_mlp,Geminiviridae-like,mlp_uncertain_motif_conflict_review,Geminiviridae-like,low,0.773381295,0.664562732,Unknown,0.769784173,HK97-like,strong,0.58956846,0.58683402
72,HK97-like,ambiguous_conflict_mlp_retained,equal_rank_conflict_no_ground_truth,HK97-like,mlp_high_but_motif_conflict_review,HK97-like,high,1,0.999747266,HK97-like,0.999841872,NCLDV-like,strong,0.79577947,0.60791813
73,HK97-like,strong_consensus,mlp_and_motif_same_fold,HK97-like,convergent_high,HK97-like,high,1,0.999874702,HK97-like,1,HK97-like,strong,0.57570474,0.57204663
74,HK97-like,strong_consensus,mlp_and_motif_same_fold,HK97-like,convergent_high,HK97-like,high,1,0.999949621,HK97-like,1,HK97-like,strong,0.30039877,0.29487568
76,HK97-like,ambiguous_conflict_mlp_retained,equal_rank_conflict_no_ground_truth,HK97-like,mlp_high_but_motif_conflict_review,HK97-like,high,1,0.999711287,HK97-like,1,NCLDV-like,strong,0.78084004,0.57231459
81,HK97-like,ambiguous_conflict_mlp_retained,equal_rank_conflict_no_ground_truth,HK97-like,mlp_high_but_motif_conflict_review,HK97-like,high,1,0.999919237,HK97-like,1,NCLDV-like,strong,0.86853819,0.66342625
83,HK97-like,strong_consensus,mlp_and_motif_same_fold,HK97-like,convergent_high,HK97-like,high,1,0.999580923,HK97-like,0.999814264,HK97-like,strong,0.46319026,0.45569556
84,HK97-like,ambiguous_conflict_mlp_retained,equal_rank_conflict_no_ground_truth,HK97-like,mlp_high_but_motif_conflict_review,HK97-like,high,1,0.999932859,HK97-like,1,picorna-like,strong,0.72277233,0.22356294
86,HK97-like,strong_consensus,mlp_and_motif_same_fold,HK97-like,convergent_high,HK97-like,high,1,0.999807821,HK97-like,1,HK97-like,strong,0.4872156,0.48678499
87,HK97-like,strong_consensus,mlp_and_motif_same_fold,HK97-like,convergent_high,HK97-like,high,1,0.999144339,HK97-like,0.997461929,HK97-like,strong,0.40811166,0.4077912
90,HK97-like,motif_preferred_mlp_not_high_conflict,strong_motif_conflicts_with_non_high_mlp,BTV-like,mlp_uncertain_motif_conflict_review,BTV-like,low,0.590551181,0.685701931,Unknown,0.748031496,HK97-like,strong,0.6603532,0.6600694
91,HK97-like,supported_consensus,mlp_and_motif_same_fold,HK97-like,motif_rescues_mlp_uncertain,HK97-like,low,0.460490463,0.530304172,Unknown,0.904632153,HK97-like,strong,0.65925053,0.65896773
92,HK97-like,mlp_preferred_motif_weak_conflict,high_quality_mlp_conflicts_with_weak_motif,HK97-like,mlp_high_motif_weak_conflict_no_change,HK97-like,high,1,0.991875367,HK97-like,1,picorna-like,weak,0.09750931,0.01421663
97,HK97-like,mlp_preferred_motif_weak_conflict,high_quality_mlp_conflicts_with_weak_motif,HK97-like,mlp_high_motif_weak_conflict_no_change,HK97-like,high,0.99862069,0.999494513,HK97-like,0.99862069,picorna-like,weak,0.43092392,0.00183197
98,HK97-like,ambiguous_conflict_mlp_retained,equal_rank_conflict_no_ground_truth,HK97-like,mlp_high_but_motif_conflict_review,HK97-like,high,1,0.999883219,HK97-like,1,picorna-like,strong,0.67049566,0.20948606
31,Geminiviridae-like,mlp_preferred_conflict,mlp_quality_rank_exceeds_motif_tier,Geminiviridae-like,mlp_uncertain_motif_weak_conflict,Geminiviridae-like,medium,0.804400978,0.826380007,Geminiviridae-like,0.523227384,micro-like,weak,0.28437069,0.02065787
89,Geminiviridae-like,motif_preferred_mlp_not_high_conflict,strong_motif_conflicts_with_non_high_mlp,micro-like,mlp_uncertain_motif_conflict_review,micro-like,medium,0.97972973,0.843393354,micro-like,0.577702703,Geminiviridae-like,strong,0.81414541,0.45928001
45,Circoviridae-like,ambiguous_conflict_mlp_retained,equal_rank_conflict_no_ground_truth,Circoviridae-like,mlp_high_but_motif_conflict_review,Circoviridae-like,high,0.934846266,0.96268147,Circoviridae-like,0.881405564,NCLDV-like,strong,0.86501106,0.66062043
36,BTV-like,ambiguous_conflict_mlp_retained,equal_rank_conflict_no_ground_truth,BTV-like,mlp_high_but_motif_conflict_review,BTV-like,high,0.98989899,0.938634623,BTV-like,0.878787879,HK97-like,strong,0.47269831,0.47080283
75,BTV-like,ambiguous_conflict_mlp_retained,equal_rank_conflict_no_ground_truth,BTV-like,mlp_uncertain_motif_weak_conflict,BTV-like,low,0.392523364,0.632008223,Unknown,0.831775701,micro-like,weak,0.34471828,0.02389877
93,BTV-like,ambiguous_conflict_mlp_retained,equal_rank_conflict_no_ground_truth,BTV-like,mlp_high_but_motif_conflict_review,BTV-like,high,0.994703693,0.974751183,BTV-like,0.967506441,HK97-like,strong,0.60786574,0.59703316
94,BTV-like,supported_consensus,mlp_and_motif_same_fold,BTV-like,motif_rescues_mlp_uncertain,BTV-like,low,0.560606061,0.655892521,Unknown,0.848484848,BTV-like,moderate,0.06775945,0.06654168
