motif_id,mean_relative_position,position_standard_deviation,global_count,maximum_fraction,mean_fraction,position_category
346,0.5083274758770158,0.2935510128280477,2918748,0.9932279909706546,0.13037555750792473,Dominating (Low Complexity)
340,0.3035028385594325,0.30572193817959165,1199804,0.9815950920245399,0.03921466373322238,Dominating (Low Complexity)
344,0.47258345108617594,0.28703847391156323,1935110,0.9685658153241651,0.09073182060845753,Dominating (Low Complexity)
363,0.484400347883771,0.2953987695407473,659645,0.3055555555555556,0.03106842985378309,Random / Scattered
362,0.4766948903712358,0.24772974136080794,848902,0.4186046511627907,0.044987721404179434,Random / Scattered
339,0.2977629257492526,0.2886861569636587,926062,0.875,0.06062880648387379,Dominating (Low Complexity)
347,0.5087131845201656,0.27591857213623006,772464,0.990625,0.03805761260215517,Dominating (Low Complexity)
361,0.47474939626430934,0.29432035775083387,499104,0.3153846153846154,0.030621525256233604,Random / Scattered
352,0.5895902532317694,0.34157038868290573,834551,0.9777777777777777,0.06028741241710762,Dominating (Low Complexity)
341,0.3759970088819183,0.29563202242250614,1200326,1.0,0.0772986641451283,Dominating (Low Complexity)
10,0.07689020132848602,0.1462396561301213,173647,0.9272727272727272,0.005399362133521805,N-Terminal
355,0.7726218304949947,0.20641002859271,1385336,0.9731903485254692,0.0455617409477261,Dominating (Low Complexity)
308,0.9274342634537132,0.16625325013915057,154306,0.6407407407407407,0.04105727514214509,C-Terminal
106,0.41191267113773533,0.13608067289627115,311384,0.8666666666666667,0.18983866940754468,Middle (Conserved)
342,0.42148952730766626,0.2928045379237585,254269,1.0,0.15911790622712466,Dominating (Low Complexity)
57,0.23243107985146605,0.09725574603627143,811975,0.7338129496402878,0.12490956215543715,N-Terminal
356,0.7902332205946666,0.20240277906894893,96444,0.9746328437917223,0.17580290192277018,Dominating (Low Complexity)
122,0.44622168836137444,0.14161440462593447,478203,0.5806451612903226,0.057899754741922174,Middle (Conserved)
338,0.2337573716989213,0.28855762778918737,144421,1.0,0.14569492016393676,Dominating (Low Complexity)
74,0.3115605955915344,0.1382695027957433,701420,0.7920792079207921,0.13124460681498104,Middle (Conserved)
343,0.46116495641111993,0.31168530732256966,270543,0.8245614035087719,0.34224826013369747,Dominating (Low Complexity)
350,0.571342806947043,0.234123412352475,13796,0.9187675070028011,0.006743699754040429,Dominating (Low Complexity)
185,0.6735677279325984,0.09309358750194864,590752,0.3105590062111801,0.04018959435713083,Middle (Conserved)
137,0.4872724160832161,0.09404347817275954,643079,0.32,0.05799738343164907,Middle (Conserved)
159,0.5701463286037575,0.15372145755387298,1056946,0.7932489451476793,0.14667798976758833,Middle (Conserved)
9,0.07433117069137002,0.07532933031494585,616053,0.8604651162790697,0.07943561292292928,N-Terminal
229,0.778704624133951,0.08083159111090456,415870,0.4423076923076923,0.029510071907382297,C-Terminal
166,0.6089101510240661,0.093828714871885,429429,0.28,0.027980979195114743,Middle (Conserved)
364,0.6043559427882893,0.21064927257609387,118399,0.6833333333333333,0.0352531538284056,Random / Scattered
88,0.35644057102072546,0.14105813376094037,776955,0.7784679089026915,0.3557030407126091,Middle (Conserved)
98,0.3797317381971198,0.1171325213784849,459272,0.14285714285714285,0.030689238160329074,Middle (Conserved)
144,0.5345477290082102,0.16615414031142997,237450,0.575,0.08722137193536457,Middle (Conserved)
141,0.5251924879722598,0.08723818952207747,476736,0.42857142857142855,0.11427258630503874,Middle (Conserved)
63,0.2840055073797753,0.10950475931132082,583039,0.6328502415458938,0.11575034702446614,Middle (Conserved)
234,0.7852272547468951,0.09326671030727603,269460,0.61,0.11545126075762938,C-Terminal
351,0.5823625808002696,0.20820998857314452,44093,0.9666666666666667,0.4898404481623456,Dominating (Low Complexity)
7,0.06967761253304691,0.0544152475268052,365716,0.5769230769230769,0.10282318398690592,N-Terminal
329,0.9607354312782985,0.05237301826479316,432059,0.8648648648648649,0.03982708505408508,C-Terminal
220,0.766131854210045,0.10692132020443242,579698,0.678391959798995,0.1829079193018018,C-Terminal
142,0.5259270377181042,0.12410435049182984,111465,0.580952380952381,0.22523920981301454,Middle (Conserved)
209,0.7444289341458871,0.09583830228148468,205074,0.1391304347826087,0.013461966225287414,Middle (Conserved)
226,0.7734277828891376,0.16805593307003042,423249,0.5714285714285714,0.05870437034515145,C-Terminal
54,0.22272007900717564,0.07161189174635484,337767,0.3333333333333333,0.051078380088195145,N-Terminal
152,0.5565004642786957,0.14871288172670952,217075,0.9668874172185431,0.2265174818662565,Middle (Conserved)
259,0.8347579119869295,0.07319372103452211,242958,0.3877551020408163,0.016051382099008468,C-Terminal
52,0.19011319708398655,0.10747920186838385,101485,0.5833333333333334,0.2878390814772236,N-Terminal
275,0.8670804194371348,0.06952405717279997,340654,0.5949367088607594,0.050505932245524514,C-Terminal
348,0.5217076618889476,0.25613741855856514,54714,0.8913043478260869,0.04867616736786548,Dominating (Low Complexity)
306,0.9240389220331945,0.07255602758237478,275075,0.8421052631578947,0.0918471113956048,C-Terminal
360,0.47127164487018686,0.2032255855798833,171657,0.08333333333333333,0.015125593540811411,Random / Scattered
25,0.11962044967592082,0.07721761171710377,210963,0.8604651162790697,0.19945063855229292,N-Terminal
121,0.4458246883556288,0.11458734013941776,81434,0.04838709677419355,0.005350740397135841,Middle (Conserved)
163,0.5878776812393975,0.10108774280306723,240135,0.09090909090909091,0.01649515463361708,Middle (Conserved)
104,0.3993406668849626,0.1739840029015501,63569,0.058823529411764705,0.00621616283442181,Middle (Conserved)
349,0.5704122637782102,0.2621780689069812,198054,0.8979591836734694,0.3053112287305799,Dominating (Low Complexity)
334,0.9745591796857613,0.027886371133947586,178287,0.38461538461538464,0.039768998619968625,C-Terminal
126,0.45364025212840653,0.16127625091388223,66869,0.375,0.02438225551555151,Middle (Conserved)
33,0.1306733816827106,0.07411688602327716,360559,0.36585365853658536,0.06678903172283282,N-Terminal
164,0.6052260654535593,0.1035625028911474,255676,0.4016393442622951,0.13436682800108446,Middle (Conserved)
179,0.6528997390826019,0.09768089790700124,82258,0.1206896551724138,0.005425735776588802,Middle (Conserved)
302,0.9197440251699516,0.05595908226250887,115437,0.11538461538461539,0.00796367389816597,C-Terminal
118,0.4339878202799255,0.12266721343957446,101939,0.047619047619047616,0.006994879921995544,Middle (Conserved)
84,0.33859825466349736,0.11925123065951314,313258,0.5846153846153846,0.15763812820963022,Middle (Conserved)
96,0.37497539208079633,0.18796745965542982,70866,0.04918032786885246,0.006023915119626267,Middle (Conserved)
60,0.2577952195842975,0.13628076924968643,218992,0.14285714285714285,0.02101330299860671,Middle (Conserved)
170,0.6267464336282329,0.06897893566958004,252901,0.22282608695652173,0.06355589657157777,Middle (Conserved)
204,0.7339515318909782,0.07573293584040651,225980,0.23636363636363636,0.05556581709101676,Middle (Conserved)
91,0.35984148264606963,0.12217231122147232,134732,0.06349206349206349,0.009426816962765342,Middle (Conserved)
189,0.688610206329753,0.09164819891343329,156224,0.08333333333333333,0.010275990409424795,Middle (Conserved)
313,0.9316413824118979,0.04913557541269342,186808,0.18518518518518517,0.013019228268010585,C-Terminal
227,0.7739589082728398,0.06084506084204483,182735,0.2636363636363636,0.046112452450326406,C-Terminal
290,0.8993442834383302,0.03997799088385255,134368,0.26785714285714285,0.034842538712036936,C-Terminal
248,0.8163195375371577,0.08433240140118986,106186,0.5542168674698795,0.006756469580517837,C-Terminal
280,0.877396611575794,0.04086231405424539,220785,0.3968253968253968,0.0707611319107174,C-Terminal
161,0.5842790611440172,0.09301172365624637,285995,0.43103448275862066,0.09768430318912427,Middle (Conserved)
224,0.7693038663135784,0.0929029718621225,127421,0.08,0.009386298553855288,C-Terminal
160,0.5731357873277017,0.09865529969137338,169250,0.14814814814814814,0.011735427246315332,Middle (Conserved)
178,0.6478799325538785,0.09586678679083847,81522,0.05555555555555555,0.005366660963303527,Middle (Conserved)
5,0.05798028247994833,0.05151431178971356,274779,0.5108695652173914,0.08761288534695265,N-Terminal
111,0.41803974902988006,0.11797919060214403,81341,0.05405405405405406,0.005375007598176798,Middle (Conserved)
345,0.48802506263717554,0.273085305290973,27261,0.9941520467836257,0.4030846168265173,Dominating (Low Complexity)
172,0.6365234119720318,0.09777095482801397,82026,0.046511627906976744,0.005368278518476359,Middle (Conserved)
128,0.455051270254006,0.11404651373436918,70747,0.03225806451612903,0.004651287208451792,Middle (Conserved)
53,0.20378130049957813,0.050680779305522644,223083,0.40559440559440557,0.08827142585131949,N-Terminal
171,0.6359933641040761,0.09318738974887804,81437,0.029411764705882353,0.005325462788406925,Middle (Conserved)
216,0.7600039924338576,0.09248514046344931,76917,0.043478260869565216,0.005143674024041317,C-Terminal
115,0.42527614921646517,0.11234186337169569,52997,0.04,0.003469553720764483,Middle (Conserved)
266,0.850611809626012,0.0585566173056538,147459,0.17647058823529413,0.01626518156135861,C-Terminal
252,0.820981663617765,0.06115832587504206,75044,0.06666666666666667,0.005130444312555973,C-Terminal
119,0.4353552479576904,0.11767241152935205,39145,0.04,0.0027094341566958695,Middle (Conserved)
269,0.8549338235557778,0.0471135391416937,127397,0.5070422535211268,0.10534796838881832,C-Terminal
169,0.6189852535405351,0.10015218154268617,47455,0.04,0.003351787911921888,Middle (Conserved)
114,0.42436967066345455,0.11630450645956171,41168,0.031746031746031744,0.0028638047190189617,Middle (Conserved)
109,0.4161035806494698,0.11909338439838148,73405,0.047619047619047616,0.005091428931947364,Middle (Conserved)
123,0.4463957532017435,0.12196137681547387,40586,0.01694915254237288,0.0027179987014102373,Middle (Conserved)
120,0.4394160141402495,0.14032043834142832,209140,0.25961538461538464,0.04006952105940208,Middle (Conserved)
24,0.11936009667072864,0.08429623562825465,36197,0.6909090909090909,0.22232184424675405,N-Terminal
321,0.9424687037749016,0.05039398100614019,112711,0.14285714285714285,0.008316347949489189,C-Terminal
129,0.4564842922009362,0.11351170394102107,90496,0.03333333333333333,0.005961299157240466,Middle (Conserved)
56,0.22689977339664755,0.11129332191236951,145190,0.16666666666666666,0.03058383562322094,N-Terminal
296,0.9106696106255289,0.05769571734225906,225362,0.7777777777777778,0.12104839384324585,C-Terminal
213,0.7577553707679464,0.09177735703627533,40429,0.03125,0.0027124068504479656,C-Terminal
131,0.46218017258653266,0.11092248946748572,38778,0.019230769230769232,0.002717241426306006,Middle (Conserved)
105,0.40762728225574013,0.11453158193978837,80587,0.031746031746031744,0.005577601138247482,Middle (Conserved)
21,0.11126348537812678,0.04620691533849347,68262,0.18032786885245902,0.023742717013829802,N-Terminal
132,0.4649310016152884,0.11086922640824547,95579,0.044444444444444446,0.008569586501967347,Middle (Conserved)
130,0.4586251205650125,0.12688345537873935,27632,0.021052631578947368,0.0027140170084103982,Middle (Conserved)
184,0.6712836496276338,0.151194996673573,47074,0.0784313725490196,0.010377283339489105,Middle (Conserved)
108,0.4154693818811818,0.1014184108429717,111686,0.2112676056338028,0.02417960917333003,Middle (Conserved)
82,0.331499249759292,0.08294011656362164,117301,0.1588785046728972,0.03562161386812545,Middle (Conserved)
174,0.6410077128678149,0.09418589370651857,62853,0.05555555555555555,0.005522876564867493,Middle (Conserved)
180,0.6580291235778593,0.09643761153187969,81475,0.05555555555555555,0.00536525765844745,Middle (Conserved)
101,0.3842678829314705,0.15793639161138023,52107,0.5151515151515151,0.1505977610802585,Middle (Conserved)
177,0.6463095288022505,0.08451337410541258,212142,0.3068181818181818,0.11009124031464988,Middle (Conserved)
297,0.9114305102193626,0.04653387500481106,100216,0.10344827586206896,0.00737850724255061,C-Terminal
55,0.2243301346469827,0.08656717603780167,137555,0.46808510638297873,0.19207451828499256,N-Terminal
87,0.3511271384400549,0.08043828891712056,112703,0.14705882352941177,0.028393445514603412,Middle (Conserved)
124,0.4464619441531773,0.07493715116681766,219098,0.1711229946524064,0.0552997490607925,Middle (Conserved)
125,0.45262564775693565,0.11080625298871462,40650,0.037037037037037035,0.002673293534529364,Middle (Conserved)
127,0.4539515018585288,0.0695017486708302,45384,0.3181818181818182,0.01225798659172099,Middle (Conserved)
32,0.1295788910523148,0.044030861598718433,143067,0.22429906542056074,0.056891192861665746,N-Terminal
100,0.3828797002901732,0.0782728485622828,136685,0.0967741935483871,0.034450455429980896,Middle (Conserved)
83,0.33800671476477073,0.13213028548230496,169564,0.07608695652173914,0.016443533301106733,Middle (Conserved)
210,0.7512789500751108,0.039948400575849065,75049,0.18269230769230768,0.062424201177351445,C-Terminal
175,0.6433809514768505,0.0975716634334629,40883,0.027777777777777776,0.002689449809092954,Middle (Conserved)
102,0.3954747463039346,0.16568822578013132,48737,0.8831168831168831,0.5047511106345669,Middle (Conserved)
99,0.38137298055421437,0.15566186145577243,46332,0.05454545454545454,0.008780370449247296,Middle (Conserved)
173,0.6409749170751265,0.0968306255189509,40783,0.027777777777777776,0.0026866446968922954,Middle (Conserved)
353,0.5973887803885817,0.22886097790963456,58650,0.8148148148148148,0.6465393782303198,Dominating (Low Complexity)
8,0.06983366029432125,0.040502045907356315,77409,0.4810126582278481,0.03505189736223281,N-Terminal
103,0.3960089188291419,0.09529554497213984,31532,0.037037037037037035,0.009539123274909172,Middle (Conserved)
80,0.3271908059362069,0.17783852516755574,71483,0.8653846153846154,0.40049134196578523,Middle (Conserved)
139,0.5116982815624566,0.08809281949998138,64314,0.7890625,0.09448263641060518,Middle (Conserved)
16,0.10035561749461584,0.0663767244866487,18917,0.6102564102564103,0.17502185788613897,N-Terminal
165,0.6057195198248705,0.05182335119675313,17889,0.22522522522522523,0.11701753027401562,Middle (Conserved)
117,0.4292790602923979,0.08737210304789998,18379,0.044444444444444446,0.006532656426854273,Middle (Conserved)
90,0.35924945390740753,0.12832660295953421,218235,0.08,0.01828825422127634,Middle (Conserved)
359,0.42951650437757455,0.24819988484422906,86661,0.6049382716049383,0.14447054939368847,Random / Scattered
354,0.63660478468569,0.21175064799305726,112820,0.8035230352303523,0.6668724554220002,Dominating (Low Complexity)
301,0.9195790856171644,0.043599578055891375,37451,0.038461538461538464,0.0027668783001298146,C-Terminal
279,0.8732023533373641,0.03837378059811979,51446,0.20454545454545456,0.07192806898124768,C-Terminal
71,0.3096382365685309,0.11629534476736257,26410,0.47368421052631576,0.10750259261582205,Middle (Conserved)
81,0.32753184085207043,0.0807157541937799,74810,0.20588235294117646,0.01902447363432744,Middle (Conserved)
251,0.8208523993825128,0.1293806803251765,30166,0.9649122807017544,0.09590937038720133,C-Terminal
51,0.18911422187671398,0.0440923276366542,99932,0.17341040462427745,0.08458304818672338,N-Terminal
214,0.758301731462494,0.07466925405873485,9697,0.8461538461538461,0.18941711521757076,C-Terminal
247,0.8081038727876956,0.06930548383278727,174595,0.5454545454545454,0.0899731811177255,C-Terminal
13,0.08786420351155846,0.042923283055227315,105531,0.1791907514450867,0.08881290154294025,N-Terminal
335,0.976431779186565,0.022177677880486902,38513,0.1527777777777778,0.021395580147537906,C-Terminal
59,0.25206119433822244,0.08130690886861666,61853,0.10476190476190476,0.022320619346665543,Middle (Conserved)
162,0.5862803638468322,0.08836528890019425,34527,0.05113636363636364,0.01809330073496114,Middle (Conserved)
261,0.8396831366457269,0.08229460899460724,38149,0.5494505494505495,0.1265585873037722,C-Terminal
208,0.7442427275947846,0.14253719707687995,30079,0.6215277777777778,0.4227845929257814,Middle (Conserved)
18,0.1064931445835282,0.031898917728964894,42488,0.08108108108108109,0.019734728807126237,N-Terminal
61,0.2598383691447859,0.0470608648095503,60895,0.0967741935483871,0.024348536591551083,Middle (Conserved)
328,0.9552174698591087,0.02783046206474121,17596,0.06944444444444445,0.009808476340811292,C-Terminal
158,0.5697280894915958,0.09127431376682969,15548,0.022727272727272728,0.008198115665505382,Middle (Conserved)
337,0.9999901418051877,0.0014151375424274794,22149,0.04,0.006107841814081214,C-Terminal
149,0.5492300328500008,0.09555285416267542,70208,0.10227272727272728,0.036795452170566637,Middle (Conserved)
31,0.12905180467846458,0.03676475352610609,6980,0.014492753623188406,0.003786958208996091,N-Terminal
201,0.7270120168202172,0.0742060160475305,15376,0.045454545454545456,0.00815841349380491,Middle (Conserved)
168,0.6145239099803276,0.13925460163027317,4366,0.16666666666666666,0.01773819595499195,Middle (Conserved)
20,0.10836196358216375,0.03963760322011805,8439,0.14864864864864866,0.03082879961081479,N-Terminal
212,0.7520278786474497,0.07213519388713685,22898,0.06818181818181818,0.012295570035546885,C-Terminal
35,0.13508981772321282,0.038440089289343796,10606,0.02564102564102564,0.005534746387600568,N-Terminal
325,0.9457293536030554,0.049291018724589554,5314,0.4925373134328358,0.09668068344890067,C-Terminal
3,0.04209941225507079,0.0207325081014975,53731,0.10810810810810811,0.02973438409203441,N-Terminal
41,0.1448366889168153,0.040993847640389935,10501,0.043478260869565216,0.005701847017587947,N-Terminal
49,0.18697879116777852,0.044337232696509465,7759,0.15151515151515152,0.03100452499877554,N-Terminal
86,0.3434141180394555,0.08429520475943976,7665,0.07518796992481203,0.016207629644283083,Middle (Conserved)
218,0.7647182867018513,0.07154717637585005,26641,0.07954545454545454,0.014350846558846421,C-Terminal
66,0.3029312853087552,0.09772407569240006,14326,0.23943661971830985,0.01758153463007456,Middle (Conserved)
197,0.7150616595115036,0.07350711768103708,7670,0.022727272727272728,0.004111490453990018,Middle (Conserved)
62,0.2754682389842171,0.03719032199201092,24127,0.16023738872403562,0.07624829502010093,Middle (Conserved)
207,0.7425134942246063,0.07355506443517996,15322,0.045454545454545456,0.008223279681235417,Middle (Conserved)
195,0.7083800375125751,0.07274528795691594,11508,0.03409090909090909,0.006155756688208817,Middle (Conserved)
42,0.14871446740423366,0.041907482987676714,3509,0.014492753623188406,0.0019029742515751864,N-Terminal
22,0.11268393202402541,0.1084728529725994,3705,0.011904761904761904,0.0018731393757668046,N-Terminal
12,0.08030747688879057,0.028069714320244486,7037,0.023809523809523808,0.0037352938344018334,N-Terminal
205,0.7364854751555917,0.07450569848525412,7674,0.022727272727272728,0.004117451983956933,Middle (Conserved)
26,0.11979014542825296,0.03407520386528196,6959,0.013513513513513514,0.0037883308366572976,N-Terminal
39,0.1382717931034792,0.03896792568883251,3624,0.014492753623188406,0.0018761979557348114,N-Terminal
203,0.7325613126443318,0.07442963741284224,7667,0.022727272727272728,0.004113113619779119,Middle (Conserved)
194,0.7038628953345414,0.07081989120378429,19147,0.02976190476190476,0.010229377843424743,Middle (Conserved)
28,0.1260752900012349,0.03609945140808533,3490,0.014492753623188406,0.0019008648626228654,N-Terminal
72,0.31006671245745204,0.09112250769617065,7364,0.017094017094017096,0.0038567726573602223,Middle (Conserved)
27,0.12260676942890557,0.034486615228074245,3476,0.006756756756756757,0.0018938831783551855,N-Terminal
68,0.307959156001276,0.08567516494172014,7232,0.017094017094017096,0.0037818604998669215,Middle (Conserved)
36,0.13540712729812707,0.03840439849603468,3511,0.014492753623188406,0.0019037317810528887,N-Terminal
46,0.15883384212070023,0.04333527767616097,6994,0.028985507246376812,0.00380016414293754,N-Terminal
23,0.11449179841983073,0.10828439319793172,3699,0.006756756756756757,0.0018700362766456734,N-Terminal
113,0.41981085161563264,0.1751760384288357,2826,0.06060606060606061,0.011730684122448907,Middle (Conserved)
67,0.3045817677371498,0.0893770766445166,3659,0.008547008547008548,0.0019331672026454243,Middle (Conserved)
70,0.3095653380110245,0.08935212089311605,3664,0.008547008547008548,0.0019338789554128233,Middle (Conserved)
206,0.7368793714220494,0.09629573951292718,635,0.022727272727272728,0.0025252550063957387,Middle (Conserved)
44,0.15412758826116088,0.04221710906986057,3496,0.014492753623188406,0.0019005446828701505,N-Terminal
75,0.3116647589459242,0.08962722408877911,11011,0.02564102564102564,0.005757991280005505,Middle (Conserved)
198,0.718165408423946,0.07317107636710919,3835,0.011363636363636364,0.002056106923129507,Middle (Conserved)
199,0.7202908697574334,0.07272634854182415,3831,0.011363636363636364,0.0020561365954534683,Middle (Conserved)
64,0.2914453547490588,0.08721634269799615,3653,0.008547008547008548,0.0019302865705560573,Middle (Conserved)
65,0.30092937535032316,0.08921824658496014,3675,0.008547008547008548,0.0019377447589625236,Middle (Conserved)
107,0.4122213080875795,0.16995881656113893,708,0.015151515151515152,0.0029411390626951153,Middle (Conserved)
93,0.36686224030648873,0.0926278970577974,788,0.005917159763313609,0.0016804921583254682,Middle (Conserved)
167,0.6104293234983321,0.17278535579880513,673,0.041666666666666664,0.0034719802311253445,Middle (Conserved)
319,0.9402267476957764,0.07543585876344851,119,0.03125,0.002157510889447547,C-Terminal
318,0.936709711899039,0.01538569148178303,576,0.03125,0.002037540725433868,C-Terminal
215,0.7590444805007805,0.08254289237809848,628,0.022727272727272728,0.002529853063124749,C-Terminal
211,0.7514724002119008,0.08703717350741777,627,0.022727272727272728,0.0025107734769045514,C-Terminal
150,0.5508741473658575,0.13571082330006368,1009,0.009433962264150943,0.0030003464992834615,Middle (Conserved)
140,0.5155605609288514,0.03318999917260746,1173,0.017094017094017096,0.00401990970176773,Middle (Conserved)
30,0.12896944957385872,0.03059574838076615,1364,0.02702702702702703,0.005279122951397871,N-Terminal
225,0.7701782112914185,0.07604444498829804,1253,0.022988505747126436,0.004985299309905957,C-Terminal
37,0.13559359530562629,0.028931873668936608,682,0.013513513513513514,0.0026395614756989354,N-Terminal
19,0.10746211275265916,0.12260927377257048,310,0.01818181818181818,0.0017564361635094264,N-Terminal
299,0.912940491463994,0.007874353955125491,117,0.0024752475247524753,0.0019054938071461091,C-Terminal
312,0.931143851075306,0.013048975388183802,573,0.010526315789473684,0.0019864574142308402,C-Terminal
43,0.15128505841977105,0.02771782216474722,688,0.013513513513513514,0.002650701699782601,N-Terminal
228,0.7762143833151004,0.07225041008522064,626,0.011494252873563218,0.0024784787496675417,C-Terminal
48,0.16951285382052547,0.038083856858372116,703,0.017543859649122806,0.0028038770128202615,N-Terminal
47,0.1638805930836798,0.037793289675594165,703,0.017543859649122806,0.0028038770128202615,N-Terminal
14,0.09715502106168171,0.0422007491347692,601,0.012658227848101266,0.002041458520871716,N-Terminal
221,0.7665985020915673,0.07838601904421892,627,0.022727272727272728,0.0025107734769045514,C-Terminal
40,0.14315582579009092,0.028203938809218194,690,0.017543859649122806,0.0026751743585436286,N-Terminal
50,0.18770250543973835,0.06039038406817499,170,0.005128205128205128,0.0016487037072447266,N-Terminal
181,0.6583160411916097,0.062091176452927506,264,0.019230769230769232,0.005363357622415525,Middle (Conserved)
94,0.3672895955816681,0.19072258056398406,257,0.007194244604316547,0.005169235844974358,Middle (Conserved)
11,0.07981147854256274,0.05117677400679792,241,0.011764705882352941,0.0028297339682493536,N-Terminal
358,0.2367798139760953,0.25724512110999687,256,0.007194244604316547,0.005184091765389965,Random / Scattered
79,0.32416047190768205,0.015894991400162584,119,0.0014265335235378032,0.0010804826059321205,Middle (Conserved)
246,0.8012877186352185,0.023406408057880794,119,0.002352941176470588,0.0010882675441920599,C-Terminal
233,0.78494570886272,0.025104764174413804,119,0.002352941176470588,0.0010882675441920599,C-Terminal
238,0.7882141108172196,0.02476400949633716,119,0.002352941176470588,0.0010882675441920599,C-Terminal
258,0.834410227905096,0.0008766912118877865,82,0.001841620626151013,0.001758495480652405,C-Terminal
17,0.10075837936056176,0.043163865101561005,604,0.012658227848101266,0.0020655583849613166,N-Terminal
235,0.7860351761808866,0.02499112291321456,119,0.002352941176470588,0.0010882675441920599,C-Terminal
244,0.7980193166807188,0.02374494933003936,119,0.002352941176470588,0.0010882675441920599,C-Terminal
231,0.7827667742263869,0.02533221200926482,119,0.002352941176470588,0.0010882675441920599,C-Terminal
322,0.9432720160968104,0.008222650655541362,118,0.002551020408163265,0.0019109643715615088,C-Terminal
333,0.9739442873011681,0.011719247650399158,86,0.013157894736842105,0.002675549301585999,C-Terminal
232,0.7838562415445535,0.02521846078819866,119,0.002352941176470588,0.0010882675441920599,C-Terminal
38,0.13822749765772882,0.02277651381220137,121,0.00510204081632653,0.0019396896352923923,N-Terminal
357,0.20547028484167026,0.27324554220090247,256,0.007194244604316547,0.005184091765389965,Random / Scattered
147,0.5437675076682202,0.09966652530734395,91,0.004484304932735426,0.0016352362828646546,Middle (Conserved)
256,0.8308870412647789,0.0008953442163960386,82,0.001841620626151013,0.001758495480652405,C-Terminal
15,0.09903634071061364,0.04260756634929483,602,0.012658227848101266,0.0020520264657615263,N-Terminal
6,0.06712526669138824,0.005098731349810493,119,0.0014265335235378032,0.0010804826059321205,N-Terminal
324,0.9451866466828666,0.008212685339017022,118,0.002551020408163265,0.0019109643715615088,C-Terminal
219,0.7657368282188411,0.02762819098618498,119,0.002352941176470588,0.0010882675441920599,C-Terminal
222,0.7679157628551744,0.027401270594254134,119,0.002352941176470588,0.0010882675441920599,C-Terminal
240,0.7903930454535528,0.024537126770258783,119,0.002352941176470588,0.0010882675441920599,C-Terminal
243,0.7969298493625523,0.023857928517743054,119,0.002352941176470588,0.0010882675441920599,C-Terminal
223,0.7689184346138005,0.009505592570894828,105,0.0031446540880503146,0.002556549133852822,C-Terminal
304,0.9211815187303706,0.0061103178160132774,94,0.001392757660167131,0.0013131557655405137,C-Terminal
326,0.9490159078549789,0.00819547139877966,118,0.002551020408163265,0.0019109643715615088,C-Terminal
151,0.5527212705355151,0.01571433374947494,90,0.001392757660167131,0.0013141705737580848,Middle (Conserved)
202,0.7274765543965274,0.03886850750750123,120,0.002352941176470588,0.0010910864273532747,Middle (Conserved)
143,0.5339382612099656,0.10266415626076847,91,0.004484304932735426,0.0016352362828646546,Middle (Conserved)
134,0.46699694330750335,0.013552488155769706,88,0.001392757660167131,0.0013143867539774005,Middle (Conserved)
153,0.5585113773556021,0.09495652597566644,182,0.008968609865470852,0.0032704725657293093,Middle (Conserved)
133,0.4656808254357717,0.013529076411163526,88,0.001392757660167131,0.0013143867539774005,Middle (Conserved)
97,0.3778997153648033,0.18577547267119968,256,0.007194244604316547,0.005184091765389965,Middle (Conserved)
136,0.47226141479443,0.013646647499376817,88,0.001392757660167131,0.0013143867539774005,Middle (Conserved)
176,0.6459545636285395,0.014465279961265492,100,0.0031446540880503146,0.002558970665898508,Middle (Conserved)
145,0.5388528844390928,0.10116320571720255,91,0.004484304932735426,0.0016352362828646546,Middle (Conserved)
190,0.6899595756520944,0.001641464396726064,82,0.001841620626151013,0.001758495480652405,Middle (Conserved)
154,0.5585113773556021,0.09520411591990914,91,0.004484304932735426,0.0016352362828646546,Middle (Conserved)
317,0.9356452382184698,0.006143828195211008,94,0.001392757660167131,0.0013131557655405137,C-Terminal
278,0.8731652809485843,0.0006715081622970288,82,0.001841620626151013,0.001758495480652405,C-Terminal
188,0.6881979823319361,0.0016507908989802035,82,0.001841620626151013,0.001758495480652405,Middle (Conserved)
286,0.8925428074703282,0.0005689166375016354,82,0.001841620626151013,0.001758495480652405,C-Terminal
183,0.6639133901111498,0.01373153387627371,100,0.0031446540880503146,0.002558970665898508,Middle (Conserved)
77,0.3200249784187983,0.003600029870092387,82,0.001841620626151013,0.001758495480652405,Middle (Conserved)
254,0.8273638546244617,0.0009139972209042783,82,0.001841620626151013,0.001758495480652405,C-Terminal
2,0.03873239436619719,0.0,81,0.0017574692442882249,0.0017574692442882246,N-Terminal
273,0.8643573143477914,0.0007181406735676729,82,0.001841620626151013,0.001758495480652405,C-Terminal
236,0.7868472082608151,0.0011285067727491627,82,0.001841620626151013,0.001758495480652405,C-Terminal
191,0.6917211689722531,0.0016321378944719502,82,0.001841620626151013,0.001758495480652405,Middle (Conserved)
192,0.6934827622924116,0.001622811392217804,82,0.001841620626151013,0.001758495480652405,Middle (Conserved)
110,0.4169126110275187,0.0030870722461154854,82,0.001841620626151013,0.001758495480652405,Middle (Conserved)
76,0.3182633850986397,0.003609356372346507,82,0.001841620626151013,0.001758495480652405,Middle (Conserved)
193,0.6952443556125703,0.0016134848899636922,82,0.001841620626151013,0.001758495480652405,Middle (Conserved)
309,0.9277746738734994,0.0003823865924191409,82,0.001841620626151013,0.001758495480652405,C-Terminal
263,0.8414566011857302,0.0008393852028712759,82,0.001841620626151013,0.001758495480652405,C-Terminal
284,0.8872580275098526,0.0005968961442640319,82,0.001841620626151013,0.001758495480652405,C-Terminal
249,0.8167942947035105,0.0009699562344290415,82,0.001841620626151013,0.001758495480652405,C-Terminal
245,0.8009399548220835,0.0010538947547161785,82,0.001841620626151013,0.001758495480652405,C-Terminal
291,0.8995891807509625,0.0005316106284851399,82,0.001841620626151013,0.001758495480652405,C-Terminal
295,0.9101587406719138,0.0004756516149604036,82,0.001841620626151013,0.001758495480652405,C-Terminal
196,0.7110986954939972,0.0015295463696765575,82,0.001841620626151013,0.001758495480652405,Middle (Conserved)
293,0.9066355540315967,0.0004943046194686485,82,0.001841620626151013,0.001758495480652405,C-Terminal
294,0.9083971473517553,0.00048497811721451235,82,0.001841620626151013,0.001758495480652405,C-Terminal
320,0.9413573855107544,0.00823351725179025,118,0.002551020408163265,0.0019109643715615088,C-Terminal
217,0.7602894916280084,0.028196383865726538,119,0.002352941176470588,0.0010882675441920599,C-Terminal
314,0.9317842325804738,0.008301235275790986,118,0.002551020408163265,0.0019109643715615088,C-Terminal
146,0.5404910921821353,0.10066382837102014,91,0.004484304932735426,0.0016352362828646546,Middle (Conserved)
316,0.9356134937525861,0.008271487724429264,118,0.002551020408163265,0.0019109643715615088,C-Terminal
237,0.7871246434990532,0.024877537763157237,119,0.002352941176470588,0.0010882675441920599,C-Terminal
157,0.5634260005847295,0.09372658761739469,91,0.004484304932735426,0.0016352362828646546,Middle (Conserved)
156,0.561787792841687,0.0942185128995763,91,0.004484304932735426,0.0016352362828646546,Middle (Conserved)
315,0.9336988631665301,0.00828592110366547,118,0.002551020408163265,0.0019109643715615088,C-Terminal
182,0.658782296830404,0.013941175614842788,100,0.0031446540880503146,0.002558970665898508,Middle (Conserved)
148,0.5486821308973475,0.09817431032765461,91,0.004484304932735426,0.0016352362828646546,Middle (Conserved)
311,0.930410925150141,0.007380655357692758,56,0.00425531914893617,0.004021746722284946,C-Terminal
310,0.930385703859161,0.006128938961052911,94,0.001392757660167131,0.0013131557655405137,C-Terminal
135,0.468313061179235,0.013575951402836604,88,0.001392757660167131,0.0013143867539774005,Middle (Conserved)
274,0.86611890766795,0.0007088141713135294,82,0.001841620626151013,0.001758495480652405,C-Terminal
242,0.7958403820443857,0.02397097219790602,119,0.002352941176470588,0.0010882675441920599,C-Terminal
1,0.0,0.0,164,0.007142857142857143,0.007141016741431896,N-Terminal
92,0.36406481142276215,0.0033668673137392494,82,0.001841620626151013,0.001758495480652405,Middle (Conserved)
260,0.837933414545413,0.0008580382073795324,82,0.001841620626151013,0.001758495480652405,C-Terminal
239,0.7886088015809736,0.0011191802704950459,82,0.001841620626151013,0.001758495480652405,C-Terminal
89,0.35685892137612024,0.009158430547639344,55,0.002512562814070352,0.0024165796045876715,Middle (Conserved)
271,0.8590725343873157,0.000746120180330017,82,0.001841620626151013,0.001758495480652405,C-Terminal
282,0.8802116542292183,0.0006342021532805364,82,0.001841620626151013,0.001758495480652405,C-Terminal
255,0.8291254479446204,0.0009046707186501654,82,0.001841620626151013,0.001758495480652405,C-Terminal
257,0.8326486345849374,0.0008860177141419249,82,0.001841620626151013,0.001758495480652405,C-Terminal
45,0.15814641002394322,0.011405954067716889,59,0.00267379679144385,0.0022786539397300467,N-Terminal
272,0.8625957210276329,0.0007274671758217835,82,0.001841620626151013,0.001758495480652405,C-Terminal
281,0.8784500609090597,0.0006435286555346531,82,0.001841620626151013,0.001758495480652405,C-Terminal
250,0.8185558880236689,0.0009606297321748988,82,0.001841620626151013,0.001758495480652405,C-Terminal
276,0.8678805009881084,0.0006994876690594074,82,0.001841620626151013,0.001758495480652405,C-Terminal
288,0.8960659941106452,0.0005502636329934034,82,0.001841620626151013,0.001758495480652405,C-Terminal
186,0.6818722165937602,0.012997787791282009,100,0.0031446540880503146,0.002558970665898508,Middle (Conserved)
241,0.7921319882212906,0.0011005272659868085,82,0.001841620626151013,0.001758495480652405,C-Terminal
187,0.6864363890117774,0.0016601174012343036,82,0.001841620626151013,0.001758495480652405,Middle (Conserved)
73,0.31010532750040243,0.07163850657153976,99,0.004329004329004329,0.0019265592112804424,Middle (Conserved)
253,0.8238406679841446,0.0009326502254125352,82,0.001841620626151013,0.001758495480652405,C-Terminal
285,0.8890196208300112,0.0005875696420098959,82,0.001841620626151013,0.001758495480652405,C-Terminal
277,0.8696420943082672,0.0006901611668052808,82,0.001841620626151013,0.001758495480652405,C-Terminal
265,0.8485029744663644,0.0008020791938547796,82,0.001841620626151013,0.001758495480652405,C-Terminal
29,0.12801130652151593,0.004616618615792042,82,0.001841620626151013,0.001758495480652405,N-Terminal
85,0.33899327660487677,0.044302763271486356,107,0.004310344827586207,0.00312891696845613,Middle (Conserved)
112,0.4186742043476773,0.0030777457438613594,82,0.001841620626151013,0.001758495480652405,Middle (Conserved)
69,0.30945541849784697,0.003655988883617143,82,0.001841620626151013,0.001758495480652405,Middle (Conserved)
283,0.8819732475493769,0.0006248756510263944,82,0.001841620626151013,0.001758495480652405,C-Terminal
4,0.04225352112676056,0.0,81,0.0017574692442882249,0.0017574692442882246,N-Terminal
336,0.9911920333992074,4.663251127063312e-05,82,0.001841620626151013,0.001758495480652405,C-Terminal
270,0.8555493477469986,0.0007647731848382689,82,0.001841620626151013,0.001758495480652405,C-Terminal
307,0.9242514872331822,0.0004010395969273967,82,0.001841620626151013,0.001758495480652405,C-Terminal
138,0.5032306837152879,0.0026300736356633454,82,0.001841620626151013,0.001758495480652405,Middle (Conserved)
34,0.13153449316183302,0.00459796561128379,82,0.001841620626151013,0.001758495480652405,N-Terminal
267,0.8520261611066814,0.0007834261893465293,82,0.001841620626151013,0.001758495480652405,C-Terminal
58,0.23747219506452408,0.054302636793857204,99,0.004329004329004329,0.0019265592112804424,N-Terminal
289,0.8978275874308039,0.000540937130739268,82,0.001841620626151013,0.001758495480652405,C-Terminal
264,0.8432181945058888,0.0008300587006171619,82,0.001841620626151013,0.001758495480652405,C-Terminal
116,0.42924376426862854,0.0030217867303366066,82,0.001841620626151013,0.001758495480652405,Middle (Conserved)
230,0.7815628262222569,0.0153474456752916,107,0.004310344827586207,0.00312891696845613,C-Terminal
292,0.9031123673912796,0.0005129576239769143,82,0.001841620626151013,0.001758495480652405,C-Terminal
332,0.9665297269169875,0.00017720354282838442,82,0.001841620626151013,0.001758495480652405,C-Terminal
298,0.9119203339920723,0.00046632511270626676,82,0.001841620626151013,0.001758495480652405,C-Terminal
303,0.9207283005928651,0.00041969260143564043,82,0.001841620626151013,0.001758495480652405,C-Terminal
300,0.913681927312231,0.00045699861045214653,82,0.001841620626151013,0.001758495480652405,C-Terminal
268,0.8537877544268401,0.0007740996870924038,82,0.001841620626151013,0.001758495480652405,C-Terminal
155,0.5596016699603616,0.0023316255635313335,82,0.001841620626151013,0.001758495480652405,Middle (Conserved)
305,0.9224898939130236,0.0004103660991815163,82,0.001841620626151013,0.001758495480652405,C-Terminal
327,0.9506753870355605,0.000261142063115533,82,0.001841620626151013,0.001758495480652405,C-Terminal
331,0.964464626436324,0.002771289709667721,83,0.0030120481927710845,0.0017735985253767262,C-Terminal
262,0.8396950078655717,0.0008487117051254096,82,0.001841620626151013,0.001758495480652405,C-Terminal
200,0.7250645858455701,0.018344026047449034,107,0.004310344827586207,0.00312891696845613,Middle (Conserved)
95,0.3728727780235549,0.0033202348024686194,82,0.001841620626151013,0.001758495480652405,Middle (Conserved)
287,0.8943044007904869,0.0005595901352475249,82,0.001841620626151013,0.001758495480652405,C-Terminal
330,0.9630065402766704,0.00019585654733662256,82,0.001841620626151013,0.001758495480652405,C-Terminal
78,0.3217865717389568,0.0035907033678382497,82,0.001841620626151013,0.001758495480652405,Middle (Conserved)
323,0.9436290137549262,0.00029844807213202365,82,0.001841620626151013,0.001758495480652405,C-Terminal
