group,seq_id,n_core_res,chain_len,core_radial_std,rand_radial_std_mean,radial_std_z,radial_std_empirical_p_lower,core_neighbor10_mean,rand_neighbor10_mean,neighbor10_z,neighbor10_empirical_p_higher,core_pairwise_median,rand_pairwise_median_mean,pairwise_z,pairwise_empirical_p_lower,core_frac,core_mean_otherchain_minCA,bg_mean_otherchain_minCA,core_frac_interface_lt8A,bg_frac_interface_lt8A,core_mean_neighbors12A,bg_mean_neighbors12A,core_mean_radial_scaled,bg_mean_radial_scaled,radial_std_ratio,pairwise_ratio,neighbor10_ratio,otherchain_minCA_delta,interface_frac_delta,neighbors12_ratio,radial_scaled_delta,pdb_id,entity_id,rep_chain,degree_z,degree_empirical_p_higher,clustering_z,clustering_empirical_p_higher,band_cross_z,band_cross_p_lower,anisotropy_z,anisotropy_p_higher,display_label
HK97_like,1OHG_1_Chains,38,280,0.138047442958087,0.223714784547716,-4.50264843797147,0.0019960079840319,19.0263157894737,14.6647368421053,5.07248402334386,0.0019960079840319,16.480026516969,33.8826430916103,-5.87063180429156,0.0019960079840319,0.135714285714286,9.94860278005131,9.0178990787157,0.236842105263158,0.454545454545455,3.97368421052632,8.85123966942149,0.491973235862104,0.520174171747078,0.61706893103725,0.486385506361208,1.29741951692208,0.930703701335606,-0.217703349282297,0.448940979900732,-0.0282009358849739,1OHG,1,A,-0.0691337843146713,0.568106312292359,0.364801717851954,0.345514950166113,-1.79586259128554,0.0099009900990099,6.50066782578113,0.0099009900990099,1OHG
HK97_like,2XYY_1_Chains,46,416,0.083542790503534,0.249996792337673,-9.20956090114377,0.0019960079840319,18.2608695652174,18.3298260869565,-0.0850779977863692,0.51497005988024,17.4108817410262,30.3790962752774,-7.65573830956427,0.0019960079840319,0.110576923076923,11.3591412243517,12.7813384015412,0.108695652173913,0.167567567567568,3,3.33783783783784,0.42778753998237,0.522562405448407,0.334175449702138,0.573120463599676,0.996238015493873,-1.42219717718953,-0.0588719153936544,0.898785425101215,-0.094774865466037,2XYY,1,A,0.0936955228986544,0.471760797342193,0.00237047857891288,0.498338870431894,-1.73896384566558,0.0099009900990099,5.84687032685072,0.0099009900990099,2XYY
HK97_like,5UU5_1_Chains,48,430,0.106560731110553,0.244475666608631,-8.34684011791352,0.0019960079840319,17.7291666666667,16.0495416666667,1.97309069148428,0.0219560878243512,18.4226575215055,32.6679574005547,-6.87549444537382,0.0019960079840319,0.111627906976744,9.18795956323233,11.610859742874,0.395833333333333,0.348167539267016,7.41666666666667,7.05759162303665,0.494429915751043,0.479913702698032,0.435874590664851,0.563936621308091,1.10465252122984,-2.42290017964165,0.0476657940663176,1.05087784371909,0.0145162130530106,5UU5,1,G,2.16444289721772,0.0431893687707641,0.615503058290257,0.325581395348837,-2.12488025431761,0.0099009900990099,7.5148539420567,0.0099009900990099,5UU5
Pico_like,1B35_1_Chain,8,260,0.133984919700218,0.217594309954033,-1.71551438291767,0.0479041916167664,18.625,14.61875,2.28345924133478,0.0119760479041916,17.2675666626717,27.9935147902287,-1.98942203884358,0.0179640718562874,0.0307692307692307,8.55288881442051,7.94495046163965,0.375,0.599206349206349,11.375,13.7380952380952,0.402965287004282,0.481673764250261,0.615755622141603,0.616841678941262,1.27404873877726,0.607938352780868,-0.224206349206349,0.827989601386482,-0.0787084772459782,1B35,1,A,0.636616697679355,0.292358803986711,-1.86708392301756,0.990033222591362,-2.63483782806734,0.0099009900990099,8.68955857061328,0.0099009900990099,1B35-A
Pico_like,1B35_2_Chain,8,255,0.123640375133971,0.225292515455472,-2.14119198962051,0.0199600798403193,19.75,14.55475,2.71317240127661,0.0019960079840319,17.6996302413676,30.925761551485,-1.87200570955426,0.0219560878243512,0.0313725490196078,8.65392753256422,7.31656867392622,0.375,0.659919028340081,10.25,13.1255060728745,0.409850358776735,0.497755542265802,0.54879930158358,0.572326415047253,1.35694532712688,1.337358858638,-0.284919028340081,0.780922270203578,-0.0879051834890677,1B35,2,B,-0.266248610432033,0.647840531561462,-0.87190347532813,0.81063122923588,-3.32061382438353,0.0099009900990099,15.8453360063908,0.0099009900990099,1B35-B
Pico_like,1B35_3_Chain,8,282,0.0989604018186422,0.212545423048978,-2.36152400962954,0.0139720558882235,19.25,14.45575,2.39618409198425,0.0099800399201596,16.7846800279216,31.5990547952694,-2.28584595121663,0.0079840319361277,0.0283687943262411,7.23475196119288,7.61900293462905,0.5,0.627737226277372,13.375,15.7116788321168,0.385599089392733,0.480264551969044,0.465596484737468,0.531176648689958,1.33165003545302,-0.384250973436174,-0.127737226277372,0.851277584204414,-0.0946654625763114,1B35,3,C,0.621115459390276,0.295681063122924,-0.696977417409246,0.760797342192691,-2.34310214216747,0.0198019801980198,4.95990604062141,0.0099009900990099,1B35-C
Pico_like,1HXS_1_Chain,8,288,0.105045715455422,0.204831066238427,-2.11264730712853,0.0219560878243512,19.375,13.828,3.22220717793296,0.0019960079840319,16.855251573934,34.3737905662592,-2.59718297161208,0.0059880239520958,0.0277777777777777,7.47874335656164,7.33263767941031,0.625,0.707142857142857,12.625,15.0571428571429,0.470974464063102,0.547868257848357,0.512840739368837,0.490351843549047,1.40114260919873,0.146105677151335,-0.0821428571428571,0.838472485768501,-0.0768937937852551,1HXS,1,1,1.62331247583656,0.0598006644518272,-1.15857431028387,0.910299003322259,-3.30183320177506,0.0099009900990099,10.437795534461,0.0099009900990099,1HXS-1
Pico_like,1HXS_2_Chain,8,267,0.0949297069356754,0.202618410485932,-2.35731589696772,0.0079840319361277,21.375,17.38475,1.95897646343198,0.0219560878243512,17.3204422928388,24.8969718245991,-1.92683183984219,0.0219560878243512,0.0299625468164794,8.47829676901094,8.09872974360965,0.5,0.544401544401544,8.125,11.2471042471042,0.380167372189686,0.45880066545427,0.468514715459515,0.695684696711813,1.22952587756511,0.379567025401284,-0.0444015444015444,0.722408170271198,-0.0786332932645837,1HXS,2,2,1.6824092838833,0.0531561461794019,-0.844920276578811,0.780730897009967,-2.23595879272719,0.0198019801980198,3.31389138608445,0.0297029702970297,1HXS-2
Pico_like,1HXS_3_Chain,8,235,0.167919759252118,0.213928779594551,-1.00726620677462,0.167664670658683,19.375,15.13575,1.99611597103389,0.0239520958083832,19.7453610890335,27.7690754852072,-1.30322309989053,0.0758483033932135,0.0340425531914893,8.14184895294667,6.74869451179667,0.375,0.740088105726872,14.25,17.3259911894273,0.409384363586367,0.469115283749706,0.784933002330815,0.711055760554652,1.28008192524322,1.39315444114999,-0.365088105726872,0.822463768115942,-0.0597309201633392,1HXS,3,3,1.16122105566123,0.13953488372093,-0.51270453993044,0.707641196013289,-2.50308102461629,0.0099009900990099,6.30675521715985,0.0099009900990099,1HXS-3
Pico_like,5WTE_1_Chain,8,260,0.122761285362656,0.220380693254997,-2.20372577148139,0.0239520958083832,19.375,14.62,2.78603011389595,0.0099800399201596,16.5629906764574,29.7160216484226,-2.24968328013889,0.0059880239520958,0.0307692307692307,8.2930791731128,8.13652154200695,0.375,0.587301587301587,13.125,12.1666666666667,0.474021816598938,0.49334333065206,0.557041923906699,0.5573757777006,1.32523939808482,0.156557631105853,-0.212301587301587,1.07876712328767,-0.0193215140531221,5WTE,1,A,1.0044519836264,0.182724252491694,-1.69223257214213,0.970099667774086,-2.96338001920825,0.0099009900990099,10.7962570395918,0.0099009900990099,5WTE-A
Pico_like,5WTE_2_Chain,8,217,0.112324131096843,0.205940825670098,-2.00505259799196,0.0239520958083832,19.125,14.3785,2.40237287309651,0.0159680638722554,16.8044020502324,29.7551989383432,-1.88551778137305,0.0179640718562874,0.0368663594470046,8.00697444123664,7.32439507836414,0.5,0.674641148325359,11.625,15.5789473684211,0.465411036682154,0.491836671996566,0.54541944624801,0.564755157075355,1.33011092951281,0.682579362872496,-0.174641148325359,0.746199324324324,-0.0264256353144122,5WTE,2,B,0.76894684407343,0.269102990033223,-0.740200930346536,0.744186046511628,-2.76918477647054,0.0099009900990099,10.6844087899595,0.0099009900990099,5WTE-B
Pico_like,5WTE_3_Chain,8,246,0.117895797529139,0.226577384001077,-2.2611681890783,0.0119760479041916,21.5,14.71225,3.17500282222742,0.0019960079840319,16.5163825552426,28.771916023397,-1.99591466353453,0.0079840319361277,0.032520325203252,8.446149764374,7.47284598832951,0.375,0.651260504201681,10.25,14.7773109243697,0.439873781488602,0.524284809717898,0.520333474803375,0.574045278799355,1.46136722799028,0.973303776044489,-0.276260504201681,0.693630935456355,-0.0844110282292961,5WTE,3,C,0.0175665863781746,0.524916943521595,-1.73634749688085,0.980066445182724,-2.71553802689727,0.0099009900990099,8.20332339953228,0.0099009900990099,5WTE-C
