bin_id,bin_start,bin_end,count_background_all_tokens,count_core_motifs,count_driver_motifs,frac_background_all_tokens,frac_core_motifs,frac_driver_motifs,driver_vs_bg_enrichment
0,0.0,0.05,656346,69609,1027027,0.04864050317567692,0.0513649048912843,0.10656567370199521,2.1908834560349155
1,0.05,0.1,673774,4259,1055364,0.049932057766313105,0.0031427420295073887,0.10950595813044105,2.1930992438113908
2,0.1,0.15,675461,2149,993412,0.050057077997802846,0.0015857601834729698,0.1030777370445436,2.0592040360008386
3,0.15,0.2,672094,1358,1096937,0.04980755629097062,0.0010020764677321047,0.1138196273453819,2.2851879477719037
4,0.2,0.25,673741,1727,1095632,0.04992961220161887,0.001274363814266086,0.11368421882722111,2.276889681555713
5,0.25,0.3,677365,21165,659325,0.05019817966985766,0.015617782356075107,0.06841243006616964,1.3628468306169714
6,0.3,0.35,675500,32197,407273,0.05005996821062329,0.023758362320744162,0.04225918269493664,0.8441711851931338
7,0.35,0.4,672108,128674,243519,0.04980859380326514,0.09494932798892551,0.02526785205669975,0.5072990447591404
8,0.4,0.45,677221,79565,488640,0.050187508114828305,0.05871149790508461,0.05070192974258996,1.0102499934161788
9,0.45,0.5,666882,33272,596583,0.049421305285324776,0.024551611365524733,0.06190223754015952,1.252541534112178
10,0.5,0.55,682641,66545,457481,0.05058917358884989,0.04910396063713763,0.047468830878703745,0.9383199509158971
11,0.55,0.6,671987,220545,332905,0.04979962673271964,0.16274149821500516,0.03454266110215478,0.6936329319867317
12,0.6,0.65,677342,217103,192265,0.050196475185373804,0.160201625459531,0.01994966953577083,0.3974316814616958
13,0.65,0.7,673842,183990,98733,0.04993709711174363,0.135767341162025,0.010244666071699278,0.2051514137790141
14,0.7,0.75,671998,212784,69728,0.04980044192095105,0.15701460906473355,0.0072350690837657845,0.14528122252619427
15,0.75,0.8,675532,52011,52629,0.050062339667296486,0.03837923355170434,0.00546085433125157,0.10908108507181545
16,0.8,0.85,677328,14357,119016,0.05019543767307928,0.01059411770782756,0.012349256856262458,0.24602349196448114
17,0.85,0.9,673803,3081,451218,0.04993420689892318,0.002273488657645519,0.04681897375284864,0.9376132447178341
18,0.9,0.95,675432,1362,191609,0.05005492886519277,0.0010050280920847765,0.019881602112082352,0.3971956920811936
19,0.95,1.0,693419,9433,8207,0.05138790983958874,0.006960668129688471,0.0008515691253221919,0.01657139060459665
