model_display,level,metric,pre_finetuning,post_finetuning,diff
ESMCapsid-C,FoldLabel,Test Accuracy,1.0000,1.0000,0.0000
ESMCapsid-C,FoldLabel,Macro F1,1.0000,1.0000,0.0000
ESMCapsid-C,FoldLabel,Weighted F1,1.0000,1.0000,0.0000
ESMCapsid-C,HostLabelV2,Test Accuracy,0.9434,0.9636,0.0202
ESMCapsid-C,HostLabelV2,Macro F1,0.9108,0.9429,0.0321
ESMCapsid-C,HostLabelV2,Weighted F1,0.9431,0.9635,0.0204
ESMCapsid-C,GenomeLabel,Test Accuracy,0.9627,0.9834,0.0207
ESMCapsid-C,GenomeLabel,Macro F1,0.9480,0.9600,0.0120
ESMCapsid-C,GenomeLabel,Weighted F1,0.9622,0.9826,0.0204
ESMCapsid-C,Realm,Test Accuracy,0.9587,0.9757,0.0170
ESMCapsid-C,Realm,Macro F1,0.9425,0.9693,0.0268
ESMCapsid-C,Realm,Weighted F1,0.9583,0.9757,0.0174
ESMCapsid-C,Kingdom,Test Accuracy,0.9660,0.9769,0.0109
ESMCapsid-C,Kingdom,Macro F1,0.9191,0.9681,0.0490
ESMCapsid-C,Kingdom,Weighted F1,0.9661,0.9769,0.0108
ESMCapsid-C,Phylum,Test Accuracy,0.9539,0.9745,0.0206
ESMCapsid-C,Phylum,Macro F1,0.8924,0.9301,0.0377
ESMCapsid-C,Phylum,Weighted F1,0.9529,0.9737,0.0208
ESMCapsid-C,Class,Test Accuracy,0.9294,0.9665,0.0371
ESMCapsid-C,Class,Macro F1,0.8545,0.9315,0.0770
ESMCapsid-C,Class,Weighted F1,0.9258,0.9661,0.0403
ESMCapsid-C,Order,Test Accuracy,0.9209,0.9574,0.0365
ESMCapsid-C,Order,Macro F1,0.8414,0.9118,0.0704
ESMCapsid-C,Order,Weighted F1,0.9185,0.9565,0.0380
ESMCapsid-C,Family,Test Accuracy,0.8947,0.9593,0.0646
ESMCapsid-C,Family,Macro F1,0.7854,0.8924,0.1070
ESMCapsid-C,Family,Weighted F1,0.8852,0.9568,0.0716
