manuscript_group,main_ecosystem,obs,group_total,ecosystem_total,global_total,normalized_abundance_within_group,expected,fold_enrichment,log2_enrichment,p_value,q_value,filtered_main_status
HK97-like,Engineered Systems,70586,2324864,76183,2647633,0.030361346,66895.644,1.0551659,0.077469801,2.569087e-11,3.9174276e-11,included_main
HK97-like,Extreme Environments,268381,2324864,303586,2647633,0.11543944,266576.28,1.00677,0.0097341118,5.1096956e-11,6.4382165e-11,included_main
HK97-like,General Environmental,1014220,2324864,1164797,2647633,0.43624917,1022798.3,0.99161288,-0.012151082,7.965473e-11,9.2930518e-11,included_main
HK97-like,Host Associated,545279,2324864,650219,2647633,0.23454232,570951.77,0.95503514,-0.066374285,6.8386176e-11,8.1289228e-11,included_main
HK97-like,Mixed And Lab,3261,2324864,3299,2647633,0.0014026627,2896.8238,1.1257157,0.1708425,4.7848712e-12,2.5995446e-11,included_main
HK97-like,Contaminated and Industrial Environments,36584,2324864,38294,2647633,0.015735974,33625.635,1.0879794,0.12165129,1.8259606e-11,3.4859248e-11,included_main
HK97-like,Unclassified,386553,2324864,411255,2647633,0.16626908,361119.51,1.0704296,0.098189849,5.7638779e-11,6.9967109e-11,included_main
NCLDV-like,Engineered Systems,126,163695,76183,2647633,0.00076972418,4710.1604,0.026750681,-5.2242806,1.9476027e-11,3.5056849e-11,included_main
NCLDV-like,Extreme Environments,9345,163695,303586,2647633,0.057087877,18769.788,0.49787456,-1.0061458,3.6983063e-11,4.9573042e-11,included_main
NCLDV-like,General Environmental,87811,163695,1164797,2647633,0.53643056,72015.814,1.2193294,0.28608794,5.775063e-11,6.9967109e-11,included_main
NCLDV-like,Host Associated,59108,163695,650219,2647633,0.36108617,40201.04,1.4703102,0.55612059,4.9724915e-11,6.3932034e-11,included_main
NCLDV-like,Mixed And Lab,0,163695,3299,2647633,0,203.96702,0,,4.0760118e-12,2.5995446e-11,included_main
NCLDV-like,Contaminated and Industrial Environments,695,163695,38294,2647633,0.0042457008,2367.6002,0.29354619,-1.7683406,1.4161738e-11,2.973965e-11,included_main
NCLDV-like,Unclassified,6610,163695,411255,2647633,0.040379975,25426.631,0.25996366,-1.9436181,4.1756317e-11,5.4805166e-11,included_main
BTV-like,Engineered Systems,688,46927,76183,2647633,0.014661069,1350.2776,0.50952484,-0.97277561,1.0315653e-11,2.5995446e-11,included_main
BTV-like,Extreme Environments,3138,46927,303586,2647633,0.066869819,5380.7987,0.5831848,-0.77797498,2.0314409e-11,3.5359913e-11,included_main
BTV-like,General Environmental,12335,46927,1164797,2647633,0.26285507,20645.017,0.59748073,-0.7430359,3.1537616e-11,4.3192822e-11,included_main
BTV-like,Host Associated,24460,46927,650219,2647633,0.52123511,11524.568,2.1224223,1.0857117,2.7208344e-11,3.9863388e-11,included_main
BTV-like,Mixed And Lab,11,46927,3299,2647633,0.00023440663,58.471915,0.1881245,-2.4102403,1.9610459e-12,2.5995446e-11,included_main
BTV-like,Contaminated and Industrial Environments,764,46927,38294,2647633,0.016280606,678.72796,1.1256351,0.1707392,0.0010466512,0.0011176106,included_main
BTV-like,Unclassified,5531,46927,411255,2647633,0.11786392,7289.1384,0.75880024,-0.39820795,2.2712004e-11,3.6688622e-11,included_main
micro-like,Engineered Systems,819,43571,76183,2647633,0.018796906,1253.7121,0.65326003,-0.61427072,9.8161966e-12,2.5995446e-11,included_main
micro-like,Extreme Environments,2436,43571,303586,2647633,0.055908747,4995.9891,0.48759114,-1.0362562,1.9452105e-11,3.5056849e-11,included_main
micro-like,General Environmental,21745,43571,1164797,2647633,0.49907048,19168.582,1.1344084,0.1819401,2.9849257e-11,4.178896e-11,included_main
micro-like,Host Associated,13445,43571,650219,2647633,0.30857681,10700.385,1.2564969,0.32940707,2.6116184e-11,3.9174276e-11,included_main
micro-like,Mixed And Lab,15,43571,3299,2647633,0.00034426568,54.290277,0.27629257,-1.8557313,4.5010518e-10,5.1557502e-10,included_main
micro-like,Contaminated and Industrial Environments,72,43571,38294,2647633,0.0016524753,630.1885,0.11425153,-3.1297146,6.5743041e-12,2.5995446e-11,included_main
micro-like,Unclassified,5039,43571,411255,2647633,0.11565032,6767.8533,0.74454924,-0.42556083,2.1456376e-11,3.5572413e-11,included_main
picorna-like,Engineered Systems,2398,38637,76183,2647633,0.06206486,1111.7412,2.1569769,1.1090107,9.714065e-12,2.5995446e-11,included_main
picorna-like,Extreme Environments,11146,38637,303586,2647633,0.28847995,4430.241,2.5158902,1.331069,1.7565176e-11,3.458144e-11,included_main
picorna-like,General Environmental,20058,38637,1164797,2647633,0.51913968,16997.923,1.1800265,0.23881929,2.8360833e-11,4.0607556e-11,included_main
picorna-like,Host Associated,3585,38637,650219,2647633,0.092786707,9488.6684,0.37781908,-1.4042325,2.4828354e-11,3.9104658e-11,included_main
picorna-like,Mixed And Lab,0,38637,3299,2647633,0,48.142421,0,,2.0629617e-12,2.5995446e-11,included_main
picorna-like,Contaminated and Industrial Environments,32,38637,38294,2647633,0.00082822165,558.82567,0.057262939,-4.1262545,7.0851506e-12,2.5995446e-11,included_main
picorna-like,Unclassified,1418,38637,411255,2647633,0.036700572,6001.4584,0.2362759,-2.0814556,2.0766933e-11,3.5359913e-11,included_main
levi-like,Engineered Systems,881,12538,76183,2647633,0.07026639,360.76845,2.4420095,1.2880688,5.3562559e-12,2.5995446e-11,included_main
levi-like,Extreme Environments,8197,12538,303586,2647633,0.65377253,1437.6469,5.7016784,2.5113867,1.0219275e-11,2.5995446e-11,included_main
levi-like,General Environmental,2064,12538,1164797,2647633,0.16461956,5515.9551,0.37418724,-1.4181677,1.6078962e-11,3.26766e-11,included_main
levi-like,Host Associated,1213,12538,650219,2647633,0.096745892,3079.145,0.39394053,-1.3439502,1.3644119e-11,2.9640672e-11,included_main
levi-like,Mixed And Lab,0,12538,3299,2647633,0,15.622581,0,,3.1860692e-07,3.5214449e-07,included_main
levi-like,Contaminated and Industrial Environments,0,12538,38294,2647633,0,181.34317,0,,4.2514146e-12,2.5995446e-11,included_main
levi-like,Unclassified,183,12538,411255,2647633,0.014595629,1947.5189,0.093965714,-3.4117217,1.2431991e-11,2.9005436e-11,included_main
ino-like,Engineered Systems,624,9164,76183,2647633,0.068092536,263.68496,2.3664603,1.2427307,4.9712321e-12,2.5995446e-11,included_main
ino-like,Extreme Environments,609,9164,303586,2647633,0.066455696,1050.7733,0.57957315,-0.78693733,8.0665604e-12,2.5995446e-11,included_main
ino-like,General Environmental,1485,9164,1164797,2647633,0.16204714,4031.6009,0.36834003,-1.4408899,1.2891305e-11,2.9005436e-11,included_main
ino-like,Host Associated,1717,9164,650219,2647633,0.1873636,2250.5411,0.76292763,-0.39038188,1.2519365e-11,2.9005436e-11,included_main
ino-like,Mixed And Lab,12,9164,3299,2647633,0.0013094718,11.418515,1.0509248,0.071659422,0.7669792,0.7669792,included_main
ino-like,Contaminated and Industrial Environments,127,9164,38294,2647633,0.013858577,132.54338,0.95817689,-0.061636074,0.6612268,0.67189175,included_main
ino-like,Unclassified,4590,9164,411255,2647633,0.50087298,1423.4378,3.2245877,1.6891147,9.9091593e-12,2.5995446e-11,included_main
Geminiviridae-like,Engineered Systems,15,4696,76183,2647633,0.0031942078,135.12272,0.1110102,-3.1712359,3.8255794e-12,2.5995446e-11,included_main
Geminiviridae-like,Extreme Environments,87,4696,303586,2647633,0.018526405,538.45826,0.16157241,-2.6297472,6.6417584e-12,2.5995446e-11,included_main
Geminiviridae-like,General Environmental,2943,4696,1164797,2647633,0.62670358,2065.9535,1.4245238,0.51047975,9.2829452e-12,2.5995446e-11,included_main
Geminiviridae-like,Host Associated,653,4696,650219,2647633,0.13905451,1153.2672,0.56621741,-0.82057197,7.6767471e-12,2.5995446e-11,included_main
Geminiviridae-like,Mixed And Lab,0,4696,3299,2647633,0,5.8513034,0,,0.0057237405,0.0060099275,included_main
Geminiviridae-like,Contaminated and Industrial Environments,10,4696,38294,2647633,0.0021294719,67.920525,0.1472309,-2.7638476,1.6332672e-12,2.5995446e-11,included_main
Geminiviridae-like,Unclassified,988,4696,411255,2647633,0.21039182,729.42643,1.3544889,0.43774857,6.6751128e-12,2.5995446e-11,included_main
Circoviridae-like,Engineered Systems,46,3541,76183,2647633,0.012990681,101.88874,0.45147283,-1.1472889,4.9267383e-10,5.5425806e-10,included_main
Circoviridae-like,Extreme Environments,247,3541,303586,2647633,0.069754307,406.02229,0.60834098,-0.71704791,5.0793128e-12,2.5995446e-11,included_main
Circoviridae-like,General Environmental,2136,3541,1164797,2647633,0.60321943,1557.824,1.3711434,0.45537942,8.2914847e-12,2.5995446e-11,included_main
Circoviridae-like,Host Associated,759,3541,650219,2647633,0.21434623,869.61655,0.87279848,-0.19627951,1.3094158e-05,1.4222965e-05,included_main
Circoviridae-like,Mixed And Lab,0,3541,3299,2647633,0,4.4121519,0,,0.027080426,0.027968309,included_main
Circoviridae-like,Contaminated and Industrial Environments,10,3541,38294,2647633,0.002824061,51.2152,0.19525453,-2.3565721,6.2045299e-12,2.5995446e-11,included_main
Circoviridae-like,Unclassified,343,3541,411255,2647633,0.096865292,550.02108,0.62361247,-0.68127833,6.8667954e-12,2.5995446e-11,included_main
