manuscript_group,Animals,Aquatic Freshwater,Aquatic Marine,Aquatic Special,Atmospheric,Bioreactors,Built Environment,Chemical Remediation Targets,Cleanrooms,Controlled Environment,Food Production,Fungi And Algae,Halophilic And Alkaliphilic,Human,Hydrocarbon Contamination Oil,Industrial Hydrocarbon Processing,Industrial Processing,Industrial Wastewater,Lab Enrichment,Landfill,Microbial Hosts,Modeled,Plants,Psychrophilic Low Temperature,Solid Waste Management,Subsurface And Geologic,Tailings Pond,Terrestrial Soil,Terrestrial Vegetation,Thermophilic High Temperature,Unclassified,Unknown Mixed,Wastewater Treatment
HK97-like,18593,440287,561472,5962,149,33837,6233,12985,75,3212,1312,3392,295,233039,955,383,791,11239,704,10352,340,891,289915,121527,1653,70339,595,6001,349,76220,386553,1666,23548
NCLDV-like,58,35817,51901,11,0,35,0,585,0,14,0,105,0,1032,27,0,3,47,0,36,0,0,57913,658,1,976,0,77,5,7711,6610,0,73
BTV-like,103,5745,6485,28,0,252,160,533,1,22,22,25,31,7800,15,0,14,109,6,104,4,0,16528,1573,5,702,2,77,0,832,5531,5,213
micro-like,179,12528,8850,241,4,443,4,25,6,12,0,16,0,9658,3,2,10,23,5,10,4,5,3588,1681,0,200,3,122,0,555,5039,5,350
picorna-like,14,11052,8522,10,0,1795,0,23,0,209,5,5,0,454,4,0,0,4,0,1,0,0,3112,10006,1,102,0,474,0,1038,1418,0,388
levi-like,0,771,853,0,0,784,0,0,0,0,0,0,0,4,0,0,0,0,0,0,0,0,1209,8130,3,28,0,440,0,39,183,0,94
ino-like,121,779,652,28,1,114,434,49,10,1,0,30,25,1212,0,8,10,42,3,13,4,3,350,246,5,289,5,16,9,49,4590,6,60
Geminiviridae-like,6,2501,426,8,1,9,0,0,10,0,1,0,0,139,0,0,0,0,0,0,0,0,508,28,0,43,0,7,0,16,988,0,5
Circoviridae-like,8,1494,637,2,0,36,0,9,1,0,0,2,0,169,0,0,0,0,0,0,0,0,580,158,0,16,0,3,0,73,343,0,10
