fold_group,motif_id,clusters_with_motif,n_clusters_in_group,cluster_fraction,shared80
BTV-like,10,3,4,0.75,False
BTV-like,104,1,4,0.25,False
BTV-like,339,1,4,0.25,False
BTV-like,340,4,4,1.0,True
BTV-like,341,3,4,0.75,False
BTV-like,344,4,4,1.0,True
BTV-like,346,4,4,1.0,True
BTV-like,347,3,4,0.75,False
BTV-like,355,4,4,1.0,True
BTV-like,360,1,4,0.25,False
BTV-like,361,1,4,0.25,False
BTV-like,362,4,4,1.0,True
BTV-like,363,4,4,1.0,True
Circoviridae-like,10,1,1,1.0,True
Circoviridae-like,104,1,1,1.0,True
Circoviridae-like,340,1,1,1.0,True
Circoviridae-like,344,1,1,1.0,True
Circoviridae-like,346,1,1,1.0,True
Circoviridae-like,355,1,1,1.0,True
Circoviridae-like,360,1,1,1.0,True
Circoviridae-like,362,1,1,1.0,True
Circoviridae-like,363,1,1,1.0,True
Geminiviridae-like,10,1,1,1.0,True
Geminiviridae-like,104,1,1,1.0,True
Geminiviridae-like,340,1,1,1.0,True
Geminiviridae-like,344,1,1,1.0,True
Geminiviridae-like,346,1,1,1.0,True
Geminiviridae-like,355,1,1,1.0,True
Geminiviridae-like,360,1,1,1.0,True
Geminiviridae-like,362,1,1,1.0,True
Geminiviridae-like,363,1,1,1.0,True
HK97-like,10,63,67,0.9402985074626866,True
HK97-like,104,4,67,0.05970149253731343,False
HK97-like,105,54,67,0.8059701492537313,True
HK97-like,108,1,67,0.014925373134328358,False
HK97-like,109,54,67,0.8059701492537313,True
HK97-like,111,56,67,0.835820895522388,True
HK97-like,114,54,67,0.8059701492537313,True
HK97-like,115,56,67,0.835820895522388,True
HK97-like,118,54,67,0.8059701492537313,True
HK97-like,119,54,67,0.8059701492537313,True
HK97-like,121,56,67,0.835820895522388,True
HK97-like,123,56,67,0.835820895522388,True
HK97-like,125,56,67,0.835820895522388,True
HK97-like,128,56,67,0.835820895522388,True
HK97-like,129,56,67,0.835820895522388,True
HK97-like,131,51,67,0.7611940298507462,False
HK97-like,149,1,67,0.014925373134328358,False
HK97-like,158,1,67,0.014925373134328358,False
HK97-like,160,55,67,0.8208955223880597,True
HK97-like,162,1,67,0.014925373134328358,False
HK97-like,163,55,67,0.8208955223880597,True
HK97-like,166,57,67,0.8507462686567164,True
HK97-like,169,51,67,0.7611940298507462,False
HK97-like,171,57,67,0.8507462686567164,True
HK97-like,172,57,67,0.8507462686567164,True
HK97-like,173,57,67,0.8507462686567164,True
HK97-like,175,57,67,0.8507462686567164,True
HK97-like,177,1,67,0.014925373134328358,False
HK97-like,178,57,67,0.8507462686567164,True
HK97-like,179,57,67,0.8507462686567164,True
HK97-like,180,57,67,0.8507462686567164,True
HK97-like,185,55,67,0.8208955223880597,True
HK97-like,189,55,67,0.8208955223880597,True
HK97-like,194,1,67,0.014925373134328358,False
HK97-like,195,1,67,0.014925373134328358,False
HK97-like,197,1,67,0.014925373134328358,False
HK97-like,198,1,67,0.014925373134328358,False
HK97-like,199,1,67,0.014925373134328358,False
HK97-like,201,1,67,0.014925373134328358,False
HK97-like,203,1,67,0.014925373134328358,False
HK97-like,205,1,67,0.014925373134328358,False
HK97-like,207,1,67,0.014925373134328358,False
HK97-like,209,57,67,0.8507462686567164,True
HK97-like,212,1,67,0.014925373134328358,False
HK97-like,213,57,67,0.8507462686567164,True
HK97-like,216,57,67,0.8507462686567164,True
HK97-like,218,1,67,0.014925373134328358,False
HK97-like,224,53,67,0.7910447761194029,False
HK97-like,229,55,67,0.8208955223880597,True
HK97-like,247,1,67,0.014925373134328358,False
HK97-like,248,56,67,0.835820895522388,True
HK97-like,252,55,67,0.8208955223880597,True
HK97-like,259,55,67,0.8208955223880597,True
HK97-like,296,1,67,0.014925373134328358,False
HK97-like,297,53,67,0.7910447761194029,False
HK97-like,301,53,67,0.7910447761194029,False
HK97-like,302,56,67,0.835820895522388,True
HK97-like,313,55,67,0.8208955223880597,True
HK97-like,321,52,67,0.7761194029850746,False
HK97-like,338,1,67,0.014925373134328358,False
HK97-like,340,66,67,0.9850746268656716,True
HK97-like,341,1,67,0.014925373134328358,False
HK97-like,344,9,67,0.13432835820895522,False
HK97-like,346,9,67,0.13432835820895522,False
HK97-like,347,1,67,0.014925373134328358,False
HK97-like,350,1,67,0.014925373134328358,False
HK97-like,355,5,67,0.07462686567164178,False
HK97-like,360,4,67,0.05970149253731343,False
HK97-like,362,5,67,0.07462686567164178,False
HK97-like,363,5,67,0.07462686567164178,False
HK97-like,64,1,67,0.014925373134328358,False
HK97-like,65,1,67,0.014925373134328358,False
HK97-like,67,1,67,0.014925373134328358,False
HK97-like,68,1,67,0.014925373134328358,False
HK97-like,70,1,67,0.014925373134328358,False
HK97-like,72,1,67,0.014925373134328358,False
HK97-like,75,1,67,0.014925373134328358,False
HK97-like,88,1,67,0.014925373134328358,False
HK97-like,91,54,67,0.8059701492537313,True
HK97-like,98,56,67,0.835820895522388,True
NCLDV-like,10,7,7,1.0,True
NCLDV-like,104,7,7,1.0,True
NCLDV-like,344,7,7,1.0,True
NCLDV-like,346,7,7,1.0,True
NCLDV-like,347,7,7,1.0,True
NCLDV-like,355,7,7,1.0,True
NCLDV-like,360,7,7,1.0,True
NCLDV-like,361,7,7,1.0,True
NCLDV-like,362,7,7,1.0,True
NCLDV-like,363,7,7,1.0,True
NCLDV-like,96,7,7,1.0,True
ino-like,10,1,1,1.0,True
ino-like,105,1,1,1.0,True
ino-like,109,1,1,1.0,True
ino-like,111,1,1,1.0,True
ino-like,114,1,1,1.0,True
ino-like,115,1,1,1.0,True
ino-like,118,1,1,1.0,True
ino-like,119,1,1,1.0,True
ino-like,121,1,1,1.0,True
ino-like,123,1,1,1.0,True
ino-like,125,1,1,1.0,True
ino-like,128,1,1,1.0,True
ino-like,129,1,1,1.0,True
ino-like,131,1,1,1.0,True
ino-like,160,1,1,1.0,True
ino-like,163,1,1,1.0,True
ino-like,166,1,1,1.0,True
ino-like,169,1,1,1.0,True
ino-like,171,1,1,1.0,True
ino-like,172,1,1,1.0,True
ino-like,173,1,1,1.0,True
ino-like,175,1,1,1.0,True
ino-like,178,1,1,1.0,True
ino-like,179,1,1,1.0,True
ino-like,180,1,1,1.0,True
ino-like,185,1,1,1.0,True
ino-like,189,1,1,1.0,True
ino-like,209,1,1,1.0,True
ino-like,213,1,1,1.0,True
ino-like,216,1,1,1.0,True
ino-like,224,1,1,1.0,True
ino-like,229,1,1,1.0,True
ino-like,248,1,1,1.0,True
ino-like,252,1,1,1.0,True
ino-like,259,1,1,1.0,True
ino-like,297,1,1,1.0,True
ino-like,301,1,1,1.0,True
ino-like,302,1,1,1.0,True
ino-like,313,1,1,1.0,True
ino-like,321,1,1,1.0,True
ino-like,340,1,1,1.0,True
ino-like,91,1,1,1.0,True
ino-like,98,1,1,1.0,True
levi-like,10,1,1,1.0,True
levi-like,142,1,1,1.0,True
levi-like,340,1,1,1.0,True
levi-like,355,1,1,1.0,True
levi-like,356,1,1,1.0,True
levi-like,52,1,1,1.0,True
micro-like,10,3,3,1.0,True
micro-like,104,3,3,1.0,True
micro-like,340,3,3,1.0,True
micro-like,344,3,3,1.0,True
micro-like,346,3,3,1.0,True
micro-like,355,3,3,1.0,True
micro-like,360,3,3,1.0,True
micro-like,362,3,3,1.0,True
micro-like,363,3,3,1.0,True
picorna-like,10,11,11,1.0,True
picorna-like,104,11,11,1.0,True
picorna-like,340,10,11,0.9090909090909091,True
picorna-like,341,1,11,0.09090909090909091,False
picorna-like,344,11,11,1.0,True
picorna-like,346,11,11,1.0,True
picorna-like,347,2,11,0.18181818181818182,False
picorna-like,355,11,11,1.0,True
picorna-like,360,11,11,1.0,True
picorna-like,361,1,11,0.09090909090909091,False
picorna-like,362,11,11,1.0,True
picorna-like,363,11,11,1.0,True
picorna-like,96,1,11,0.09090909090909091,False
