fold_group,motif_id,cluster_count,mean_pairwise_jsd,median_pairwise_jsd,maximum_pairwise_jsd,mean_position_standard_deviation,minimum_mean_position,maximum_mean_position,mean_position_span,clusters
BTV-like,340,4,0.016084781955539685,0.01483268256037685,0.03704562474273349,0.03658873126685908,0.45742435922143,0.5571860678276811,0.09976170860625111,"36,75,93,94"
BTV-like,344,4,0.014855342954336657,0.014804237398446772,0.028970510901624974,0.03496354836568842,0.499239571263036,0.5811905028558629,0.08195093159282696,"36,75,93,94"
BTV-like,346,4,0.011806088099588686,0.011231669913561464,0.024143884379648175,0.035949027209165714,0.5000334386936942,0.586124118893873,0.08609068020017874,"36,75,93,94"
BTV-like,355,4,0.3927162509397227,0.36163582175168063,0.7350153714492205,0.26742774380532613,0.295435624394966,0.9549751243781096,0.6595394999831437,"36,75,93,94"
BTV-like,362,4,0.02149255147734287,0.01974033973184643,0.04428245222091515,0.045912847347962325,0.4847209584470731,0.6000825082508251,0.11536154980375202,"36,75,93,94"
BTV-like,363,4,0.015147262309838032,0.013363376920948827,0.03416945050317876,0.030461657849320624,0.4883376123234916,0.5669994198975152,0.07866180757402363,"36,75,93,94"
HK97-like,10,63,0.020801310119976196,0.004403599680001816,0.41229591587963843,0.009552292542771948,0.025,0.0992735648476257,0.0742735648476257,"0,5,9,11,12,13,14,15,16,17,18,20,21,22,23,24,25,26,27,28,29,30,32,33,35,37,38,39,40,41,42,43,44,46,48,49,50,53,54,55,56,58,59,61,62,65,66,68,69,70,71,72,73,74,76,81,83,84,86,87,92,97,98"
HK97-like,105,54,0.5905148897818908,0.6862629200903129,0.9999999998398101,0.10455267529823438,0.2629118528027386,0.6287517053206003,0.3658398525178617,"5,9,13,14,15,16,17,18,22,23,24,26,27,28,29,30,33,35,37,38,39,40,41,42,43,44,46,48,49,50,53,54,55,56,58,61,62,65,66,68,69,70,72,73,74,76,81,83,84,86,87,92,97,98"
HK97-like,109,54,0.5913357953885162,0.6929900309766548,0.9999999998413547,0.10434479978991477,0.2590151834668916,0.6269073569482289,0.36789217348133724,"5,9,13,14,15,16,17,18,22,23,24,26,27,28,29,30,33,35,37,38,39,40,41,42,43,44,46,48,49,50,53,54,55,56,58,61,62,65,66,68,69,70,72,73,74,76,81,83,84,86,87,92,97,98"
HK97-like,111,56,0.6024362098786178,0.7049848461419599,0.9999999998404061,0.10381063530566846,0.2660419313850063,0.6301700680272108,0.36412813664220445,"5,9,13,14,15,16,17,18,22,23,24,25,26,27,28,29,30,33,35,37,38,39,40,41,42,43,44,46,48,49,50,53,54,55,56,58,59,61,62,65,66,68,69,70,72,73,74,76,81,83,84,86,87,92,97,98"
HK97-like,114,54,0.599092184224961,0.6711094415537857,0.9999999998557981,0.10365365568602197,0.2722434266327396,0.6354336043360432,0.36319017770330364,"5,9,13,14,15,16,17,18,22,23,24,26,27,28,29,30,33,35,37,38,39,40,41,42,43,44,46,48,49,50,53,54,55,56,58,61,62,65,66,68,69,70,72,73,74,76,81,83,84,86,87,92,97,98"
HK97-like,115,56,0.612262932223535,0.6965984382373087,0.9999999998556031,0.10277021145806556,0.2728003384094755,0.6384510869565218,0.36565074854704627,"5,9,13,14,15,16,17,18,22,23,24,25,26,27,28,29,30,33,35,37,38,39,40,41,42,43,44,46,48,49,50,53,54,55,56,58,59,61,62,65,66,68,69,70,72,73,74,76,81,83,84,86,87,92,97,98"
HK97-like,118,54,0.5862985317663576,0.6479737584967202,0.999999999840488,0.10233748936538152,0.2702710333145116,0.6350363306085377,0.3647652972940261,"5,9,13,14,15,16,17,18,22,23,24,26,27,28,29,30,33,35,37,38,39,40,41,42,43,44,46,48,49,50,53,54,55,56,58,61,62,65,66,68,69,70,72,73,74,76,81,83,84,86,87,92,97,98"
HK97-like,119,54,0.6051176946707347,0.6876357474767518,0.99999999985472,0.10240378391497537,0.2752538071065989,0.6433423913043478,0.36808858419774887,"5,9,13,14,15,16,17,18,22,23,24,26,27,28,29,30,33,35,37,38,39,40,41,42,43,44,46,48,49,50,53,54,55,56,58,61,62,65,66,68,69,70,72,73,74,76,81,83,84,86,87,92,97,98"
HK97-like,121,56,0.6084066890579994,0.7162620780742341,0.9999999998540376,0.10151864985088775,0.2797205757832345,0.6481972789115648,0.36847670312833025,"5,9,13,14,15,16,17,18,22,23,24,25,26,27,28,29,30,33,35,37,38,39,40,41,42,43,44,46,48,49,50,53,54,55,56,58,59,61,62,65,66,68,69,70,72,73,74,76,81,83,84,86,87,92,97,98"
HK97-like,123,56,0.6114601262020408,0.7144144452651249,0.9999999998541004,0.10156912189078507,0.2784775233248516,0.6468157181571816,0.36833819483233005,"5,9,13,14,15,16,17,18,22,23,24,25,26,27,28,29,30,33,35,37,38,39,40,41,42,43,44,46,48,49,50,53,54,55,56,58,59,61,62,65,66,68,69,70,72,73,74,76,81,83,84,86,87,92,97,98"
HK97-like,125,56,0.6108237700529615,0.72889839499108,0.999999999868015,0.1006638751554787,0.286590524534687,0.6533967391304347,0.36680621459574775,"5,9,13,14,15,16,17,18,22,23,24,25,26,27,28,29,30,33,35,37,38,39,40,41,42,43,44,46,48,49,50,53,54,55,56,58,59,61,62,65,66,68,69,70,72,73,74,76,81,83,84,86,87,92,97,98"
HK97-like,128,56,0.6093929579481685,0.7218171928097104,0.99999999985319,0.10113031463904276,0.28560093101989,0.6516983695652173,0.36609743854532734,"5,9,13,14,15,16,17,18,22,23,24,25,26,27,28,29,30,33,35,37,38,39,40,41,42,43,44,46,48,49,50,53,54,55,56,58,59,61,62,65,66,68,69,70,72,73,74,76,81,83,84,86,87,92,97,98"
HK97-like,129,56,0.6070956302946001,0.7240078598831075,0.9999999998392423,0.10030486752425449,0.2972081218274112,0.6583031674208145,0.36109504559340333,"5,9,13,14,15,16,17,18,22,23,24,25,26,27,28,29,30,33,35,37,38,39,40,41,42,43,44,46,48,49,50,53,54,55,56,58,59,61,62,65,66,68,69,70,72,73,74,76,81,83,84,86,87,92,97,98"
HK97-like,160,55,0.627998498724329,0.728792631066971,0.9999999998552184,0.10513843509582836,0.1622727272727272,0.769397042093288,0.6071243148205607,"5,9,11,13,14,15,16,17,18,22,23,24,26,27,28,29,30,33,35,37,38,39,40,41,42,43,44,46,48,49,50,53,54,55,56,58,61,62,65,66,68,69,70,72,73,74,76,81,83,84,86,87,92,97,98"
HK97-like,163,55,0.6268853706498436,0.7394818479189831,0.9999999998553335,0.1056711356986144,0.16,0.7704483386436048,0.6104483386436048,"5,9,11,13,14,15,16,17,18,22,23,24,26,27,28,29,30,33,35,37,38,39,40,41,42,43,44,46,48,49,50,53,54,55,56,58,61,62,65,66,68,69,70,72,73,74,76,81,83,84,86,87,92,97,98"
HK97-like,166,57,0.6130589770467832,0.7031463471901459,0.9999999998550999,0.10260637463957425,0.1873574144486692,0.8006100291023058,0.6132526146536366,"5,9,11,13,14,15,16,17,18,22,23,24,25,26,27,28,29,30,33,35,37,38,39,40,41,42,43,44,46,48,49,50,53,54,55,56,58,59,61,62,65,66,68,69,70,72,73,74,76,81,83,84,86,87,92,97,98"
HK97-like,171,57,0.6252948374370866,0.7235673102973714,0.9999999998712514,0.10092655747751357,0.2022058823529411,0.8214772727272727,0.6192713903743315,"5,9,11,13,14,15,16,17,18,22,23,24,25,26,27,28,29,30,33,35,37,38,39,40,41,42,43,44,46,48,49,50,53,54,55,56,58,59,61,62,65,66,68,69,70,72,73,74,76,81,83,84,86,87,92,97,98"
HK97-like,172,57,0.6239085500374899,0.716883507844267,0.999999999871528,0.10180295527593794,0.1908227848101266,0.8222789115646257,0.6314561267544991,"5,9,11,13,14,15,16,17,18,22,23,24,25,26,27,28,29,30,33,35,37,38,39,40,41,42,43,44,46,48,49,50,53,54,55,56,58,59,61,62,65,66,68,69,70,72,73,74,76,81,83,84,86,87,92,97,98"
HK97-like,173,57,0.6248114233177122,0.7200502602565061,0.9999999998720778,0.10215420154750501,0.1825,0.8244318181818181,0.6419318181818181,"5,9,11,13,14,15,16,17,18,22,23,24,25,26,27,28,29,30,33,35,37,38,39,40,41,42,43,44,46,48,49,50,53,54,55,56,58,59,61,62,65,66,68,69,70,72,73,74,76,81,83,84,86,87,92,97,98"
HK97-like,175,57,0.6240389163856903,0.7159651019888396,0.9999999998723206,0.10271775254931728,0.175,0.8279545454545453,0.6529545454545453,"5,9,11,13,14,15,16,17,18,22,23,24,25,26,27,28,29,30,33,35,37,38,39,40,41,42,43,44,46,48,49,50,53,54,55,56,58,59,61,62,65,66,68,69,70,72,73,74,76,81,83,84,86,87,92,97,98"
HK97-like,178,57,0.6234312505928683,0.7203747315216673,0.999999999871944,0.10252408305039515,0.1806701030927835,0.8324431818181817,0.6517730787253981,"5,9,11,13,14,15,16,17,18,22,23,24,25,26,27,28,29,30,33,35,37,38,39,40,41,42,43,44,46,48,49,50,53,54,55,56,58,59,61,62,65,66,68,69,70,72,73,74,76,81,83,84,86,87,92,97,98"
HK97-like,179,57,0.6221613969035701,0.7148338232342967,0.9999999998719268,0.10227654910209942,0.1840909090909091,0.8427840909090909,0.6586931818181818,"5,9,11,13,14,15,16,17,18,22,23,24,25,26,27,28,29,30,33,35,37,38,39,40,41,42,43,44,46,48,49,50,53,54,55,56,58,59,61,62,65,66,68,69,70,72,73,74,76,81,83,84,86,87,92,97,98"
HK97-like,180,57,0.6193333646550431,0.7088677689187697,0.9999999998874083,0.10204156945203192,0.1972772277227722,0.8551136363636362,0.657836408640864,"5,9,11,13,14,15,16,17,18,22,23,24,25,26,27,28,29,30,33,35,37,38,39,40,41,42,43,44,46,48,49,50,53,54,55,56,58,59,61,62,65,66,68,69,70,72,73,74,76,81,83,84,86,87,92,97,98"
HK97-like,185,55,0.5951524648265016,0.7031081821491052,0.9999999998870539,0.10551470748256299,0.2506399669694467,0.8738253126184161,0.6231853456489694,"5,9,11,13,14,15,16,17,18,22,23,24,25,26,27,28,29,30,33,35,37,38,39,40,42,43,44,46,48,49,53,54,55,56,58,59,61,62,65,66,68,69,70,72,73,74,76,81,83,84,86,87,92,97,98"
HK97-like,189,55,0.6066144647131685,0.6876922020051247,0.9999999998715108,0.10379729951699437,0.1996341463414634,0.8684090909090909,0.6687749445676275,"5,9,11,13,14,15,16,17,18,22,23,24,25,26,27,28,29,30,33,35,37,38,39,40,42,43,44,46,48,49,53,54,55,56,58,59,61,62,65,66,68,69,70,72,73,74,76,81,83,84,86,87,92,97,98"
HK97-like,209,57,0.5914071793251467,0.6535231009288407,0.9999999998718649,0.10024664182715896,0.2832786885245901,0.9490445859872612,0.665765897462671,"5,9,11,13,14,15,16,17,18,22,23,24,25,26,27,28,29,30,33,35,37,38,39,40,41,42,43,44,46,48,49,50,53,54,55,56,58,59,61,62,65,66,68,69,70,72,73,74,76,81,83,84,86,87,92,97,98"
HK97-like,213,57,0.5917937966283883,0.6396630704729519,0.9999999998750507,0.0989530927975743,0.3066666666666666,0.9723744292237444,0.6657077625570778,"5,9,11,13,14,15,16,17,18,22,23,24,25,26,27,28,29,30,33,35,37,38,39,40,41,42,43,44,46,48,49,50,53,54,55,56,58,59,61,62,65,66,68,69,70,72,73,74,76,81,83,84,86,87,92,97,98"
HK97-like,216,57,0.5909621796141212,0.6421987382500778,0.9999999998744049,0.09873956096194714,0.3106837606837607,0.9720890410958904,0.6614052804121298,"5,9,11,13,14,15,16,17,18,22,23,24,25,26,27,28,29,30,33,35,37,38,39,40,41,42,43,44,46,48,49,50,53,54,55,56,58,59,61,62,65,66,68,69,70,72,73,74,76,81,83,84,86,87,92,97,98"
HK97-like,229,55,0.4787033622559426,0.44415658031412397,0.9999999998744358,0.08730057568537876,0.3595915841584158,0.9738352745424294,0.6142436903840136,"9,11,13,14,15,16,17,18,22,23,24,25,26,27,28,29,30,33,35,37,39,40,41,42,43,44,46,48,49,50,53,54,55,56,58,59,61,62,65,66,68,69,70,72,73,74,76,81,83,84,86,87,92,97,98"
HK97-like,248,56,0.4261418125088657,0.374780519127323,0.9951355675489026,0.07083140254119323,0.4132154882154882,0.880227781926811,0.46701229371132275,"5,9,11,13,14,15,16,17,18,22,23,25,26,27,28,29,30,33,35,37,38,39,40,41,42,43,44,46,48,49,50,53,54,55,56,58,59,61,62,65,66,68,69,70,72,73,74,76,81,83,84,86,87,92,97,98"
HK97-like,252,55,0.4296103439803679,0.3743711293263624,0.9999999998220583,0.06887529907719683,0.4188811188811188,0.8745171081677705,0.4556359892866517,"5,9,11,13,14,15,16,17,18,22,23,25,26,27,28,29,30,33,35,37,38,39,40,41,42,43,44,48,49,50,53,54,55,56,58,59,61,62,65,66,68,69,70,72,73,74,76,81,83,84,86,87,92,97,98"
HK97-like,259,55,0.42978865044974174,0.3742404154310313,0.9999999998362861,0.06303064173081503,0.4838235294117647,0.8979704532415377,0.414146923829773,"5,9,11,13,14,15,16,17,18,22,23,25,26,27,28,29,30,33,35,37,38,39,40,41,42,43,44,48,49,50,53,54,55,56,58,59,61,62,65,66,68,69,70,72,73,74,76,81,83,84,86,87,92,97,98"
HK97-like,302,56,0.2002286999226901,0.08191256231245153,0.9999999998381841,0.03955081926533084,0.7132740447957838,0.9565934065934064,0.2433193617976226,"5,9,11,13,14,15,16,17,18,22,23,25,26,27,28,29,30,33,35,37,38,39,40,41,42,43,44,46,48,49,50,53,54,55,56,58,59,61,62,65,66,68,69,70,72,73,74,76,81,83,84,86,87,92,97,98"
HK97-like,313,55,0.23649358048021357,0.13769535860293688,0.9999999998384276,0.03851022548574672,0.7218404423380727,0.964690170940171,0.2428497286020983,"5,9,11,13,14,15,16,17,18,22,23,25,26,27,28,29,30,33,35,37,38,39,40,41,42,43,44,46,48,49,50,53,54,55,56,58,59,61,62,65,68,69,70,72,73,74,76,81,83,84,86,87,92,97,98"
HK97-like,340,66,0.2669071786715021,0.22509680577319197,0.8756803900115553,0.1431253979213552,0.025,0.775,0.75,"0,5,7,9,11,12,13,14,15,16,17,18,20,21,22,23,24,25,26,27,28,29,30,32,33,35,37,38,39,40,41,42,43,44,46,48,49,50,53,54,55,56,58,59,61,62,65,66,68,69,70,71,72,73,74,76,81,83,84,86,87,90,91,92,97,98"
HK97-like,91,54,0.5918906300608113,0.690828058913797,0.9999999998561033,0.11159935182140747,0.221295900939368,0.5873641304347825,0.3660682294954145,"5,9,13,14,15,16,17,18,22,23,24,26,27,28,29,30,33,35,37,38,39,40,41,42,43,44,46,48,49,50,53,54,55,56,58,61,62,65,66,68,69,70,72,73,74,76,81,83,84,86,87,92,97,98"
HK97-like,98,56,0.5819981774781591,0.6430482710907579,0.9999999998228796,0.10684357062103615,0.2297576479936432,0.6081065759637189,0.3783489279700757,"5,9,13,14,15,16,17,18,22,23,24,25,26,27,28,29,30,33,35,37,38,39,40,41,42,43,44,46,48,49,50,53,54,55,56,58,59,61,62,65,66,68,69,70,72,73,74,76,81,83,84,86,87,92,97,98"
NCLDV-like,10,7,0.008314267790268805,0.006031822850644129,0.02492012190879537,0.0011279142470005036,0.0252130681818181,0.0282894736842105,0.0030764055023923993,"8,34,51,57,64,80,82"
NCLDV-like,104,7,0.37846714046013613,0.4663505123588781,0.6249857453217929,0.028112541856961326,0.3459143268538517,0.4197028423772611,0.07378851552340937,"8,34,51,57,64,80,82"
NCLDV-like,344,7,0.4053041466769058,0.37838876984978914,0.7073954498074083,0.035122741815643344,0.4573268206039076,0.5695812807881773,0.11225446018426966,"8,34,51,57,64,80,82"
NCLDV-like,346,7,0.28963412415745093,0.23141904085788012,0.5876489182964586,0.031157070558487182,0.382185628742515,0.4765795868772782,0.0943939581347632,"8,34,51,57,64,80,82"
NCLDV-like,347,7,0.3892348718138477,0.3696383219897229,0.7665927701755548,0.030645122512937873,0.4211678832116788,0.501784904103939,0.08061702089226014,"8,34,51,57,64,80,82"
NCLDV-like,355,7,0.2916511681997132,0.1254443995166336,0.8809644668683323,0.14050281679468726,0.5475391986062718,0.975,0.4274608013937282,"8,34,51,57,64,80,82"
NCLDV-like,360,7,0.4266652302183107,0.3548343610150824,0.7614953477148384,0.03700205761706774,0.4324845065946289,0.5387119908204245,0.10622748422579564,"8,34,51,57,64,80,82"
NCLDV-like,361,7,0.3906759110651855,0.4053554450830862,0.6894634583382253,0.03140380266290652,0.4128461538461538,0.5012461244932029,0.08839997064704913,"8,34,51,57,64,80,82"
NCLDV-like,362,7,0.31755710794426806,0.3207479435252849,0.5393848731649417,0.027762533987818735,0.3549373825923607,0.4373687140022264,0.0824313314098657,"8,34,51,57,64,80,82"
NCLDV-like,363,7,0.2916921201299744,0.3138710218604359,0.5902690716788075,0.029229088033312516,0.3463552361396304,0.4305388320288982,0.08418359588926783,"8,34,51,57,64,80,82"
NCLDV-like,96,7,0.3594876103285965,0.3361496084032428,0.6231100366389579,0.0212067800395563,0.2597345132743363,0.3216379310344828,0.06190341776014652,"8,34,51,57,64,80,82"
micro-like,10,3,0.017420716483105583,0.014468243885577164,0.030369616921862394,0.0034437200833259333,0.032593984962406,0.0410137120470127,0.008419727084606698,"4,10,19"
micro-like,104,3,0.3130299386127317,0.36940058615654214,0.4987753585289059,0.05294804854485236,0.3331722319859402,0.4571888412017167,0.12401660921577651,"4,10,19"
micro-like,340,3,0.3272676416719093,0.45838479294573703,0.4918407595133597,0.2798177456083025,0.11912471016893,0.7326047469120853,0.6134800367431553,"4,10,19"
micro-like,344,3,0.4562357068360597,0.49736831680080157,0.5737661629083034,0.18078633119423937,0.2502245895432485,0.6893004115226338,0.4390758219793853,"4,10,19"
micro-like,346,3,0.41660480943538253,0.40842461112369033,0.4355451488710858,0.2280054738603119,0.2092589645660938,0.7218515950069349,0.512592630440841,"4,10,19"
micro-like,355,3,0.1706435252761009,0.1560048279913285,0.2568972633432777,0.0437655249048504,0.826865267100335,0.9304806277587052,0.10361536065837018,"4,10,19"
micro-like,360,3,0.32079739487129705,0.3806500814279403,0.5142105430130046,0.0545071647406573,0.3469421306444542,0.4740534351145039,0.12711130447004965,"4,10,19"
micro-like,362,3,0.3706654936830736,0.33031594052866686,0.5717467088524206,0.062024513814365474,0.3546144380639869,0.5017347560975609,0.147120318033574,"4,10,19"
micro-like,363,3,0.3946861796869974,0.463895227064404,0.5693918263669808,0.20982112186887983,0.2690776797485041,0.7670539486512837,0.49797626890277963,"4,10,19"
picorna-like,10,11,0.05760999024561609,0.04632118294204603,0.224723195473896,0.028171179338929323,0.025395256916996,0.1218152866242038,0.0964200297072078,"3,47,52,60,63,67,77,78,79,95,96"
picorna-like,104,11,0.5113121370592998,0.5320529260570859,0.9501299617981045,0.09994941250949918,0.262885462555066,0.6008522727272727,0.3379668101722067,"3,47,52,60,63,67,77,78,79,95,96"
picorna-like,340,10,0.08911965823571255,0.09239695195518885,0.24459204200165519,0.07166830079280476,0.0789559925093632,0.2956896551724138,0.2167336626630506,"3,47,52,63,67,77,78,79,95,96"
picorna-like,344,11,0.2583822864533828,0.2285741038418848,0.5374706292222075,0.08391331492091404,0.2527475192121167,0.5476599682707562,0.29491244905863956,"3,47,52,60,63,67,77,78,79,95,96"
picorna-like,346,11,0.18138522499135626,0.13446460594786896,0.6070883571667584,0.11304755910698226,0.1896097201767304,0.5171740687679083,0.3275643485911779,"3,47,52,60,63,67,77,78,79,95,96"
picorna-like,355,11,0.2548223509822014,0.2202813822202081,0.6669976741913595,0.09032225485452466,0.664296636085627,0.9583333333333334,0.2940366972477064,"3,47,52,60,63,67,77,78,79,95,96"
picorna-like,360,11,0.4405489867308531,0.43350231627046226,0.8316952996820276,0.04764098175944536,0.4613986784140969,0.6194630872483222,0.15806440883422535,"3,47,52,60,63,67,77,78,79,95,96"
picorna-like,362,11,0.3207772032794858,0.32486867843701117,0.6772162137310143,0.054084946246235215,0.385062893081761,0.5930925360104757,0.20802964292871473,"3,47,52,60,63,67,77,78,79,95,96"
picorna-like,363,11,0.23960144376697695,0.21969146965742728,0.5253391129699827,0.13656503034415818,0.2382958801498127,0.6456440406199893,0.4073481604701765,"3,47,52,60,63,67,77,78,79,95,96"
