cluster,fold,x,y
0,HK97-like,3.751059623695462,12.87373266631922
1,HK97-like,4.40594,22.526419
2,ino-like,7.2921634,6.7619257
3,picorna-like,3.173751,15.388041
4,micro-like,2.9199495,15.7199335
5,HK97-like,5.166092,11.688614
6,Unknown,3.4988205389193228,13.5047018318381
7,HK97-like,3.880832,13.119538
8,NCLDV-like,5.04022,22.787712
9,HK97-like,4.6550417,11.351267
10,micro-like,3.9826923103562786,12.828406248451705
11,HK97-like,5.229625,10.408954
12,HK97-like,4.001574398370354,12.76848269797779
13,HK97-like,4.9024563,10.078433
14,HK97-like,-0.1842345,13.9764805
15,HK97-like,6.444317,10.380883
16,HK97-like,-1.1918525,14.602232
17,HK97-like,7.002391,9.134495
18,HK97-like,6.8671966,9.403376
19,micro-like,5.320133307412574,8.755077793145043
20,HK97-like,3.2407530881160063,13.708935823161525
21,HK97-like,3.9203024,15.610436
22,HK97-like,7.2005844,8.830647
23,HK97-like,5.9726067,9.781696
24,HK97-like,7.5903554,6.485955
25,HK97-like,7.395145,7.434621
26,HK97-like,4.604741,9.271713
27,HK97-like,8.119751,6.730928
28,HK97-like,5.0712366,10.433177
29,HK97-like,5.1622415,10.266162
30,HK97-like,4.1361094,12.795811
31,Geminiviridae-like,3.775469,15.730865
32,HK97-like,5.279867019361165,8.833282558737029
33,HK97-like,-1.2441605,15.254021
34,NCLDV-like,5.121742,22.336979
35,HK97-like,7.429993,6.8167586
36,BTV-like,3.112521,13.932595
37,HK97-like,7.970605,7.278994
38,HK97-like,5.2227626,11.252704
39,HK97-like,5.6560016,9.871262
40,HK97-like,5.734645,10.436484
41,HK97-like,6.443296,10.775544
42,HK97-like,4.9855404,11.93407
43,HK97-like,6.2361565,10.2245455
44,HK97-like,5.2647853,10.923268
45,Circoviridae-like,3.0894072,15.956179
46,HK97-like,8.299112,6.565219
47,picorna-like,4.208322,15.033875
48,HK97-like,7.7070894,7.1983647
49,HK97-like,7.581662,7.0884633
50,HK97-like,6.209988,10.906281
51,NCLDV-like,4.8576503,22.312065
52,picorna-like,3.1872272,15.009585
53,HK97-like,4.8611846,9.541137
54,HK97-like,8.038311,6.9488697
55,HK97-like,4.6635675,9.342999
56,HK97-like,-0.81460935,14.590273
57,NCLDV-like,4.6686015,22.812883
58,HK97-like,-0.5401508,14.409004
59,HK97-like,7.464914,7.438899
60,picorna-like,3.0465956204728357,14.936253784327153
61,HK97-like,-0.0021838709,13.838695
62,HK97-like,-1.1064242,14.851157
63,picorna-like,3.8355079,14.93451
64,NCLDV-like,4.8055377,22.344473
65,HK97-like,-0.58031195,14.130187
66,HK97-like,5.5572133,9.522633
67,picorna-like,3.8879876,15.00261
68,HK97-like,4.783976,10.626782
69,HK97-like,4.16797,12.460469
70,HK97-like,4.3708715,12.652635
71,HK97-like,5.255987440614497,8.879607907869602
72,HK97-like,5.522826,11.412283
73,HK97-like,5.5297694,10.5953245
74,HK97-like,-0.058257613,14.385455
75,BTV-like,3.261483830437178,13.800026577213043
76,HK97-like,0.32445046,14.210891
77,picorna-like,2.8563287,15.7664175
78,picorna-like,3.308031,15.848728
79,picorna-like,4.3105197,15.282035
80,NCLDV-like,5.159884,22.634567
81,HK97-like,-0.79281336,15.314576
82,NCLDV-like,4.5791364,22.78188
83,HK97-like,-0.7731054,15.224242
84,HK97-like,4.9034224,11.6319685
85,levi-like,2.453749,13.900297
86,HK97-like,-0.6849695,15.132231
87,HK97-like,4.8675914,11.382534
88,Unknown,3.516598849984515,13.51256008421334
89,Geminiviridae-like,2.7978687,15.896928
90,HK97-like,3.282305534509266,13.743229056109978
91,HK97-like,3.183307380421685,13.833385113746312
92,HK97-like,8.11912,7.461087
93,BTV-like,3.4532833,14.037062
94,BTV-like,3.2073150509601707,13.891811371471187
95,picorna-like,4.073701,14.847263
96,picorna-like,4.242585,14.694859
97,HK97-like,7.8409433,6.723809
98,HK97-like,-1.1035438,15.138995
