name	version	build_string	channel
_libgcc_mutex	0.1	conda_forge	conda-forge
_openmp_mutex	4.5	2_gnu	conda-forge
accelerate	1.11.0	pypi_0	pypi
aiohappyeyeballs	2.6.1	pypi_0	pypi
aiohttp	3.13.3	pypi_0	pypi
aiosignal	1.4.0	pypi_0	pypi
alsa-lib	1.2.16.1	hb03c661_0	conda-forge
anndata	0.12.7	pypi_0	pypi
annotated-types	0.7.0	pypi_0	pypi
anyio	4.11.0	pypi_0	pypi
array-api-compat	1.13.0	pypi_0	pypi
asttokens	3.0.0	pypi_0	pypi
attrs	25.4.0	pypi_0	pypi
biopython	1.86	pypi_0	pypi
biotite	1.5.0	pypi_0	pypi
biotraj	1.2.2	pypi_0	pypi
brotli	1.1.0	pypi_0	pypi
bzip2	1.0.8	hda65f42_8	conda-forge
c-ares	1.34.8	hb03c661_0	conda-forge
ca-certificates	2026.7.22	hbd8a1cb_0	conda-forge
cairo	1.18.4	h3394656_0	conda-forge
certifi	2025.10.5	pypi_0	pypi
charset-normalizer	3.4.4	pypi_0	pypi
cloudpathlib	0.23.0	pypi_0	pypi
contourpy	1.3.3	pypi_0	pypi
coreutils	9.5	hd590300_0	conda-forge
curl	8.19.0	hcf29cc6_0	conda-forge
cycler	0.12.1	pypi_0	pypi
datasets	4.5.0	pypi_0	pypi
decorator	5.2.1	pypi_0	pypi
deepspeed	0.18.4	pypi_0	pypi
dill	0.4.0	pypi_0	pypi
donfig	0.8.1.post1	pypi_0	pypi
einops	0.8.1	pypi_0	pypi
esm	3.2.1.post1	pypi_0	pypi
executing	2.2.1	pypi_0	pypi
filelock	3.20.0	pypi_0	pypi
flash-attn	2.8.3	pypi_0	pypi
font-ttf-dejavu-sans-mono	2.37	hab24e00_0	conda-forge
font-ttf-inconsolata	3.000	h77eed37_0	conda-forge
font-ttf-source-code-pro	2.038	h77eed37_0	conda-forge
font-ttf-ubuntu	0.83	h77eed37_3	conda-forge
fontconfig	2.15.0	h7e30c49_1	conda-forge
fonts-conda-ecosystem	1	0	conda-forge
fonts-conda-forge	1	hc364b38_1	conda-forge
fonttools	4.60.1	pypi_0	pypi
freetype	2.14.2	ha770c72_0	conda-forge
frozenlist	1.8.0	pypi_0	pypi
fsspec	2025.10.0	pypi_0	pypi
giflib	5.2.2	ha257d8a_1	conda-forge
google-crc32c	1.8.0	pypi_0	pypi
graphite2	1.3.15	hecca717_0	conda-forge
h11	0.16.0	pypi_0	pypi
h5py	3.15.1	pypi_0	pypi
harfbuzz	11.5.1	h15599e2_0	conda-forge
hdbscan	0.8.40	pypi_0	pypi
hf-xet	1.2.0	pypi_0	pypi
hjson	3.1.0	pypi_0	pypi
httpcore	1.0.9	pypi_0	pypi
httpx	0.28.1	pypi_0	pypi
huggingface-hub	0.36.0	pypi_0	pypi
icu	75.1	he02047a_0	conda-forge
idna	3.11	pypi_0	pypi
igraph	1.0.0	pypi_0	pypi
ipython	9.6.0	pypi_0	pypi
ipython-pygments-lexers	1.1.1	pypi_0	pypi
jedi	0.19.2	pypi_0	pypi
jinja2	3.1.6	pypi_0	pypi
joblib	1.5.2	pypi_0	pypi
keyutils	1.6.3	hb9d3cd8_0	conda-forge
kiwisolver	1.4.9	pypi_0	pypi
krb5	1.22.2	hbde042b_1	conda-forge
lcms2	2.19.1	h0c24ade_1	conda-forge
ld_impl_linux-64	2.44	h1aa0949_4	conda-forge
legacy-api-wrap	1.5	pypi_0	pypi
leidenalg	0.11.0	pypi_0	pypi
lerc	4.2.0	hdb68285_0	conda-forge
libcups	2.3.3	h7a8fb5f_6	conda-forge
libcurl	8.19.0	hcf29cc6_0	conda-forge
libdeflate	1.25	h17f619e_0	conda-forge
libedit	3.1.20250104	pl5321h7949ede_0	conda-forge
libev	4.33	hd590300_2	conda-forge
libexpat	2.7.1	hecca717_0	conda-forge
libffi	3.5.2	h9ec8514_0	conda-forge
libfreetype	2.14.2	ha770c72_0	conda-forge
libfreetype6	2.14.2	h73754d4_0	conda-forge
libgcc	15.2.0	h767d61c_7	conda-forge
libgcc-ng	15.2.0	h69a702a_7	conda-forge
libglib	2.86.4	h6548e54_1	conda-forge
libgomp	15.2.0	h767d61c_7	conda-forge
libiconv	1.18	h3b78370_2	conda-forge
libjpeg-turbo	3.2.0	hb03c661_0	conda-forge
liblzma	5.8.1	hb9d3cd8_2	conda-forge
libnghttp2	1.68.1	h877daf1_0	conda-forge
libnsl	2.0.1	hb9d3cd8_1	conda-forge
libpng	1.6.55	h421ea60_0	conda-forge
libsqlite	3.50.4	h0c1763c_0	conda-forge
libssh2	1.11.1	hcf80075_0	conda-forge
libstdcxx	15.2.0	h8f9b012_7	conda-forge
libstdcxx-ng	15.2.0	h4852527_7	conda-forge
libtiff	4.7.1	h9d88235_1	conda-forge
libuuid	2.41.2	he9a06e4_0	conda-forge
libwebp-base	1.6.0	hd42ef1d_0	conda-forge
libxcb	1.17.0	h8a09558_0	conda-forge
libxcrypt	4.4.36	hd590300_1	conda-forge
libzlib	1.3.1	hb9d3cd8_2	conda-forge
llvmlite	0.45.1	pypi_0	pypi
markupsafe	3.0.3	pypi_0	pypi
matplotlib	3.10.7	pypi_0	pypi
matplotlib-inline	0.2.1	pypi_0	pypi
ml-dtypes	0.5.3	pypi_0	pypi
mpi4py	4.1.1	pypi_0	pypi
mpmath	1.3.0	pypi_0	pypi
msgpack	1.1.2	pypi_0	pypi
msgpack-numpy	0.4.8	pypi_0	pypi
multidict	6.7.0	pypi_0	pypi
multiprocess	0.70.18	pypi_0	pypi
narwhals	2.10.2	pypi_0	pypi
natsort	8.4.0	pypi_0	pypi
ncurses	6.5	h2d0b736_3	conda-forge
networkx	3.5	pypi_0	pypi
nextflow	26.04.6	h2a3209d_0	bioconda
ninja	1.13.0	pypi_0	pypi
numba	0.62.1	pypi_0	pypi
numcodecs	0.16.5	pypi_0	pypi
numpy	2.3.4	pypi_0	pypi
nvidia-cublas-cu12	12.8.4.1	pypi_0	pypi
nvidia-cuda-cupti-cu12	12.8.90	pypi_0	pypi
nvidia-cuda-nvrtc-cu12	12.8.93	pypi_0	pypi
nvidia-cuda-runtime-cu12	12.8.90	pypi_0	pypi
nvidia-cudnn-cu12	9.10.2.21	pypi_0	pypi
nvidia-cufft-cu12	11.3.3.83	pypi_0	pypi
nvidia-cufile-cu12	1.13.1.3	pypi_0	pypi
nvidia-curand-cu12	10.3.9.90	pypi_0	pypi
nvidia-cusolver-cu12	11.7.3.90	pypi_0	pypi
nvidia-cusparse-cu12	12.5.8.93	pypi_0	pypi
nvidia-cusparselt-cu12	0.7.1	pypi_0	pypi
nvidia-nccl-cu12	2.27.5	pypi_0	pypi
nvidia-nvjitlink-cu12	12.8.93	pypi_0	pypi
nvidia-nvshmem-cu12	3.3.20	pypi_0	pypi
nvidia-nvtx-cu12	12.8.90	pypi_0	pypi
openjdk	23.0.2	h53dfc1b_2	conda-forge
openssl	3.6.3	h35e630c_0	conda-forge
packaging	25.0	pypi_0	pypi
pandas	2.3.3	pypi_0	pypi
parso	0.8.5	pypi_0	pypi
pcre2	10.47	haa7fec5_0	conda-forge
peft	0.17.1	pypi_0	pypi
pexpect	4.9.0	pypi_0	pypi
pillow	12.0.0	pypi_0	pypi
pip	25.2	pyh8b19718_0	conda-forge
pixman	0.46.4	h54a6638_2	conda-forge
plotly	6.4.0	pypi_0	pypi
prompt-toolkit	3.0.52	pypi_0	pypi
propcache	0.4.1	pypi_0	pypi
psutil	7.1.3	pypi_0	pypi
pthread-stubs	0.4	hb9d3cd8_1002	conda-forge
ptyprocess	0.7.0	pypi_0	pypi
pure-eval	0.2.3	pypi_0	pypi
py-cpuinfo	9.0.0	pypi_0	pypi
pyarrow	23.0.0	pypi_0	pypi
pydantic	2.12.5	pypi_0	pypi
pydantic-core	2.41.5	pypi_0	pypi
pygments	2.19.2	pypi_0	pypi
pynndescent	0.5.13	pypi_0	pypi
pyparsing	3.2.5	pypi_0	pypi
python	3.11.14	hd63d673_2_cpython	conda-forge
python-dateutil	2.9.0.post0	pypi_0	pypi
pytz	2025.2	pypi_0	pypi
pyyaml	6.0.3	pypi_0	pypi
readline	8.2	h8c095d6_2	conda-forge
regex	2025.10.23	pypi_0	pypi
requests	2.32.5	pypi_0	pypi
safetensors	0.6.2	pypi_0	pypi
scikit-learn	1.7.2	pypi_0	pypi
scipy	1.16.3	pypi_0	pypi
seaborn	0.13.2	pypi_0	pypi
setuptools	80.9.0	pyhff2d567_0	conda-forge
six	1.17.0	pypi_0	pypi
sniffio	1.3.1	pypi_0	pypi
stack-data	0.6.3	pypi_0	pypi
sympy	1.14.0	pypi_0	pypi
tabulate	0.9.0	pypi_0	pypi
tenacity	9.1.2	pypi_0	pypi
texttable	1.7.0	pypi_0	pypi
threadpoolctl	3.6.0	pypi_0	pypi
tk	8.6.13	noxft_hd72426e_102	conda-forge
tokenizers	0.21.4	pypi_0	pypi
torch	2.9.0	pypi_0	pypi
torchtext	0.18.0	pypi_0	pypi
torchvision	0.24.0	pypi_0	pypi
tqdm	4.67.1	pypi_0	pypi
traitlets	5.14.3	pypi_0	pypi
transformers	4.48.1	pypi_0	pypi
triton	3.5.0	pypi_0	pypi
typing-extensions	4.15.0	pypi_0	pypi
typing-inspection	0.4.2	pypi_0	pypi
tzdata	2025.2	pypi_0	pypi
umap-learn	0.5.9.post2	pypi_0	pypi
urllib3	2.5.0	pypi_0	pypi
wcwidth	0.2.14	pypi_0	pypi
wheel	0.45.1	pyhd8ed1ab_1	conda-forge
xorg-libice	1.1.2	hb9d3cd8_0	conda-forge
xorg-libsm	1.2.6	he73a12e_0	conda-forge
xorg-libx11	1.8.13	he1eb515_0	conda-forge
xorg-libxau	1.0.12	hb03c661_1	conda-forge
xorg-libxdmcp	1.1.5	hb03c661_1	conda-forge
xorg-libxext	1.3.7	hb03c661_0	conda-forge
xorg-libxfixes	6.0.2	hb03c661_0	conda-forge
xorg-libxi	1.8.3	hb03c661_0	conda-forge
xorg-libxrandr	1.5.5	hb03c661_0	conda-forge
xorg-libxrender	0.9.12	hb9d3cd8_0	conda-forge
xorg-libxt	1.3.1	hb9d3cd8_0	conda-forge
xorg-libxtst	1.2.5	hb9d3cd8_3	conda-forge
xxhash	3.6.0	pypi_0	pypi
yarl	1.22.0	pypi_0	pypi
zarr	3.1.5	pypi_0	pypi
zstd	1.5.7.2	pypi_0	pypi
