cluster,0,1,5,7,9,11,12,13,14,15,16,17,18,20,21,22,23,24,25,26,27,28,29,30,32,33,35,37,38,39,40,41,42,43,44,46,48,49,50,53,54,55,56,58,59,61,62,65,66,68,69,70,71,72,73,74,76,81,83,84,86,87,90,91,92,97,98
0,0.9999999999999899,0.01879132244496722,0.0021307507673855885,0.005949706271695303,0.0017953761507950225,0.0009505125133990552,0.001185709450572573,0.009209418858121638,0.00084450997371069,0.01546800410310243,0.026105521121247158,0.0008086483868276238,0.0005689370411845568,0.33734059004515066,0.0011355183816728891,0.008516703044176725,0.005966628506995358,0.003924118319771415,0.016134264434930098,0.004093469797734335,0.0014794386466702458,0.0022417136200947366,0.0006321976901800653,0.00011666385292299957,0.0007795039714934265,0.00893234452649636,0.0013536634817123887,7.102156885263806e-05,0.0030848693706173108,0.0045942160775886845,0.00018215732556701907,0.001502573211204742,0.00937552649743575,0.0012149029415988587,0.004040002996170058,0.0007664879259574069,0.0028094342749488523,0.0007096591344252288,0.00012989781146895393,0.010532811983561699,0.0011261717381619968,0.011748672001054658,0.004261514448615723,0.006682740401410646,0.001963868106594742,0.04282736281696484,0.005863097844766738,0.008631133716087376,0.0026656489588012893,0.00035696342514341257,9.718397924910267e-05,9.247229229312157e-05,0.0005116281820861476,0.0004995997712137762,0.0009719681105250859,0.06663574941970157,0.10352282087093537,0.012399894283303453,0.007710752486329802,0.00012637062603895513,0.004162973823698586,0.00021928220981344147,0.013959908559448564,0.010820181973720134,0.00015916318627839232,0.0009075614500682044,0.006700608276598201
1,0.01879132244496722,0.999999999999975,4.949830581679869e-05,0.001005983558712313,4.775600801212593e-05,0.00024633174952848726,0.00036913088007509793,0.00021843385585465188,5.0432472928260214e-05,0.00032721965346465843,0.0005077425429334883,7.556424312534159e-05,1.5137478692859825e-05,0.007743126925096215,9.355195582722412e-05,0.000203146915464467,0.0001692561139483195,7.948948225234081e-05,0.00033945876187887374,0.00011074265006776076,4.927593395418231e-05,4.999589416156487e-05,0.00023401133726612337,7.23345786448014e-06,0.00013507795284717198,0.0001823157453563405,3.432126942318889e-05,7.500994485316807e-06,6.468052974280747e-05,0.00010271300002788169,8.507137029044566e-06,3.498949454500762e-05,0.0001867088476687598,3.47055076626786e-05,9.522929820641414e-05,3.3744487682973175e-05,6.868184910350288e-05,2.0198653440524192e-05,1.2875778960475158e-05,0.000248231184716396,2.7106705508768344e-05,0.0002620735409052899,9.471555578170483e-05,0.00017238791751823882,5.5602281482743486e-05,0.0008145591000112333,0.00011496598479772775,0.000167023020358877,7.801736795529942e-05,3.6495996877028884e-05,6.046317369553324e-06,5.668784757760799e-06,0.00010528645139762038,2.0557760485215484e-05,2.7041059670651125e-05,0.0012848774518225985,0.0019806620403052047,0.00024070661935629323,0.00015321633127277613,5.962101625464344e-06,8.624581629362597e-05,1.703023134590336e-05,0.0016099768442035083,0.00167845475615204,1.8807015025907576e-05,2.4382463404126522e-05,0.00014121247026186384
5,0.0021307507673855885,4.949830581679869e-05,1.0000000000000193,0.17045032193180348,0.3836785079344369,0.23817846766913178,0.00040171543395552605,0.3107062312135197,0.07560634403781048,0.26791051488326395,0.03592749634772521,0.05292662770939039,0.06443484631837017,0.003866145778717101,0.00036916754356650273,0.06117058275745371,0.30455337666867643,0.016371703705552042,0.023689476363578297,0.20978173991086801,0.022816066383371057,0.3027261525496968,0.21749664984911457,0.08656275500669863,0.0003081903864051633,0.03690176930651145,0.023894708141378077,0.022911349299812044,0.9848633222509664,0.27719511456901713,0.3323433090467851,0.14396376179007567,0.38183675674688244,0.2665970230361164,0.3530091442453168,0.022277397207431812,0.027778012276243894,0.026638307893367033,0.19998379327818586,0.258757017840722,0.023461375746159842,0.24617818832119845,0.04648721791490732,0.045059449232252094,0.019928494261601738,0.04622694882689789,0.038925050378491616,0.050399247310742155,0.26711598826986677,0.2958107112263084,0.06299147762231616,0.06516885045044744,0.00022086522302630705,0.37969588563361034,0.31982157547692575,0.04574111787332502,0.04674481302556922,0.03917417381419787,0.03853909313199739,0.3917614534574044,0.034276949763094686,0.3876164566697104,0.003589602906560323,0.004552244809133139,0.02336089908803708,0.02669283937444296,0.03634374809299972
7,0.005949706271695303,0.001005983558712313,0.17045032193180348,0.9999999999999697,0.3495831637928371,0.2860705715500491,0.050142417479803664,0.32132696761094703,0.06650525221704268,0.2544410757395505,0.049329988406812256,0.04768152393986259,0.05116317769594609,0.43641245870872986,0.030358578668489775,0.045707858044587026,0.3150543438785089,0.017392787815310673,0.03685834926454842,0.21751669586273858,0.037200983177385766,0.3053364342295145,0.23433266785155465,0.7872652578280027,0.03665899066548167,0.053970620819699194,0.02807238169830216,0.025677097031415443,0.1361740907205915,0.2804637904939615,0.2943587423410675,0.15718332998159573,0.3504762189775855,0.23692260095650797,0.3275645764157918,0.03747641149364028,0.03648096703683611,0.029981125766412747,0.21375960541858735,0.2643564686816457,0.029186114075254257,0.2502775568502087,0.062281006856245796,0.06921194392167743,0.03360032642285894,0.07454880421635128,0.05377476365872257,0.06625109159218973,0.29811550681601434,0.29092786732476367,0.6834488397525853,0.7552103991042153,0.02675926215051466,0.3373447378948791,0.28364753096094275,0.08210551930011199,0.07586309471555114,0.053483278529284216,0.05275268352583427,0.3575424327945453,0.048808516805725156,0.35214597328375596,0.5303047049313001,0.5344676962211131,0.03229537502598636,0.03526186621903107,0.05156456966566382
9,0.0017953761507950225,4.775600801212593e-05,0.3836785079344369,0.3495831637928371,0.9999999999999977,0.46011767027642136,0.00041639425929654013,0.8858922833020929,0.15965285339758492,0.7701661456161968,0.07094371794999178,0.12096235991736726,0.15397120596154784,0.003395414783369522,0.0004716343265066709,0.1074046192732294,0.829819749643171,0.029163079021740018,0.05091397489913257,0.6591369443738366,0.05029253502497585,0.9063079343354993,0.7947543767933086,0.1556472436734201,0.0003199309929407546,0.07412700780801518,0.04689607597824394,0.042799368048203855,0.3087399656074246,0.866383641114592,0.9369486889371992,0.42944676926503716,0.9575242566718865,0.7600793778360222,0.9581180563438779,0.05167263167054435,0.05822711816572068,0.05078737354793672,0.5573403512602875,0.7498664242768626,0.04715236648055563,0.7618263147595485,0.09169394213708004,0.09020556729404375,0.04717584116428426,0.09210722503824058,0.07682220492591234,0.09914942779075103,0.8486518888889996,0.8752273550299257,0.11449025056045553,0.1211193108521675,0.00021500104629546495,0.969907993607109,0.9168084622105366,0.09056394040759465,0.09171365782103116,0.07986987954403289,0.07638278199807466,0.9809328534433179,0.0690945478009762,0.9834599305589535,0.003404078892115703,0.005956405337596392,0.050434953514638926,0.0608899900269427,0.07233780621344525
11,0.0009505125133990552,0.00024633174952848726,0.23817846766913178,0.2860705715500491,0.46011767027642136,0.9999999999999963,0.008620826448418209,0.5027074397920879,0.2817052156969715,0.31987768268665895,0.16508382002497496,0.20175808271254236,0.17886943061112998,0.05935431939894371,0.005246725916471852,0.20886785179766887,0.47387757894700183,0.18500034961866524,0.27005548339605767,0.38611213205666195,0.2295289175117665,0.5577455543214087,0.3792663242333335,0.12807351874837303,0.005815106059601016,0.16570362525290566,0.31955391232161007,0.3745132226078546,0.21332561054036764,0.515861805196728,0.4486198424729943,0.1994966612714653,0.4672610828694376,0.32075295741338977,0.5145916082114683,0.18633860514476625,0.35570790405998726,0.34314190515862264,0.29021559177719447,0.42572678208339326,0.32356112450008556,0.43725510750044916,0.18272288061740682,0.19409926426235646,0.3143972552035457,0.19010456400008885,0.15094466379847302,0.1964448825258623,0.4864277172197359,0.5458409791285234,0.08463944490701987,0.10819020965804628,0.004189410111090027,0.49209118011748537,0.4988269668394801,0.19349186677474234,0.18610676913299926,0.1594731922078699,0.15159115107294888,0.48564704344885207,0.1563726930092072,0.501636774338359,0.07213237762097954,0.07699439491452066,0.35601969625773106,0.3328441011078487,0.17289014565069696
12,0.001185709450572573,0.00036913088007509793,0.00040171543395552605,0.050142417479803664,0.00041639425929654013,0.008620826448418209,0.9999999999999974,0.0017713937155640492,0.0013277263956721483,0.0023761723550252195,0.0033070494390650953,0.001408399749929574,0.0002764956670527742,0.09189471725976034,0.013700435166086997,0.001659788536383187,0.0032749874734204227,0.0001589915456438813,0.0014676730830531501,0.0023089117511425907,0.0010034506692285037,0.0004382899008833972,0.0006106125473558957,0.00033034120012104826,0.014974154013516686,0.00390753513647634,0.00025020020252776724,0.0002088471937148718,0.0001913227997620901,0.0005753626410066185,0.0003815689255296826,0.0023124664344097877,0.0003060915541422953,0.0007062581214647201,0.0005664842202140774,0.0009543436935851021,0.0006766597228109704,0.00028190062425757615,0.000572328349622669,0.0029465759477558286,0.00018783394448182957,0.002352289490674635,0.004256021251414327,0.00571942919748914,0.001074498818767784,0.006220223094776282,0.003774561243836031,0.00428166771276627,0.0017103941640190285,0.001667602700029259,0.0001464014607328213,0.0002451820134044581,0.0107358790631952,0.0005302654777098404,0.0005597573224633142,0.008072825206419788,0.006573380716038004,0.0033198032826784497,0.0035241229393967576,0.0002567628403362678,0.003220027742096621,0.0003647819998820202,0.09740753556917064,0.1070455870681966,0.0007876002984403927,0.00013479083180493434,0.003742585704119018
13,0.009209418858121638,0.00021843385585465188,0.3107062312135197,0.32132696761094703,0.8858922833020929,0.5027074397920879,0.0017713937155640492,0.9999999999999908,0.16053678457697756,0.7652182479992302,0.06602349851807944,0.13769230240678193,0.17299106176382315,0.019396227437397145,0.003116556044609962,0.11295762763350027,0.864357169635484,0.030236915000750816,0.20924319651936374,0.8273629398627987,0.05252299285884475,0.9302310935029885,0.8478221451098609,0.13969026432867487,0.001953340345588617,0.07229310786763601,0.05263347341887949,0.041037702323378764,0.2636834611259054,0.8808653621250129,0.894502996259463,0.46898950963876546,0.8824053555782652,0.769095707991369,0.9366895772147215,0.05367115916759514,0.08621578434567252,0.05481860681367499,0.5949839889803862,0.930580524293593,0.05766296091001245,0.9061626192319907,0.08777739712964631,0.09128587141389279,0.19083716129816905,0.08909051894232903,0.06583616963654884,0.09287653915011893,0.8737112008483776,0.9136881721172421,0.09679226790056457,0.10957189781985462,0.0013557685398187889,0.919988806344727,0.89176597833143,0.08182033648261065,0.07920970275089997,0.08096226284875405,0.07369946094901163,0.8907653573637847,0.06832008313110431,0.9062438698189571,0.017733917353675306,0.021759549033648726,0.06328299852699114,0.07008101893342812,0.0688671993939321
14,0.00084450997371069,5.0432472928260214e-05,0.07560634403781048,0.06650525221704268,0.15965285339758492,0.2817052156969715,0.0013277263956721483,0.16053678457697756,0.9999999999999544,0.1703908470044279,0.6389898838534966,0.12731293371331381,0.13020302388137006,0.009514148150161394,0.0010241203636163782,0.12432300815371894,0.17779562209864117,0.01749286294387921,0.029391093342501465,0.1240630613209887,0.03980474919038305,0.19028796554228325,0.13030104165115416,0.022934915988457268,0.0011164414574691812,0.5832067212429134,0.030383116922067042,0.025583187077607546,0.0692096586958919,0.16226619096789832,0.18620511867288597,0.14178672300316614,0.14238831719862763,0.17272873792158916,0.17842909521638298,0.038154880787549035,0.04447855595197415,0.03221557703356933,0.14644961224250008,0.15101430449745257,0.031620390827851313,0.14554203401080743,0.6389145770008979,0.6983541317186178,0.030106822114216863,0.7167800237980717,0.5963992145583383,0.7092447320938622,0.1347112088619038,0.20156300029036817,0.014778277761012832,0.019264037820089428,0.0008038425325694031,0.17828583467088926,0.18890186760172517,0.7014939145521039,0.7099840917917204,0.552052761484754,0.5792579503997393,0.14852017709984694,0.5899145544453689,0.14977212477417168,0.010796226563101325,0.01301392421039099,0.03511059042731198,0.036716811014310305,0.623062853009281
15,0.01546800410310243,0.00032721965346465843,0.26791051488326395,0.2544410757395505,0.7701661456161968,0.31987768268665895,0.0023761723550252195,0.7652182479992302,0.1703908470044279,1.0000000000000013,0.19239523913463707,0.23893725215990197,0.3216926220384594,0.020340165655029416,0.001147621036704162,0.16757962706462826,0.8586250997583588,0.019958149166930533,0.03454319929514208,0.5582234410830357,0.03599837424064529,0.797227390270347,0.6981836186002958,0.09088433471682607,0.0013535549826547133,0.20211640590248858,0.03248798071400909,0.028560690772613247,0.2579301709537879,0.7680013228826909,0.8707234513076211,0.5713125445648592,0.7110682547645903,0.9732534028634797,0.8470804738787484,0.037644576729392365,0.04550646765897798,0.034701576631276015,0.636378467113096,0.6992345707751978,0.033070629151410666,0.6548245832962521,0.20650981057031234,0.19827036056903993,0.033328813506480676,0.17571257797154208,0.20217928074133978,0.19743041601089298,0.7162466508708524,0.7415629744898484,0.06499806629938921,0.07288106062344583,0.000949788301951116,0.8197511300881677,0.8081010534955669,0.16878216617563793,0.17226873101075996,0.21249899708649367,0.20596304753331557,0.7345299247877971,0.20008193506384395,0.7538203360411592,0.018473423539887516,0.024172597457707327,0.04240941652052411,0.041698864714021525,0.19603151106368064
16,0.026105521121247158,0.0005077425429334883,0.03592749634772521,0.049329988406812256,0.07094371794999178,0.16508382002497496,0.0033070494390650953,0.06602349851807944,0.6389898838534966,0.19239523913463707,0.9999999999999989,0.073991194382145,0.06366531554843761,0.031205166446317333,0.0006958129770829974,0.07882211538359415,0.06965448473946693,0.00859265278423758,0.013439408253011676,0.05628499132610923,0.011110109930079298,0.08189972403934997,0.05212591944618044,0.013432103251670236,0.0010411643765717282,0.9895109122460252,0.01531489548966381,0.013250009971497506,0.030684147558682224,0.07200076173497277,0.0776037378533509,0.03798472397270628,0.06196265078033686,0.05460637784732263,0.07412078592908311,0.009877951770600765,0.026836201437254945,0.016432197158563405,0.0506987378751213,0.06160684346179194,0.015828430782936952,0.06467312809995583,0.9940596783180677,0.9884717936350988,0.013167229970957777,0.9293957693039632,0.991664283984038,0.9862683899431313,0.05910244078428379,0.09207944720477627,0.008045171909503088,0.010543148255361878,0.0005165279815761736,0.07522378315699535,0.08370299832202684,0.9131457744404778,0.9229221845742996,0.9843713857861914,0.9881760508636148,0.06518550641985929,0.9830277676419409,0.06536976023988895,0.028382312587763414,0.04402058373030356,0.01905879341503395,0.017997601903326062,0.9684394137844018
17,0.0008086483868276238,7.556424312534159e-05,0.05292662770939039,0.04768152393986259,0.12096235991736726,0.20175808271254236,0.001408399749929574,0.13769230240678193,0.12731293371331381,0.23893725215990197,0.073991194382145,0.9999999999999859,0.9834568209526903,0.008204719159233792,0.0007724441733556948,0.987844329369936,0.19934805692060031,0.17433936048922188,0.13545252356391999,0.09413505758573042,0.11296056736564508,0.15060944822214595,0.11544273749799353,0.007555233939397913,0.0010850731763793248,0.06294260442487545,0.19283387129211,0.16744776081693571,0.0571255101592731,0.12427366556633015,0.171153568748165,0.1663967818401223,0.10571095410658739,0.24372287224396516,0.15414334948660965,0.10702193952848504,0.16232779517589,0.19918875537253372,0.16969818676349865,0.13849555931312876,0.18533781135732555,0.11187624583169907,0.06739781285800373,0.06969316817315198,0.1331356127032018,0.06098716197568189,0.05114960101901064,0.07024886126193096,0.1026653320026925,0.13642106413827104,0.005041780724010551,0.006636456225278511,0.0008255739691023094,0.14777328976691798,0.1455016649622377,0.0829852164552912,0.06671631849726428,0.05420018245289497,0.0491763379222293,0.11083212555936654,0.05911896054779148,0.11369484149430337,0.00861533625369831,0.011268631454282524,0.18282225848363665,0.20064307648455068,0.05971087812919718
18,0.0005689370411845568,1.5137478692859825e-05,0.06443484631837017,0.05116317769594609,0.15397120596154784,0.17886943061112998,0.0002764956670527742,0.17299106176382315,0.13020302388137006,0.3216926220384594,0.06366531554843761,0.9834568209526903,1.0000000000000187,0.0019649505252172087,0.0001570869014053048,0.964022104052631,0.2544326699480857,0.16331168568273013,0.11221796282132103,0.10938568127489683,0.09102111836400686,0.19260140847506915,0.14967594556916378,0.007879804574871698,0.00014881437709180655,0.054669653490347546,0.1767097444028492,0.14275375905351373,0.07281534113184604,0.15995816104887262,0.22196221355539617,0.21812270087113855,0.13553313655373844,0.32959289702328826,0.20058930893546362,0.08957379733210226,0.14525268989937934,0.17502068104512802,0.22540345873770884,0.1701326791813708,0.16614224520484297,0.13368810456609057,0.059700125466704626,0.06212835093126883,0.10724022222642923,0.05354581326799944,0.04441990363457586,0.06243148707776268,0.13230704556869327,0.17278796509183872,0.0052586879395246896,0.007028128122001111,0.00010082878629198049,0.19181423297483832,0.18715238776636903,0.07070156522584692,0.05745725242300835,0.0479922333656152,0.043322470222850996,0.14143476092680496,0.05139803663002799,0.14555361338831457,0.0022271690166056632,0.0031740145489416675,0.15911211102887196,0.1883151765406599,0.051864418886773414
20,0.33734059004515066,0.007743126925096215,0.003866145778717101,0.43641245870872986,0.003395414783369522,0.05935431939894371,0.09189471725976034,0.019396227437397145,0.009514148150161394,0.020340165655029416,0.031205166446317333,0.008204719159233792,0.0019649505252172087,0.999999999999996,0.05005799099112846,0.01389302012259704,0.024353413821534678,0.0023783307897408926,0.017859660633182194,0.02019626296982206,0.013377028147542032,0.003925568045977493,0.004727666309258584,0.0024861263130199177,0.05884584339224036,0.028889560529424447,0.0021648993479896758,0.001454827222410425,0.0025375662585370123,0.004866384349179115,0.002332236685906443,0.01292947792590781,0.005396364563643274,0.005010805665079597,0.005549716058778987,0.013146951623589753,0.005782876011543042,0.0019091372189563173,0.004292604925829902,0.027535339255757914,0.0019197466738914955,0.02354505287687164,0.02993184972370491,0.03994281013171387,0.009683315337673866,0.05476521549024466,0.026156466563294078,0.03226474740366618,0.004918531936953304,0.01215665732670506,0.001000783472670441,0.0014313911200192137,0.04304696618953567,0.0036513310337581814,0.003859217699942485,0.07382316455990899,0.07746341815389007,0.026135637896762924,0.026494127912132723,0.0017569898348464724,0.02318940978194006,0.0027627033940066164,0.8085645351218211,0.7842559883318849,0.005749581788578353,0.0011485019377759564,0.026145278067134677
21,0.0011355183816728891,9.355195582722412e-05,0.00036916754356650273,0.030358578668489775,0.0004716343265066709,0.005246725916471852,0.013700435166086997,0.003116556044609962,0.0010241203636163782,0.001147621036704162,0.0006958129770829974,0.0007724441733556948,0.0001570869014053048,0.05005799099112846,1.0000000000000007,0.000978786716526149,0.002080829648641636,9.385936398110086e-05,0.004150171623206657,0.00731484209191199,0.0025671111550240665,0.0004300461316473994,0.0006733175063263846,0.00031401733219431105,0.9115276823862553,0.0009824638713377837,0.0001729015621726784,0.00012119653508020831,0.0001521356772787468,0.00047860164665793943,0.0004309649134822369,0.008916222205074627,0.0003240973269138982,0.0005645350865096809,0.0005986668683040215,0.00277749271688858,0.00044735808760396333,0.0001857415081535875,0.00048197027458811556,0.008703196750685212,0.0001442145766694892,0.007785042300400847,0.0009385666104686066,0.001786146850979707,0.003673296518749018,0.0013657610174057303,0.0006365601191590431,0.0007687018704452258,0.0004543513342177386,0.0010456116002751047,0.00021106796081867856,0.00048500193527343095,0.8876516834473377,0.0005237370711261986,0.0005306329632785787,0.001434132251412777,0.001346143266836926,0.0005586049147227066,0.00073689114993381,0.0003926516181492717,0.0007299906331552136,0.0003899947242282865,0.05810445118415284,0.05176026510016621,0.00041581399782123976,9.746311609724069e-05,0.0008267740426674056
22,0.008516703044176725,0.000203146915464467,0.06117058275745371,0.045707858044587026,0.1074046192732294,0.20886785179766887,0.001659788536383187,0.11295762763350027,0.12432300815371894,0.16757962706462826,0.07882211538359415,0.987844329369936,0.964022104052631,0.01389302012259704,0.000978786716526149,0.9999999999999899,0.1639988723934359,0.19053601283664495,0.1428214584611516,0.0819085321769684,0.1284745366134142,0.12940857251414445,0.09462718504184385,0.009304301817093226,0.0011880776085228268,0.0696004034757217,0.21042020174755574,0.1824321469660332,0.05383794050308118,0.1076654193951961,0.14040748410073461,0.12692284440698992,0.09208215277684827,0.16996366708784974,0.12676366300853287,0.12261886725541009,0.17606862094484438,0.2171059339781148,0.12591804630332795,0.11105964127792423,0.20193893492982296,0.09995896542835933,0.07632266785008307,0.07749006073150735,0.14032532851230514,0.07161442950305132,0.05937457110684882,0.07991209181581783,0.08888508764630239,0.124628937311062,0.006155525597813191,0.00789703786058117,0.0008693630157674396,0.12325215834344766,0.12651265115584362,0.09079186190753856,0.07676116391583672,0.06269913154689641,0.058073543183683435,0.09686012495454639,0.0654380597532456,0.09911512172814169,0.012832709842558002,0.01574724353008225,0.19636717532936315,0.21870886941696013,0.0664370848889554
23,0.005966628506995358,0.0001692561139483195,0.30455337666867643,0.3150543438785089,0.829819749643171,0.47387757894700183,0.0032749874734204227,0.864357169635484,0.17779562209864117,0.8586250997583588,0.06965448473946693,0.19934805692060031,0.2544326699480857,0.024353413821534678,0.002080829648641636,0.1639988723934359,0.99999999999996,0.0382753484584296,0.04750871479962985,0.6781800482591521,0.0946524785401567,0.8845217010527038,0.7891758699796748,0.13646560662331064,0.002234230723412815,0.07125432773453472,0.05676451202629852,0.05061986010528974,0.276190807220578,0.9334645222665184,0.9053073125989197,0.5069110860727101,0.7555871448826461,0.853569676207236,0.9129671788801694,0.10291250725932115,0.06917779789728881,0.059849517197475464,0.5586831224295546,0.7796970528792132,0.05696502572022905,0.7999529907166304,0.08888244856512756,0.08772846622244634,0.04638356578414985,0.08951325562952495,0.07285138491787382,0.09538520476061306,0.9280233718216376,0.8279461244810219,0.09710170298502174,0.11173170257507509,0.001614695393105573,0.8595144732130869,0.8701781711857602,0.08760914540135561,0.08870463403900965,0.07614015506324584,0.07345765205816622,0.7862245208576641,0.06706180432130635,0.8217254707592487,0.026964357464495367,0.030974515943213793,0.0612892315898163,0.06321311302429039,0.06945422830698604
24,0.003924118319771415,7.948948225234081e-05,0.016371703705552042,0.017392787815310673,0.029163079021740018,0.18500034961866524,0.0001589915456438813,0.030236915000750816,0.01749286294387921,0.019958149166930533,0.00859265278423758,0.17433936048922188,0.16331168568273013,0.0023783307897408926,9.385936398110086e-05,0.19053601283664495,0.0382753484584296,1.000000000000002,0.4345960140132772,0.023522638741465877,0.4698289591791007,0.039674368228182134,0.02614979399125032,0.006121810198270069,0.00010100226122526992,0.009341011228650251,0.7315608450840883,0.5890987822585054,0.014603564426300788,0.027817864392930252,0.030881375242130235,0.01838509853501011,0.026464360471806815,0.02022447245237888,0.03152853856173937,0.47566576017120993,0.6554339721056401,0.7222877482576491,0.018293940225606,0.02668293249247517,0.703493120545253,0.026600553385317038,0.01107672135549873,0.01476265655563026,0.4149867190633987,0.0116348114196627,0.009022522312887221,0.0119683039069633,0.021790920533249974,0.03462813427690301,0.004180103627033122,0.005494159072597218,6.033750010957628e-05,0.030499149881763842,0.03305376853905231,0.0115167078614561,0.011185780648641013,0.01022360455362306,0.00939424355591521,0.030391343744299214,0.00857173037269573,0.03012357315935058,0.0012782123131230133,0.0018732410009130243,0.6009307698015133,0.7385579669654103,0.008999635862813262
25,0.016134264434930098,0.00033945876187887374,0.023689476363578297,0.03685834926454842,0.05091397489913257,0.27005548339605767,0.0014676730830531501,0.20924319651936374,0.029391093342501465,0.03454319929514208,0.013439408253011676,0.13545252356391999,0.11221796282132103,0.017859660633182194,0.004150171623206657,0.1428214584611516,0.04750871479962985,0.4345960140132772,0.9999999999999873,0.35327660420463775,0.5405105390468439,0.0781421282412411,0.05237329586265628,0.01220885748334105,0.002091610253131467,0.015672935925987806,0.6126753241525408,0.5995119567138331,0.019630600526731917,0.04110504054673248,0.04505762870566734,0.04879512310080877,0.04578425700491316,0.029998892607440014,0.05156164740637337,0.5099271443551409,0.6524780105334285,0.6142237375987819,0.040953281836070395,0.326408778618455,0.6002254837371598,0.28322568605446724,0.017547994134438062,0.02130728722009447,0.976349372499731,0.01857048705609487,0.01447420574211538,0.019187083085043712,0.029707047728548423,0.057079822845942055,0.007859733250599427,0.009159600936138625,0.0014086467548864042,0.0480415346277056,0.04933534716931623,0.023972532031334683,0.018062483968228432,0.01734796378830748,0.015219674570638232,0.05567300680084263,0.013877783522054668,0.051427485919110644,0.012826700920378012,0.01541678728180777,0.6804297131252903,0.6182565095562206,0.015279994039763357
26,0.004093469797734335,0.00011074265006776076,0.20978173991086801,0.21751669586273858,0.6591369443738366,0.38611213205666195,0.0023089117511425907,0.8273629398627987,0.1240630613209887,0.5582234410830357,0.05628499132610923,0.09413505758573042,0.10938568127489683,0.02019626296982206,0.00731484209191199,0.0819085321769684,0.6781800482591521,0.023522638741465877,0.35327660420463775,0.9999999999999966,0.04950455101201362,0.6905430214524841,0.5863197539567376,0.10132408226734692,0.003417989704969974,0.05823102917159019,0.037400624463086486,0.03359616063989187,0.17971759901447462,0.7463146943719541,0.689068230095233,0.31933776945272624,0.6089258334625275,0.5527143027969077,0.6960256927938009,0.0506650552392938,0.04900826971225215,0.04118891754931023,0.36347023434922554,0.9235070829979269,0.03775659210204784,0.936740819005076,0.07230462989101996,0.07126734369848015,0.2974897021995156,0.07295998338729891,0.05988120173830959,0.07780732202153094,0.7247787117103444,0.6754922319474506,0.0691174557589536,0.08171542102929466,0.002301948351214751,0.6526959551069201,0.7047116057436327,0.07701720465806976,0.07237912658486508,0.06250190107126645,0.06031734724051702,0.6311371719877593,0.05440515734134468,0.6612670997535208,0.019609200196535902,0.02522432522346176,0.03912148060979808,0.04396055689051518,0.056767798449230994
27,0.0014794386466702458,4.927593395418231e-05,0.022816066383371057,0.037200983177385766,0.05029253502497585,0.2295289175117665,0.0010034506692285037,0.05252299285884475,0.03980474919038305,0.03599837424064529,0.011110109930079298,0.11296056736564508,0.09102111836400686,0.013377028147542032,0.0025671111550240665,0.1284745366134142,0.0946524785401567,0.4698289591791007,0.5405105390468439,0.04950455101201362,0.9999999999999921,0.05987554286530903,0.03842873706894522,0.010910409980631563,0.0032298154784511997,0.011845821389555108,0.6649767974878922,0.6290072524795224,0.018719052827619084,0.055809627387983556,0.047588657413028854,0.39049290985862195,0.03704365962876982,0.03230913629247318,0.051596058353934646,0.98827261814503,0.70828501421638,0.6841368938488308,0.025460721676746855,0.05008894109678411,0.655295038147306,0.05449266081224097,0.01681714222338568,0.01608124650922411,0.5596388657657797,0.014657191195669545,0.012268937097746825,0.01608004491577662,0.05190523014565121,0.049361406466171036,0.007499160319340632,0.01007779724372445,0.002168246410483005,0.04394073086365855,0.050332869901343,0.016358577262814675,0.014570825901235733,0.01270211573843821,0.011886228880605235,0.0440253161364629,0.010821723353161249,0.045627954446139714,0.014920861074111407,0.01824307226477938,0.6691828394462068,0.6460884913619804,0.011592285443030946
28,0.0022417136200947366,4.999589416156487e-05,0.3027261525496968,0.3053364342295145,0.9063079343354993,0.5577455543214087,0.0004382899008833972,0.9302310935029885,0.19028796554228325,0.797227390270347,0.08189972403934997,0.15060944822214595,0.19260140847506915,0.003925568045977493,0.0004300461316473994,0.12940857251414445,0.8845217010527038,0.039674368228182134,0.0781421282412411,0.6905430214524841,0.05987554286530903,0.9999999999999998,0.8920322445932871,0.13088903226541193,0.0003117601057979906,0.09014690029054952,0.0668139047299479,0.05479357722395046,0.2641387702438475,0.9251237050947113,0.9354569069921544,0.4782161086005112,0.8737027269301314,0.7985858433057214,0.9659747257624134,0.06109124920467994,0.09896350257104222,0.06981827297793537,0.6027683968680339,0.7888292379961148,0.07136182026544978,0.8006558914789523,0.10858885078798707,0.11210225805425757,0.08341708339485412,0.10987212766885142,0.08471958678292917,0.11613092300414794,0.8870024400480367,0.9534078823266363,0.09052740711570482,0.10672401526458729,0.000209008253270359,0.9334818852552361,0.9446725608028319,0.10062222924478434,0.09995245749909358,0.10040543209943929,0.09165756290117177,0.9023295586499529,0.08420461216028909,0.9181676477469143,0.003807618785354655,0.006804424129012481,0.07882445811081507,0.09580849095147058,0.08656593291506595
29,0.0006321976901800653,0.00023401133726612337,0.21749664984911457,0.23433266785155465,0.7947543767933086,0.3792663242333335,0.0006106125473558957,0.8478221451098609,0.13030104165115416,0.6981836186002958,0.05212591944618044,0.11544273749799353,0.14967594556916378,0.004727666309258584,0.0006733175063263846,0.09462718504184385,0.7891758699796748,0.02614979399125032,0.05237329586265628,0.5863197539567376,0.03842873706894522,0.8920322445932871,1.000000000000001,0.0912456728609376,0.0004551745698661185,0.05813799985717592,0.04505400561178921,0.035308364108670574,0.1906489548542859,0.8094556835348931,0.8708287801510363,0.36980402877638363,0.7407842758184326,0.7233365399711909,0.8598691420584142,0.038972869816635794,0.07185596884388565,0.04647961443025304,0.4632763242095298,0.6961344358314668,0.04910724889633764,0.6961502129853275,0.06988843302068466,0.07350058427458812,0.05854841258969386,0.07085012075265074,0.05244426545289188,0.07408061518364824,0.7659781795429624,0.8525683103731307,0.06451850539389359,0.07482625812848076,0.0003122157092717276,0.833875571574641,0.8577008739173697,0.06244508121945521,0.06192681141329939,0.06542423012787855,0.059005683803365974,0.7661544454023888,0.05469877017412062,0.7820626672523625,0.0054308699629477195,0.007629869902939653,0.054440613538055765,0.06325066676639096,0.055337352723048856
30,0.00011666385292299957,7.23345786448014e-06,0.08656275500669863,0.7872652578280027,0.1556472436734201,0.12807351874837303,0.00033034120012104826,0.13969026432867487,0.022934915988457268,0.09088433471682607,0.013432103251670236,0.007555233939397913,0.007879804574871698,0.0024861263130199177,0.00031401733219431105,0.009304301817093226,0.13646560662331064,0.006121810198270069,0.01220885748334105,0.10132408226734692,0.010910409980631563,0.13088903226541193,0.0912456728609376,1.0000000000000062,0.0002219409213229349,0.01391985617977634,0.009924272762793843,0.009168014973204264,0.06800915997603008,0.1324142775819835,0.12700311299644687,0.048624156476013244,0.15952899252030428,0.08912924308642169,0.14595790822572766,0.011614465065753893,0.013459069440821453,0.010954967703309173,0.0794362025166132,0.11613170171886877,0.01132180713039615,0.11448314794130617,0.017284843276094666,0.017416655821102828,0.010972900389083884,0.01833950988232629,0.0146235100542112,0.01849215224458222,0.1412916589240791,0.12760071031485445,0.9249677786735269,0.9889820861670611,0.000147158210764483,0.15004222372563034,0.12793353694115747,0.01810786172595759,0.018389342276836092,0.01485042974454174,0.01422679007536047,0.1624893107581583,0.013136697232517317,0.16206211431505188,0.002991817787074377,0.004236913908651602,0.009202527549756609,0.011521453207806903,0.01344449141336679
32,0.0007795039714934265,0.00013507795284717198,0.0003081903864051633,0.03665899066548167,0.0003199309929407546,0.005815106059601016,0.014974154013516686,0.001953340345588617,0.0011164414574691812,0.0013535549826547133,0.0010411643765717282,0.0010850731763793248,0.00014881437709180655,0.05884584339224036,0.9115276823862553,0.0011880776085228268,0.002234230723412815,0.00010100226122526992,0.002091610253131467,0.003417989704969974,0.0032298154784511997,0.0003117601057979906,0.0004551745698661185,0.0002219409213229349,1.0000000000000093,0.0013468085014584248,0.0001826274100024781,0.00015623720034378964,0.00012889913586531173,0.00034120350688593827,0.0002605151530833312,0.003803463040053687,0.0002487909926283151,0.0005060815654087466,0.00044852881180563754,0.0035175163020100125,0.0004828924749795773,0.00019398245491899336,0.00044288016077304005,0.0042749894613461235,0.0001466175874720539,0.003619232639281263,0.001431913592233949,0.0024522741018090685,0.0017141912774224592,0.0018904901820772874,0.0010547399017863397,0.0012504904419602125,0.00041429961467117363,0.0010913993475746698,0.00014030740535652048,0.00027822387459286766,0.9642843812230177,0.0003933442480661059,0.0003708522600558232,0.0022144837608863645,0.0019100182696304528,0.0009301577445371578,0.001111524625064879,0.00018386373742520574,0.0010536863946565501,0.0002730322486055331,0.06666498247056864,0.06315896692716581,0.0005265214814304195,0.00010074827637609995,0.0012996030728126386
33,0.00893234452649636,0.0001823157453563405,0.03690176930651145,0.053970620819699194,0.07412700780801518,0.16570362525290566,0.00390753513647634,0.07229310786763601,0.5832067212429134,0.20211640590248858,0.9895109122460252,0.06294260442487545,0.054669653490347546,0.028889560529424447,0.0009824638713377837,0.0696004034757217,0.07125432773453472,0.009341011228650251,0.015672935925987806,0.05823102917159019,0.011845821389555108,0.09014690029054952,0.05813799985717592,0.01391985617977634,0.0013468085014584248,0.9999999999999963,0.016763105342237048,0.0141529149827337,0.031271115935485816,0.07385260497864704,0.07925058822753107,0.04347063618482585,0.0671053293329616,0.05653286501786876,0.07833464234112784,0.010468358373555739,0.02972255796469699,0.0178063556167605,0.05904159080376097,0.06454331923332048,0.01756720818947931,0.06670121426843911,0.9898787780934114,0.9778898309409462,0.016201827272634143,0.91749329113724,0.9900296314260133,0.9747357442954605,0.06148289412937402,0.0991322817600469,0.008300788800545937,0.010957741806022554,0.0007265507714960895,0.07968008459639862,0.0863712579961291,0.8956890861582524,0.9066388957438994,0.9885440619240679,0.9912358612795857,0.07032723128544767,0.982862233641983,0.06987986791038611,0.032669576238611775,0.050183145403184214,0.021111088344268232,0.0208433988267432,0.9643117148335486
35,0.0013536634817123887,3.432126942318889e-05,0.023894708141378077,0.02807238169830216,0.04689607597824394,0.31955391232161007,0.00025020020252776724,0.05263347341887949,0.030383116922067042,0.03248798071400909,0.01531489548966381,0.19283387129211,0.1767097444028492,0.0021648993479896758,0.0001729015621726784,0.21042020174755574,0.05676451202629852,0.7315608450840883,0.6126753241525408,0.037400624463086486,0.6649767974878922,0.0668139047299479,0.04505400561178921,0.009924272762793843,0.0001826274100024781,0.016763105342237048,0.9999999999999906,0.9318806257988049,0.02169889778849417,0.04475047564967736,0.048196457354066594,0.03504370371531187,0.04643260594460391,0.033383050302217665,0.05274488850042823,0.6257352403972722,0.9636251656506079,0.991395166924471,0.04015589326267739,0.04372818635875065,0.976278295427909,0.042210492945267006,0.020146313403628133,0.024199745076536053,0.6454444798730087,0.02080363893539002,0.01562116491619207,0.021456646081819516,0.034365552916925446,0.06419952911498013,0.006736276285018438,0.009065917756243618,0.00010088570175369809,0.052626348031295005,0.05336762697613535,0.019213267875207433,0.018818467231411895,0.01868498340050391,0.01692037852195002,0.049526977040871056,0.015774161301998997,0.049426134553760506,0.002170528317934694,0.0029686131947234194,0.9179977044460186,0.9938946024532513,0.016028206676058414
37,7.102156885263806e-05,7.500994485316807e-06,0.022911349299812044,0.025677097031415443,0.042799368048203855,0.3745132226078546,0.0002088471937148718,0.041037702323378764,0.025583187077607546,0.028560690772613247,0.013250009971497506,0.16744776081693571,0.14275375905351373,0.001454827222410425,0.00012119653508020831,0.1824321469660332,0.05061986010528974,0.5890987822585054,0.5995119567138331,0.03359616063989187,0.6290072524795224,0.05479357722395046,0.035308364108670574,0.009168014973204264,0.00015623720034378964,0.0141529149827337,0.9318806257988049,0.9999999999999983,0.02080225311221442,0.04010988487420294,0.04439445488044824,0.024860192528878812,0.03613806132508223,0.028868499207309255,0.044285219908795845,0.5464206172908748,0.9366585179556668,0.931583922232611,0.024713592068133245,0.0372868382871809,0.921218963674551,0.03795641293766901,0.017117548833235827,0.019770550921767892,0.6881094486464535,0.017590555264211976,0.01426296973119613,0.0185260404732619,0.028493678249610563,0.047980331691853756,0.006335425325424636,0.008305697469829768,8.606117782163174e-05,0.04284654062450643,0.04743655651664829,0.0174868193188229,0.017081960808501995,0.01538975513444728,0.014309512159390842,0.042130084126652714,0.013104307702938278,0.041932024418813336,0.0017992581773239988,0.0025025470885599484,0.9374691241778492,0.9135360258396502,0.01374773603894181
38,0.0030848693706173108,6.468052974280747e-05,0.9848633222509664,0.1361740907205915,0.3087399656074246,0.21332561054036764,0.0001913227997620901,0.2636834611259054,0.0692096586958919,0.2579301709537879,0.030684147558682224,0.0571255101592731,0.07281534113184604,0.0025375662585370123,0.0001521356772787468,0.05383794050308118,0.276190807220578,0.014603564426300788,0.019630600526731917,0.17971759901447462,0.018719052827619084,0.2641387702438475,0.1906489548542859,0.06800915997603008,0.00012889913586531173,0.031271115935485816,0.02169889778849417,0.02080225311221442,0.9999999999999938,0.2463203104606312,0.29355372833058263,0.1391964228473579,0.3042927493236885,0.262364240013338,0.30242234810082125,0.018228110205752015,0.025269414181602973,0.024190608608773426,0.18090548253052544,0.22722139163265423,0.02133036074182378,0.21003873362340303,0.0392590672374739,0.038183222813554074,0.01658986112353662,0.03911252397332986,0.033335133341053674,0.042620546715566865,0.22822491170436593,0.256192751275858,0.04802952628683707,0.0515429093686755,9.271941609729126e-05,0.31550913969246247,0.2818496309926814,0.03911110589222169,0.04010900075814283,0.03320939217771708,0.03258079489987035,0.3145914822785761,0.029010674659037897,0.3135678034377708,0.0015948315703200808,0.0024065372672814785,0.021252862714696192,0.02431082244618428,0.030729808418218613
39,0.0045942160775886845,0.00010271300002788169,0.27719511456901713,0.2804637904939615,0.866383641114592,0.515861805196728,0.0005753626410066185,0.8808653621250129,0.16226619096789832,0.7680013228826909,0.07200076173497277,0.12427366556633015,0.15995816104887262,0.004866384349179115,0.00047860164665793943,0.1076654193951961,0.9334645222665184,0.027817864392930252,0.04110504054673248,0.7463146943719541,0.055809627387983556,0.9251237050947113,0.8094556835348931,0.1324142775819835,0.00034120350688593827,0.07385260497864704,0.04475047564967736,0.04010988487420294,0.2463203104606312,0.9999999999999932,0.9314593810598096,0.4072343764141371,0.8020848412905025,0.7707749841107688,0.9365213741024081,0.06331963754561641,0.05946820155440449,0.04867777665823361,0.48954536123388565,0.8009977029660358,0.045619365248109854,0.8615132631460852,0.09253785421241258,0.09056329513222677,0.03943388243309079,0.09277171746454037,0.07615424630075379,0.09952635795673997,0.970491289800249,0.9030227379376556,0.08987919659818608,0.10889554282701408,0.00023010982195678837,0.8742486381629561,0.946424376828949,0.0898536446073852,0.09186868425483269,0.07971038682479667,0.0767760033158374,0.8313699980515743,0.06943236619677136,0.8727992255114965,0.004100709745545677,0.007125453621543561,0.04666140453775929,0.05188842349855456,0.07180073967876917
40,0.00018215732556701907,8.507137029044566e-06,0.3323433090467851,0.2943587423410675,0.9369486889371992,0.4486198424729943,0.0003815689255296826,0.894502996259463,0.18620511867288597,0.8707234513076211,0.0776037378533509,0.171153568748165,0.22196221355539617,0.002332236685906443,0.0004309649134822369,0.14040748410073461,0.9053073125989197,0.030881375242130235,0.04505762870566734,0.689068230095233,0.047588657413028854,0.9354569069921544,0.8708287801510363,0.12700311299644687,0.0002605151530833312,0.07925058822753107,0.048196457354066594,0.04439445488044824,0.29355372833058263,0.9314593810598096,0.9999999999999957,0.46861008272646676,0.8695269670702059,0.8909529865242434,0.9772215536757334,0.04946753023711123,0.059368013592898616,0.05265886958809695,0.5552093634815634,0.7957223483758437,0.04816056036457844,0.8003846587460327,0.09846506550985826,0.0965404966042509,0.04134154088312201,0.09887826851644571,0.08273731579928334,0.10632129567750774,0.8690701392325452,0.9133986564413389,0.08922621412736602,0.10118876613860814,0.0001685458451659503,0.9518778808954065,0.9835815696106855,0.09728552799565682,0.09921155034591633,0.08414876645260767,0.08183776939114534,0.8992763500123745,0.07417611216169843,0.9208569260579591,0.002905118220794076,0.005781454108544176,0.05112610592464352,0.05616517480168203,0.07727354837179284
41,0.001502573211204742,3.498949454500762e-05,0.14396376179007567,0.15718332998159573,0.42944676926503716,0.1994966612714653,0.0023124664344097877,0.46898950963876546,0.14178672300316614,0.5713125445648592,0.03798472397270628,0.1663967818401223,0.21812270087113855,0.01292947792590781,0.008916222205074627,0.12692284440698992,0.5069110860727101,0.01838509853501011,0.04879512310080877,0.31933776945272624,0.39049290985862195,0.4782161086005112,0.36980402877638363,0.048624156476013244,0.003803463040053687,0.04347063618482585,0.03504370371531187,0.024860192528878812,0.1391964228473579,0.4072343764141371,0.46861008272646676,0.9999999999999876,0.4463588552299741,0.5726409456356518,0.48917715938656187,0.3987411906394684,0.06607587600862412,0.036079266228715906,0.7672218185381028,0.4192760894246878,0.03988471373895447,0.36882133196746775,0.05462067679195802,0.056006688955308755,0.055531358201384454,0.05277572004796752,0.03635493721681904,0.05464652417619529,0.3993867218865618,0.471310656585094,0.03562486462143685,0.03999565184628578,0.0025023622708294497,0.4853026594059941,0.43610456039885975,0.044347141728187024,0.04254395801768721,0.04986264759492276,0.04403430759061941,0.4359429463055049,0.041615294538818494,0.43930682414499256,0.015396293235985998,0.02073271040774309,0.047732517439423285,0.047573219140450665,0.04072258423194944
42,0.00937552649743575,0.0001867088476687598,0.38183675674688244,0.3504762189775855,0.9575242566718865,0.4672610828694376,0.0003060915541422953,0.8824053555782652,0.14238831719862763,0.7110682547645903,0.06196265078033686,0.10571095410658739,0.13553313655373844,0.005396364563643274,0.0003240973269138982,0.09208215277684827,0.7555871448826461,0.026464360471806815,0.04578425700491316,0.6089258334625275,0.03704365962876982,0.8737027269301314,0.7407842758184326,0.15952899252030428,0.0002487909926283151,0.0671053293329616,0.04643260594460391,0.03613806132508223,0.3042927493236885,0.8020848412905025,0.8695269670702059,0.4463588552299741,1.0000000000000036,0.7102954113359896,0.9325939148039889,0.03731298884216058,0.07723373860740465,0.04821004962022696,0.6136808628405311,0.7132638010799974,0.05121063062730017,0.6957189535470741,0.08207530637311077,0.08442594252036476,0.053854879291750174,0.0830681865526305,0.06146753408646762,0.08675029405589157,0.8110889382579726,0.8927999641155743,0.11471033127995535,0.12085880495098375,0.00016966773328997296,0.9641810363840062,0.8667923396360271,0.07311348727402213,0.07410405849901909,0.07513097963166457,0.06868595316970016,0.9893151935968006,0.06371813647907124,0.9855515455633964,0.0027277439328074397,0.005067308574909105,0.054411205903364256,0.05990572819965225,0.06382021368313306
43,0.0012149029415988587,3.47055076626786e-05,0.2665970230361164,0.23692260095650797,0.7600793778360222,0.32075295741338977,0.0007062581214647201,0.769095707991369,0.17272873792158916,0.9732534028634797,0.05460637784732263,0.24372287224396516,0.32959289702328826,0.005010805665079597,0.0005645350865096809,0.16996366708784974,0.853569676207236,0.02022447245237888,0.029998892607440014,0.5527143027969077,0.03230913629247318,0.7985858433057214,0.7233365399711909,0.08912924308642169,0.0005060815654087466,0.05653286501786876,0.033383050302217665,0.028868499207309255,0.262364240013338,0.7707749841107688,0.8909529865242434,0.5726409456356518,0.7102954113359896,1.0000000000000895,0.8566603069394754,0.03304147396083847,0.04827930983216795,0.035789890578671525,0.6317721857157269,0.7050839126366838,0.03449390342641492,0.6478770416092439,0.0690887521037918,0.07011877223167103,0.030492530031903903,0.06909177716806782,0.05679651437932412,0.07336064463643197,0.70198154220485,0.7664477069921051,0.06280065853140757,0.07155638633989501,0.000354463790542753,0.8293915817248319,0.8358234265565924,0.0657087002926169,0.06695786822114413,0.0608401616046031,0.0582916024927399,0.7284984480299657,0.05358014030663324,0.7501540701100508,0.005689114193336469,0.008667832884960862,0.04214538114349285,0.03848554807012916,0.05463552019354009
44,0.004040002996170058,9.522929820641414e-05,0.3530091442453168,0.3275645764157918,0.9581180563438779,0.5145916082114683,0.0005664842202140774,0.9366895772147215,0.17842909521638298,0.8470804738787484,0.07412078592908311,0.15414334948660965,0.20058930893546362,0.005549716058778987,0.0005986668683040215,0.12676366300853287,0.9129671788801694,0.03152853856173937,0.05156164740637337,0.6960256927938009,0.051596058353934646,0.9659747257624134,0.8598691420584142,0.14595790822572766,0.00044852881180563754,0.07833464234112784,0.05274488850042823,0.044285219908795845,0.30242234810082125,0.9365213741024081,0.9772215536757334,0.48917715938656187,0.9325939148039889,0.8566603069394754,1.0000000000000013,0.053949239271210286,0.07829062869495747,0.056071953813320585,0.6105995841263978,0.8061800799832504,0.055816987471169636,0.8064323690840087,0.0968264046501954,0.09757856600965509,0.0547885909236032,0.09741277951715269,0.07638594127069735,0.10330603026332982,0.9044111963867727,0.950913215982689,0.10248395133229633,0.115393452022866,0.00030668175944754457,0.9857450871476321,0.9709340463023758,0.09036751885597245,0.09163825926443432,0.08609673627193896,0.08073340300239983,0.9492138195073159,0.07390367278332985,0.9676878069586071,0.005144931890866373,0.008086012774494729,0.059575242579140854,0.06557755891862496,0.07540653396497211
46,0.0007664879259574069,3.3744487682973175e-05,0.022277397207431812,0.03747641149364028,0.05167263167054435,0.18633860514476625,0.0009543436935851021,0.05367115916759514,0.038154880787549035,0.037644576729392365,0.009877951770600765,0.10702193952848504,0.08957379733210226,0.013146951623589753,0.00277749271688858,0.12261886725541009,0.10291250725932115,0.47566576017120993,0.5099271443551409,0.0506650552392938,0.98827261814503,0.06109124920467994,0.038972869816635794,0.011614465065753893,0.0035175163020100125,0.010468358373555739,0.6257352403972722,0.5464206172908748,0.018228110205752015,0.06331963754561641,0.04946753023711123,0.3987411906394684,0.03731298884216058,0.03304147396083847,0.053949239271210286,1.0000000000000004,0.6548319582410748,0.6408099331986867,0.023384006959558758,0.05099506290090695,0.6153265894065779,0.058039470569486266,0.015261936258879465,0.014481020481202317,0.5091255783908124,0.012910856009781712,0.011129864133779742,0.014410491042890992,0.061684394996825875,0.04943907596271774,0.007820095467487036,0.010567423816744245,0.0023956355106256972,0.044150929712107226,0.0521452253669943,0.014919823794848436,0.013133222841905658,0.01111077921487848,0.010502464249256872,0.04473633993795943,0.009453641967558477,0.04730539320330887,0.014714634112719303,0.018419707768996655,0.604851726379915,0.611834091852945,0.010315575529438178
48,0.0028094342749488523,6.868184910350288e-05,0.027778012276243894,0.03648096703683611,0.05822711816572068,0.35570790405998726,0.0006766597228109704,0.08621578434567252,0.04447855595197415,0.04550646765897798,0.026836201437254945,0.16232779517589,0.14525268989937934,0.005782876011543042,0.00044735808760396333,0.17606862094484438,0.06917779789728881,0.6554339721056401,0.6524780105334285,0.04900826971225215,0.70828501421638,0.09896350257104222,0.07185596884388565,0.013459069440821453,0.0004828924749795773,0.02972255796469699,0.9636251656506079,0.9366585179556668,0.025269414181602973,0.05946820155440449,0.059368013592898616,0.06607587600862412,0.07723373860740465,0.04827930983216795,0.07829062869495747,0.6548319582410748,1.0000000000000173,0.9692936658668214,0.08506674238337575,0.06310079808861188,0.9472866409542686,0.05520633850041542,0.03458486602767292,0.03898890515707497,0.7057794126608353,0.03533200920489136,0.024976870085958985,0.03529613440786819,0.052544134994501834,0.1134696432213415,0.00957533975414699,0.012718753991745822,0.0003069869043476432,0.08292275812934227,0.0718346754141292,0.028932069869200938,0.0287337020575713,0.03377839100157591,0.03008433413089935,0.07000734383468034,0.029145718382838852,0.07138194304672303,0.006017315626914589,0.007429168032441788,0.9474596170898533,0.9451305805210749,0.027806198449558183
49,0.0007096591344252288,2.0198653440524192e-05,0.026638307893367033,0.029981125766412747,0.05078737354793672,0.34314190515862264,0.00028190062425757615,0.05481860681367499,0.03221557703356933,0.034701576631276015,0.016432197158563405,0.19918875537253372,0.17502068104512802,0.0019091372189563173,0.0001857415081535875,0.2171059339781148,0.059849517197475464,0.7222877482576491,0.6142237375987819,0.04118891754931023,0.6841368938488308,0.06981827297793537,0.04647961443025304,0.010954967703309173,0.00019398245491899336,0.0178063556167605,0.991395166924471,0.931583922232611,0.024190608608773426,0.04867777665823361,0.05265886958809695,0.036079266228715906,0.04821004962022696,0.035789890578671525,0.056071953813320585,0.6408099331986867,0.9692936658668214,0.9999999999999968,0.038946628133792106,0.047260065828893166,0.972167879038499,0.04635556945533773,0.02152536553894447,0.025155957555895826,0.6466674529559557,0.02215976047378081,0.016988150946516158,0.022998392458551162,0.036464148476468526,0.06638078499814676,0.007478580680999752,0.009983768082665184,0.00010381944070160926,0.05559737765525717,0.05790778210686794,0.020836341194968615,0.020440372752246385,0.019711825686596157,0.018005454374170227,0.05240321193703432,0.016706673335738168,0.05252600345931476,0.002127560669296061,0.0030199126295517107,0.9267054221227092,0.9788100142420562,0.01708234454370939
50,0.00012989781146895393,1.2875778960475158e-05,0.19998379327818586,0.21375960541858735,0.5573403512602875,0.29021559177719447,0.000572328349622669,0.5949839889803862,0.14644961224250008,0.636378467113096,0.0506987378751213,0.16969818676349865,0.22540345873770884,0.004292604925829902,0.00048197027458811556,0.12591804630332795,0.5586831224295546,0.018293940225606,0.040953281836070395,0.36347023434922554,0.025460721676746855,0.6027683968680339,0.4632763242095298,0.0794362025166132,0.00044288016077304005,0.05904159080376097,0.04015589326267739,0.024713592068133245,0.18090548253052544,0.48954536123388565,0.5552093634815634,0.7672218185381028,0.6136808628405311,0.6317721857157269,0.6105995841263978,0.023384006959558758,0.08506674238337575,0.038946628133792106,0.99999999999999,0.48095903842811033,0.048606838166247106,0.420143549191848,0.07007839441822847,0.07591346654471212,0.059509317589745314,0.07100239914788342,0.04637454925936824,0.07185287967287722,0.5023947124452737,0.6121605165227926,0.059645103672027716,0.06292383918058041,0.00031443645216843407,0.6265615058970501,0.526747426264017,0.054143567550167956,0.05398507566084165,0.06885755892064475,0.059640697605464456,0.5879382820994938,0.05710509383797796,0.5852730996023784,0.005068198671234032,0.007367122156764679,0.05914638131197174,0.05859156115285753,0.05469566459521426
53,0.010532811983561699,0.000248231184716396,0.258757017840722,0.2643564686816457,0.7498664242768626,0.42572678208339326,0.0029465759477558286,0.930580524293593,0.15101430449745257,0.6992345707751978,0.06160684346179194,0.13849555931312876,0.1701326791813708,0.027535339255757914,0.008703196750685212,0.11105964127792423,0.7796970528792132,0.02668293249247517,0.326408778618455,0.9235070829979269,0.05008894109678411,0.7888292379961148,0.6961344358314668,0.11613170171886877,0.0042749894613461235,0.06454331923332048,0.04372818635875065,0.0372868382871809,0.22722139163265423,0.8009977029660358,0.7957223483758437,0.4192760894246878,0.7132638010799974,0.7050839126366838,0.8061800799832504,0.05099506290090695,0.06310079808861188,0.047260065828893166,0.48095903842811033,0.9999999999999838,0.045534637866782544,0.9722642847804589,0.07980663273167281,0.08040124019638253,0.27838716642825506,0.08046116569925477,0.06383661812348528,0.08533062257792626,0.7735290037369114,0.7727484457497085,0.08035383422229275,0.09280475766563641,0.002908703335964649,0.772716878879649,0.7946880768087838,0.08181211911254689,0.07742421453194925,0.0702144526948952,0.06653334894098624,0.7313710147380926,0.0606708979577334,0.7561947407917005,0.02529116766474325,0.03160240568672495,0.04924092282949849,0.0525792813777964,0.06248712377014
54,0.0011261717381619968,2.7106705508768344e-05,0.023461375746159842,0.029186114075254257,0.04715236648055563,0.32356112450008556,0.00018783394448182957,0.05766296091001245,0.031620390827851313,0.033070629151410666,0.015828430782936952,0.18533781135732555,0.16614224520484297,0.0019197466738914955,0.0001442145766694892,0.20193893492982296,0.05696502572022905,0.703493120545253,0.6002254837371598,0.03775659210204784,0.655295038147306,0.07136182026544978,0.04910724889633764,0.01132180713039615,0.0001466175874720539,0.01756720818947931,0.976278295427909,0.921218963674551,0.02133036074182378,0.045619365248109854,0.04816056036457844,0.03988471373895447,0.05121063062730017,0.03449390342641492,0.055816987471169636,0.6153265894065779,0.9472866409542686,0.972167879038499,0.048606838166247106,0.045534637866782544,1.000000000000001,0.0426878813313016,0.021121391942181794,0.02515639117735777,0.6524678345879614,0.02179777792795054,0.01561080660603653,0.022262232338163025,0.03645498509824309,0.07232489496509845,0.008684900142698286,0.010782945076759245,7.70432766814549e-05,0.05678789276885126,0.054724210116469676,0.019179018399921498,0.018806021080507853,0.01988570766027138,0.017724950971613373,0.0519657394297512,0.016692085735623075,0.05202893008523974,0.0018570772029149044,0.0026852955115491263,0.9483504674316616,0.9673163582702342,0.01662363594261721
55,0.011748672001054658,0.0002620735409052899,0.24617818832119845,0.2502775568502087,0.7618263147595485,0.43725510750044916,0.002352289490674635,0.9061626192319907,0.14554203401080743,0.6548245832962521,0.06467312809995583,0.11187624583169907,0.13368810456609057,0.02354505287687164,0.007785042300400847,0.09995896542835933,0.7999529907166304,0.026600553385317038,0.28322568605446724,0.936740819005076,0.05449266081224097,0.8006558914789523,0.6961502129853275,0.11448314794130617,0.003619232639281263,0.06670121426843911,0.042210492945267006,0.03795641293766901,0.21003873362340303,0.8615132631460852,0.8003846587460327,0.36882133196746775,0.6957189535470741,0.6478770416092439,0.8064323690840087,0.058039470569486266,0.05520633850041542,0.04635556945533773,0.420143549191848,0.9722642847804589,0.0426878813313016,0.9999999999999987,0.08331853139715723,0.08188945615794993,0.23911869235352978,0.08355544266305533,0.06860442574692473,0.08967548004323966,0.8380277453848762,0.7763113806166161,0.07957607490823108,0.09397576412406315,0.0024394834307222626,0.7572063083152686,0.8115739594986733,0.08635072710710046,0.08326220734018024,0.07173198722008767,0.06924757392376428,0.7236712129906326,0.0623531920813203,0.7590124390252342,0.020526898481083248,0.026091499820229548,0.04445346188318764,0.049585384852982424,0.065052184868523
56,0.004261514448615723,9.471555578170483e-05,0.04648721791490732,0.062281006856245796,0.09169394213708004,0.18272288061740682,0.004256021251414327,0.08777739712964631,0.6389145770008979,0.20650981057031234,0.9940596783180677,0.06739781285800373,0.059700125466704626,0.02993184972370491,0.0009385666104686066,0.07632266785008307,0.08888244856512756,0.01107672135549873,0.017547994134438062,0.07230462989101996,0.01681714222338568,0.10858885078798707,0.06988843302068466,0.017284843276094666,0.001431913592233949,0.9898787780934114,0.020146313403628133,0.017117548833235827,0.0392590672374739,0.09253785421241258,0.09846506550985826,0.05462067679195802,0.08207530637311077,0.0690887521037918,0.0968264046501954,0.015261936258879465,0.03458486602767292,0.02152536553894447,0.07007839441822847,0.07980663273167281,0.021121391942181794,0.08331853139715723,0.999999999999961,0.9885577805373911,0.018311575411842994,0.931006426896887,0.9954916582265666,0.9914318196053371,0.07681069888034757,0.12260173960771083,0.01064547611856281,0.013857947753276584,0.0007711598828471385,0.09880856410020088,0.1079317753984904,0.9125304199962342,0.9245145468287072,0.990075155952564,0.9927587261007805,0.08546792332252703,0.9802354864034788,0.0856341489112858,0.036104032700105114,0.05368004149383107,0.024394211901241313,0.02409209642257003,0.9751182523962849
58,0.006682740401410646,0.00017238791751823882,0.045059449232252094,0.06921194392167743,0.09020556729404375,0.19409926426235646,0.00571942919748914,0.09128587141389279,0.6983541317186178,0.19827036056903993,0.9884717936350988,0.06969316817315198,0.06212835093126883,0.03994281013171387,0.001786146850979707,0.07749006073150735,0.08772846622244634,0.01476265655563026,0.02130728722009447,0.07126734369848015,0.01608124650922411,0.11210225805425757,0.07350058427458812,0.017416655821102828,0.0024522741018090685,0.9778898309409462,0.024199745076536053,0.019770550921767892,0.038183222813554074,0.09056329513222677,0.0965404966042509,0.056006688955308755,0.08442594252036476,0.07011877223167103,0.09757856600965509,0.014481020481202317,0.03898890515707497,0.025155957555895826,0.07591346654471212,0.08040124019638253,0.02515639117735777,0.08188945615794993,0.9885577805373911,0.9999999999999839,0.022515013663692643,0.9619893492176227,0.984958450214317,0.9944815172453798,0.07603200741462754,0.12476939594010518,0.010713675686176196,0.014022294578664428,0.0015087794716044892,0.09962810967333575,0.10597869137657746,0.93517671985252,0.9469255367877517,0.9770846704919209,0.984244510267289,0.08698581985520602,0.9832317601721664,0.08684784456454721,0.046944565337132683,0.06706087442283327,0.02825435177034568,0.02935529622138187,0.9708108967375536
59,0.001963868106594742,5.5602281482743486e-05,0.019928494261601738,0.03360032642285894,0.04717584116428426,0.3143972552035457,0.001074498818767784,0.19083716129816905,0.030106822114216863,0.033328813506480676,0.013167229970957777,0.1331356127032018,0.10724022222642923,0.009683315337673866,0.003673296518749018,0.14032532851230514,0.04638356578414985,0.4149867190633987,0.976349372499731,0.2974897021995156,0.5596388657657797,0.08341708339485412,0.05854841258969386,0.010972900389083884,0.0017141912774224592,0.016201827272634143,0.6454444798730087,0.6881094486464535,0.01658986112353662,0.03943388243309079,0.04134154088312201,0.055531358201384454,0.053854879291750174,0.030492530031903903,0.0547885909236032,0.5091255783908124,0.7057794126608353,0.6466674529559557,0.059509317589745314,0.27838716642825506,0.6524678345879614,0.23911869235352978,0.018311575411842994,0.022515013663692643,0.9999999999999916,0.01879634601470027,0.013062326166162644,0.019340936231550372,0.03265567262858215,0.07232058533244339,0.0068843039068263445,0.008546657488906892,0.0011421195896126166,0.05419384042192266,0.04813285056569794,0.02039148903616028,0.014993549282187747,0.018689748808181868,0.01579409820763756,0.057253122904691,0.014911363910503697,0.0535994251283949,0.009134420244571246,0.011395572821097797,0.7586733856149596,0.6456086932525262,0.015367410612130586
61,0.04282736281696484,0.0008145591000112333,0.04622694882689789,0.07454880421635128,0.09210722503824058,0.19010456400008885,0.006220223094776282,0.08909051894232903,0.7167800237980717,0.17571257797154208,0.9293957693039632,0.06098716197568189,0.05354581326799944,0.05476521549024466,0.0013657610174057303,0.07161442950305132,0.08951325562952495,0.0116348114196627,0.01857048705609487,0.07295998338729891,0.014657191195669545,0.10987212766885142,0.07085012075265074,0.01833950988232629,0.0018904901820772874,0.91749329113724,0.02080363893539002,0.017590555264211976,0.03911252397332986,0.09277171746454037,0.09887826851644571,0.05277572004796752,0.0830681865526305,0.06909177716806782,0.09741277951715269,0.012910856009781712,0.03533200920489136,0.02215976047378081,0.07100239914788342,0.08046116569925477,0.02179777792795054,0.08355544266305533,0.931006426896887,0.9619893492176227,0.01879634601470027,0.9999999999999715,0.9277318435966994,0.96503820050042,0.07714044949680798,0.12376348715052655,0.010639756831303453,0.013942930024401844,0.0008745554580271047,0.09928282182146057,0.10813097858005337,0.9850563848109606,0.9911346897114032,0.9095550256260817,0.9237663158984345,0.08613613147053807,0.9201203517100851,0.08617849150006733,0.0516324456544582,0.08595289705473753,0.02595781142848924,0.02498495550574339,0.9072299497024278
62,0.005863097844766738,0.00011496598479772775,0.038925050378491616,0.05377476365872257,0.07682220492591234,0.15094466379847302,0.003774561243836031,0.06583616963654884,0.5963992145583383,0.20217928074133978,0.991664283984038,0.05114960101901064,0.04441990363457586,0.026156466563294078,0.0006365601191590431,0.05937457110684882,0.07285138491787382,0.009022522312887221,0.01447420574211538,0.05988120173830959,0.012268937097746825,0.08471958678292917,0.05244426545289188,0.0146235100542112,0.0010547399017863397,0.9900296314260133,0.01562116491619207,0.01426296973119613,0.033335133341053674,0.07615424630075379,0.08273731579928334,0.03635493721681904,0.06146753408646762,0.05679651437932412,0.07638594127069735,0.011129864133779742,0.024976870085958985,0.016988150946516158,0.04637454925936824,0.06383661812348528,0.01561080660603653,0.06860442574692473,0.9954916582265666,0.984958450214317,0.013062326166162644,0.9277318435966994,0.9999999999999983,0.9842032540098601,0.06083813808178183,0.09011776640994636,0.008847963361875932,0.011439831683970728,0.000496237336073867,0.07629808662390816,0.08829956153333338,0.9054254810965215,0.9202111717983104,0.9942769263283237,0.9973948071917388,0.06831935110129601,0.9854516543760443,0.06790336345600008,0.030728615206132813,0.0490072921435231,0.01851273448369856,0.01889835978742768,0.9783766509540862
65,0.008631133716087376,0.000167023020358877,0.050399247310742155,0.06625109159218973,0.09914942779075103,0.1964448825258623,0.00428166771276627,0.09287653915011893,0.7092447320938622,0.19743041601089298,0.9862683899431313,0.07024886126193096,0.06243148707776268,0.03226474740366618,0.0007687018704452258,0.07991209181581783,0.09538520476061306,0.0119683039069633,0.019187083085043712,0.07780732202153094,0.01608004491577662,0.11613092300414794,0.07408061518364824,0.01849215224458222,0.0012504904419602125,0.9747357442954605,0.021456646081819516,0.0185260404732619,0.042620546715566865,0.09952635795673997,0.10632129567750774,0.05464652417619529,0.08675029405589157,0.07336064463643197,0.10330603026332982,0.014410491042890992,0.03529613440786819,0.022998392458551162,0.07185287967287722,0.08533062257792626,0.022262232338163025,0.08967548004323966,0.9914318196053371,0.9944815172453798,0.019340936231550372,0.96503820050042,0.9842032540098601,1.0000000000000013,0.08185284117315494,0.1286414505762695,0.011130925930497148,0.014585712436731528,0.0005911938149058154,0.10477679746101164,0.11590893936552359,0.9477959604933185,0.9582461143762822,0.9715842527517197,0.979259272579177,0.09178663709415469,0.9694238654413198,0.0916536252060711,0.037374132947792925,0.05827800835219665,0.02582457841084829,0.025958400692036577,0.9658320153440914
66,0.0026656489588012893,7.801736795529942e-05,0.26711598826986677,0.29811550681601434,0.8486518888889996,0.4864277172197359,0.0017103941640190285,0.8737112008483776,0.1347112088619038,0.7162466508708524,0.05910244078428379,0.1026653320026925,0.13230704556869327,0.004918531936953304,0.0004543513342177386,0.08888508764630239,0.9280233718216376,0.021790920533249974,0.029707047728548423,0.7247787117103444,0.05190523014565121,0.8870024400480367,0.7659781795429624,0.1412916589240791,0.00041429961467117363,0.06148289412937402,0.034365552916925446,0.028493678249610563,0.22822491170436593,0.970491289800249,0.8690701392325452,0.3993867218865618,0.8110889382579726,0.70198154220485,0.9044111963867727,0.061684394996825875,0.052544134994501834,0.036464148476468526,0.5023947124452737,0.7735290037369114,0.03645498509824309,0.8380277453848762,0.07681069888034757,0.07603200741462754,0.03265567262858215,0.07714044949680798,0.06083813808178183,0.08185284117315494,0.9999999999999908,0.8662808809363756,0.09754361338075722,0.11432188670688002,0.000303159393793178,0.8499942585925675,0.8735903811631174,0.07184320549958076,0.07344109085132332,0.06712154750288597,0.06375498539348293,0.8259245927691375,0.05825036247209066,0.8645238541127559,0.004693693347125174,0.007671122276470163,0.03867907393784488,0.040159020499312116,0.0591973966268919
68,0.00035696342514341257,3.6495996877028884e-05,0.2958107112263084,0.29092786732476367,0.8752273550299257,0.5458409791285234,0.001667602700029259,0.9136881721172421,0.20156300029036817,0.7415629744898484,0.09207944720477627,0.13642106413827104,0.17278796509183872,0.01215665732670506,0.0010456116002751047,0.124628937311062,0.8279461244810219,0.03462813427690301,0.057079822845942055,0.6754922319474506,0.049361406466171036,0.9534078823266363,0.8525683103731307,0.12760071031485445,0.0010913993475746698,0.0991322817600469,0.06419952911498013,0.047980331691853756,0.256192751275858,0.9030227379376556,0.9133986564413389,0.471310656585094,0.8927999641155743,0.7664477069921051,0.950913215982689,0.04943907596271774,0.1134696432213415,0.06638078499814676,0.6121605165227926,0.7727484457497085,0.07232489496509845,0.7763113806166161,0.12260173960771083,0.12476939594010518,0.07232058533244339,0.12376348715052655,0.09011776640994636,0.1286414505762695,0.8662808809363756,1.000000000000002,0.08613768808990456,0.10260974260938495,0.000806550400595069,0.9367305887942556,0.947246208714799,0.10662737783999955,0.10835712843421773,0.1113649285863035,0.10231340386419761,0.884944098581253,0.09519735231241228,0.907586585215137,0.014523144831845233,0.018359842069500185,0.07544053065842976,0.07853412509376703,0.09398140701629144
69,9.718397924910267e-05,6.046317369553324e-06,0.06299147762231616,0.6834488397525853,0.11449025056045553,0.08463944490701987,0.0001464014607328213,0.09679226790056457,0.014778277761012832,0.06499806629938921,0.008045171909503088,0.005041780724010551,0.0052586879395246896,0.001000783472670441,0.00021106796081867856,0.006155525597813191,0.09710170298502174,0.004180103627033122,0.007859733250599427,0.0691174557589536,0.007499160319340632,0.09052740711570482,0.06451850539389359,0.9249677786735269,0.00014030740535652048,0.008300788800545937,0.006736276285018438,0.006335425325424636,0.04802952628683707,0.08987919659818608,0.08922621412736602,0.03562486462143685,0.11471033127995535,0.06280065853140757,0.10248395133229633,0.007820095467487036,0.00957533975414699,0.007478580680999752,0.059645103672027716,0.08035383422229275,0.008684900142698286,0.07957607490823108,0.01064547611856281,0.010713675686176196,0.0068843039068263445,0.010639756831303453,0.008847963361875932,0.011130925930497148,0.09754361338075722,0.08613768808990456,0.9999999999999969,0.9683259352056364,9.990489692813391e-05,0.10790042178104692,0.08671789620150233,0.01033293601818841,0.010627512412379591,0.008913575944354345,0.00850831078808306,0.11744028421559975,0.00787793806545162,0.11642902915323998,0.0011046585042944162,0.0016834200349531224,0.0061210386524002385,0.007837418470118741,0.00806547575752345
70,9.247229229312157e-05,5.668784757760799e-06,0.06516885045044744,0.7552103991042153,0.1211193108521675,0.10819020965804628,0.0002451820134044581,0.10957189781985462,0.019264037820089428,0.07288106062344583,0.010543148255361878,0.006636456225278511,0.007028128122001111,0.0014313911200192137,0.00048500193527343095,0.00789703786058117,0.11173170257507509,0.005494159072597218,0.009159600936138625,0.08171542102929466,0.01007779724372445,0.10672401526458729,0.07482625812848076,0.9889820861670611,0.00027822387459286766,0.010957741806022554,0.009065917756243618,0.008305697469829768,0.0515429093686755,0.10889554282701408,0.10118876613860814,0.03999565184628578,0.12085880495098375,0.07155638633989501,0.115393452022866,0.010567423816744245,0.012718753991745822,0.009983768082665184,0.06292383918058041,0.09280475766563641,0.010782945076759245,0.09397576412406315,0.013857947753276584,0.014022294578664428,0.008546657488906892,0.013942930024401844,0.011439831683970728,0.014585712436731528,0.11432188670688002,0.10260974260938495,0.9683259352056364,0.9999999999999994,0.00019437207567942722,0.11676168297889959,0.10256815910132781,0.013315738908601544,0.013710758754118493,0.011873954967295467,0.011222337709956261,0.12442613695986876,0.010473007550613148,0.12527716848040765,0.0016497725392154061,0.0024282843780257207,0.008444050779110968,0.010682281110373615,0.010608780709203024
71,0.0005116281820861476,0.00010528645139762038,0.00022086522302630705,0.02675926215051466,0.00021500104629546495,0.004189410111090027,0.0107358790631952,0.0013557685398187889,0.0008038425325694031,0.000949788301951116,0.0005165279815761736,0.0008255739691023094,0.00010082878629198049,0.04304696618953567,0.8876516834473377,0.0008693630157674396,0.001614695393105573,6.033750010957628e-05,0.0014086467548864042,0.002301948351214751,0.002168246410483005,0.000209008253270359,0.0003122157092717276,0.000147158210764483,0.9642843812230177,0.0007265507714960895,0.00010088570175369809,8.606117782163174e-05,9.271941609729126e-05,0.00023010982195678837,0.0001685458451659503,0.0025023622708294497,0.00016966773328997296,0.000354463790542753,0.00030668175944754457,0.0023956355106256972,0.0003069869043476432,0.00010381944070160926,0.00031443645216843407,0.002908703335964649,7.70432766814549e-05,0.0024394834307222626,0.0007711598828471385,0.0015087794716044892,0.0011421195896126166,0.0008745554580271047,0.000496237336073867,0.0005911938149058154,0.000303159393793178,0.000806550400595069,9.990489692813391e-05,0.00019437207567942722,1.0,0.0002690702414262579,0.0002490060154702713,0.0010362346660094616,0.000855162067554395,0.00042700497922540387,0.0005535437362277372,0.00011274623098950478,0.0005423512188373975,0.00018352141707068132,0.04834622443220677,0.04548889569024545,0.0003222769519287604,4.241098204703373e-05,0.0007060354461558161
72,0.0004995997712137762,2.0557760485215484e-05,0.37969588563361034,0.3373447378948791,0.969907993607109,0.49209118011748537,0.0005302654777098404,0.919988806344727,0.17828583467088926,0.8197511300881677,0.07522378315699535,0.14777328976691798,0.19181423297483832,0.0036513310337581814,0.0005237370711261986,0.12325215834344766,0.8595144732130869,0.030499149881763842,0.0480415346277056,0.6526959551069201,0.04394073086365855,0.9334818852552361,0.833875571574641,0.15004222372563034,0.0003933442480661059,0.07968008459639862,0.052626348031295005,0.04284654062450643,0.31550913969246247,0.8742486381629561,0.9518778808954065,0.4853026594059941,0.9641810363840062,0.8293915817248319,0.9857450871476321,0.044150929712107226,0.08292275812934227,0.05559737765525717,0.6265615058970501,0.772716878879649,0.05678789276885126,0.7572063083152686,0.09880856410020088,0.09962810967333575,0.05419384042192266,0.09928282182146057,0.07629808662390816,0.10477679746101164,0.8499942585925675,0.9367305887942556,0.10790042178104692,0.11676168297889959,0.0002690702414262579,0.9999999999999883,0.9397318102596568,0.08990463395548019,0.09146368371364282,0.08802500698902886,0.08229285493285154,0.9695442947146518,0.07568985266135032,0.9790091043182233,0.004304277179392821,0.007232334886125611,0.05969132233144144,0.06357088486747181,0.07627885034596625
73,0.0009719681105250859,2.7041059670651125e-05,0.31982157547692575,0.28364753096094275,0.9168084622105366,0.4988269668394801,0.0005597573224633142,0.89176597833143,0.18890186760172517,0.8081010534955669,0.08370299832202684,0.1455016649622377,0.18715238776636903,0.003859217699942485,0.0005306329632785787,0.12651265115584362,0.8701781711857602,0.03305376853905231,0.04933534716931623,0.7047116057436327,0.050332869901343,0.9446725608028319,0.8577008739173697,0.12793353694115747,0.0003708522600558232,0.0863712579961291,0.05336762697613535,0.04743655651664829,0.2818496309926814,0.946424376828949,0.9835815696106855,0.43610456039885975,0.8667923396360271,0.8358234265565924,0.9709340463023758,0.0521452253669943,0.0718346754141292,0.05790778210686794,0.526747426264017,0.7946880768087838,0.054724210116469676,0.8115739594986733,0.1079317753984904,0.10597869137657746,0.04813285056569794,0.10813097858005337,0.08829956153333338,0.11590893936552359,0.8735903811631174,0.947246208714799,0.08671789620150233,0.10256815910132781,0.0002490060154702713,0.9397318102596568,0.999999999999974,0.10397048628702826,0.10604775686574255,0.09328525008410055,0.08962890074361464,0.8924811103708912,0.08117451011612901,0.9183192827830248,0.004383181511896358,0.0075361973542695795,0.05599395803115935,0.0625461100215083,0.08373880818368767
74,0.06663574941970157,0.0012848774518225985,0.04574111787332502,0.08210551930011199,0.09056394040759465,0.19349186677474234,0.008072825206419788,0.08182033648261065,0.7014939145521039,0.16878216617563793,0.9131457744404778,0.0829852164552912,0.07070156522584692,0.07382316455990899,0.001434132251412777,0.09079186190753856,0.08760914540135561,0.0115167078614561,0.023972532031334683,0.07701720465806976,0.016358577262814675,0.10062222924478434,0.06244508121945521,0.01810786172595759,0.0022144837608863645,0.8956890861582524,0.019213267875207433,0.0174868193188229,0.03911110589222169,0.0898536446073852,0.09728552799565682,0.044347141728187024,0.07311348727402213,0.0657087002926169,0.09036751885597245,0.014919823794848436,0.028932069869200938,0.020836341194968615,0.054143567550167956,0.08181211911254689,0.019179018399921498,0.08635072710710046,0.9125304199962342,0.93517671985252,0.02039148903616028,0.9850563848109606,0.9054254810965215,0.9477959604933185,0.07184320549958076,0.10662737783999955,0.01033293601818841,0.013315738908601544,0.0010362346660094616,0.08990463395548019,0.10397048628702826,1.0000000000000024,0.9954779887348975,0.8820922367815145,0.8936282911542092,0.08083884508309992,0.8837784079910185,0.08023121293078893,0.06545223339566072,0.10564687104924027,0.024153220204153242,0.02325084515995641,0.889370582774653
76,0.10352282087093537,0.0019806620403052047,0.04674481302556922,0.07586309471555114,0.09171365782103116,0.18610676913299926,0.006573380716038004,0.07920970275089997,0.7099840917917204,0.17226873101075996,0.9229221845742996,0.06671631849726428,0.05745725242300835,0.07746341815389007,0.001346143266836926,0.07676116391583672,0.08870463403900965,0.011185780648641013,0.018062483968228432,0.07237912658486508,0.014570825901235733,0.09995245749909358,0.06192681141329939,0.018389342276836092,0.0019100182696304528,0.9066388957438994,0.018818467231411895,0.017081960808501995,0.04010900075814283,0.09186868425483269,0.09921155034591633,0.04254395801768721,0.07410405849901909,0.06695786822114413,0.09163825926443432,0.013133222841905658,0.0287337020575713,0.020440372752246385,0.05398507566084165,0.07742421453194925,0.018806021080507853,0.08326220734018024,0.9245145468287072,0.9469255367877517,0.014993549282187747,0.9911346897114032,0.9202111717983104,0.9582461143762822,0.07344109085132332,0.10835712843421773,0.010627512412379591,0.013710758754118493,0.000855162067554395,0.09146368371364282,0.10604775686574255,0.9954779887348975,1.0000000000000056,0.8963433871542787,0.9093973242191855,0.08083143728137492,0.8968846546763688,0.08075098015516115,0.05468091964102154,0.09087615584618061,0.022865934340754866,0.022088133415372753,0.9018268867405017
81,0.012399894283303453,0.00024070661935629323,0.03917417381419787,0.053483278529284216,0.07986987954403289,0.1594731922078699,0.0033198032826784497,0.08096226284875405,0.552052761484754,0.21249899708649367,0.9843713857861914,0.05420018245289497,0.0479922333656152,0.026135637896762924,0.0005586049147227066,0.06269913154689641,0.07614015506324584,0.01022360455362306,0.01734796378830748,0.06250190107126645,0.01270211573843821,0.10040543209943929,0.06542423012787855,0.01485042974454174,0.0009301577445371578,0.9885440619240679,0.01868498340050391,0.01538975513444728,0.03320939217771708,0.07971038682479667,0.08414876645260767,0.04986264759492276,0.07513097963166457,0.0608401616046031,0.08609673627193896,0.01111077921487848,0.03377839100157591,0.019711825686596157,0.06885755892064475,0.0702144526948952,0.01988570766027138,0.07173198722008767,0.990075155952564,0.9770846704919209,0.018689748808181868,0.9095550256260817,0.9942769263283237,0.9715842527517197,0.06712154750288597,0.1113649285863035,0.008913575944354345,0.011873954967295467,0.00042700497922540387,0.08802500698902886,0.09328525008410055,0.8820922367815145,0.8963433871542787,1.0000000000000138,0.9982245553336859,0.07732977583037594,0.9903769129123491,0.07680393740237286,0.02789190578975344,0.044094054815172076,0.023154361332901264,0.023481622441892846,0.9770137540484964
83,0.007710752486329802,0.00015321633127277613,0.03853909313199739,0.05275268352583427,0.07638278199807466,0.15159115107294888,0.0035241229393967576,0.07369946094901163,0.5792579503997393,0.20596304753331557,0.9881760508636148,0.0491763379222293,0.043322470222850996,0.026494127912132723,0.00073689114993381,0.058073543183683435,0.07345765205816622,0.00939424355591521,0.015219674570638232,0.06031734724051702,0.011886228880605235,0.09165756290117177,0.059005683803365974,0.01422679007536047,0.001111524625064879,0.9912358612795857,0.01692037852195002,0.014309512159390842,0.03258079489987035,0.0767760033158374,0.08183776939114534,0.04403430759061941,0.06868595316970016,0.0582916024927399,0.08073340300239983,0.010502464249256872,0.03008433413089935,0.018005454374170227,0.059640697605464456,0.06653334894098624,0.017724950971613373,0.06924757392376428,0.9927587261007805,0.984244510267289,0.01579409820763756,0.9237663158984345,0.9973948071917388,0.979259272579177,0.06375498539348293,0.10231340386419761,0.00850831078808306,0.011222337709956261,0.0005535437362277372,0.08229285493285154,0.08962890074361464,0.8936282911542092,0.9093973242191855,0.9982245553336859,1.0000000000000084,0.07177141828786307,0.9919261745649346,0.07163496989748039,0.03026171022296916,0.047066635958348965,0.020735564106739976,0.02063621187271811,0.9763714560719148
84,0.00012637062603895513,5.962101625464344e-06,0.3917614534574044,0.3575424327945453,0.9809328534433179,0.48564704344885207,0.0002567628403362678,0.8907653573637847,0.14852017709984694,0.7345299247877971,0.06518550641985929,0.11083212555936654,0.14143476092680496,0.0017569898348464724,0.0003926516181492717,0.09686012495454639,0.7862245208576641,0.030391343744299214,0.05567300680084263,0.6311371719877593,0.0440253161364629,0.9023295586499529,0.7661544454023888,0.1624893107581583,0.00018386373742520574,0.07032723128544767,0.049526977040871056,0.042130084126652714,0.3145914822785761,0.8313699980515743,0.8992763500123745,0.4359429463055049,0.9893151935968006,0.7284984480299657,0.9492138195073159,0.04473633993795943,0.07000734383468034,0.05240321193703432,0.5879382820994938,0.7313710147380926,0.0519657394297512,0.7236712129906326,0.08546792332252703,0.08698581985520602,0.057253122904691,0.08613613147053807,0.06831935110129601,0.09178663709415469,0.8259245927691375,0.884944098581253,0.11744028421559975,0.12442613695986876,0.00011274623098950478,0.9695442947146518,0.8924811103708912,0.08083884508309992,0.08083143728137492,0.07732977583037594,0.07177141828786307,1.0000000000000007,0.06555390990406805,0.9954140073241561,0.0020805201126457913,0.004516917073270031,0.055795764020223605,0.06794619571317825,0.06784872901035212
86,0.004162973823698586,8.624581629362597e-05,0.034276949763094686,0.048808516805725156,0.0690945478009762,0.1563726930092072,0.003220027742096621,0.06832008313110431,0.5899145544453689,0.20008193506384395,0.9830277676419409,0.05911896054779148,0.05139803663002799,0.02318940978194006,0.0007299906331552136,0.0654380597532456,0.06706180432130635,0.00857173037269573,0.013877783522054668,0.05440515734134468,0.010821723353161249,0.08420461216028909,0.05469877017412062,0.013136697232517317,0.0010536863946565501,0.982862233641983,0.015774161301998997,0.013104307702938278,0.029010674659037897,0.06943236619677136,0.07417611216169843,0.041615294538818494,0.06371813647907124,0.05358014030663324,0.07390367278332985,0.009453641967558477,0.029145718382838852,0.016706673335738168,0.05710509383797796,0.0606708979577334,0.016692085735623075,0.0623531920813203,0.9802354864034788,0.9832317601721664,0.014911363910503697,0.9201203517100851,0.9854516543760443,0.9694238654413198,0.05825036247209066,0.09519735231241228,0.00787793806545162,0.010473007550613148,0.0005423512188373975,0.07568985266135032,0.08117451011612901,0.8837784079910185,0.8968846546763688,0.9903769129123491,0.9919261745649346,0.06555390990406805,1.0000000000000016,0.0655299357495951,0.02760778300161276,0.04224158212509668,0.01980020432324664,0.01915484123216912,0.974000682775926
87,0.00021928220981344147,1.703023134590336e-05,0.3876164566697104,0.35214597328375596,0.9834599305589535,0.501636774338359,0.0003647819998820202,0.9062438698189571,0.14977212477417168,0.7538203360411592,0.06536976023988895,0.11369484149430337,0.14555361338831457,0.0027627033940066164,0.0003899947242282865,0.09911512172814169,0.8217254707592487,0.03012357315935058,0.051427485919110644,0.6612670997535208,0.045627954446139714,0.9181676477469143,0.7820626672523625,0.16206211431505188,0.0002730322486055331,0.06987986791038611,0.049426134553760506,0.041932024418813336,0.3135678034377708,0.8727992255114965,0.9208569260579591,0.43930682414499256,0.9855515455633964,0.7501540701100508,0.9676878069586071,0.04730539320330887,0.07138194304672303,0.05252600345931476,0.5852730996023784,0.7561947407917005,0.05202893008523974,0.7590124390252342,0.0856341489112858,0.08684784456454721,0.0535994251283949,0.08617849150006733,0.06790336345600008,0.0916536252060711,0.8645238541127559,0.907586585215137,0.11642902915323998,0.12527716848040765,0.00018352141707068132,0.9790091043182233,0.9183192827830248,0.08023121293078893,0.08075098015516115,0.07680393740237286,0.07163496989748039,0.9954140073241561,0.0655299357495951,1.0000000000000016,0.003336734814938529,0.005848342129667744,0.05497137179131279,0.06412562761075379,0.06731179086538082
90,0.013959908559448564,0.0016099768442035083,0.003589602906560323,0.5303047049313001,0.003404078892115703,0.07213237762097954,0.09740753556917064,0.017733917353675306,0.010796226563101325,0.018473423539887516,0.028382312587763414,0.00861533625369831,0.0022271690166056632,0.8085645351218211,0.05810445118415284,0.012832709842558002,0.026964357464495367,0.0012782123131230133,0.012826700920378012,0.019609200196535902,0.014920861074111407,0.003807618785354655,0.0054308699629477195,0.002991817787074377,0.06666498247056864,0.032669576238611775,0.002170528317934694,0.0017992581773239988,0.0015948315703200808,0.004100709745545677,0.002905118220794076,0.015396293235985998,0.0027277439328074397,0.005689114193336469,0.005144931890866373,0.014714634112719303,0.006017315626914589,0.002127560669296061,0.005068198671234032,0.02529116766474325,0.0018570772029149044,0.020526898481083248,0.036104032700105114,0.046944565337132683,0.009134420244571246,0.0516324456544582,0.030728615206132813,0.037374132947792925,0.004693693347125174,0.014523144831845233,0.0011046585042944162,0.0016497725392154061,0.04834622443220677,0.004304277179392821,0.004383181511896358,0.06545223339566072,0.05468091964102154,0.02789190578975344,0.03026171022296916,0.0020805201126457913,0.02760778300161276,0.003336734814938529,1.0000000000000004,0.965849994104597,0.007172220539700682,0.001060136908895202,0.029975061866540684
91,0.010820181973720134,0.00167845475615204,0.004552244809133139,0.5344676962211131,0.005956405337596392,0.07699439491452066,0.1070455870681966,0.021759549033648726,0.01301392421039099,0.024172597457707327,0.04402058373030356,0.011268631454282524,0.0031740145489416675,0.7842559883318849,0.05176026510016621,0.01574724353008225,0.030974515943213793,0.0018732410009130243,0.01541678728180777,0.02522432522346176,0.01824307226477938,0.006804424129012481,0.007629869902939653,0.004236913908651602,0.06315896692716581,0.050183145403184214,0.0029686131947234194,0.0025025470885599484,0.0024065372672814785,0.007125453621543561,0.005781454108544176,0.02073271040774309,0.005067308574909105,0.008667832884960862,0.008086012774494729,0.018419707768996655,0.007429168032441788,0.0030199126295517107,0.007367122156764679,0.03160240568672495,0.0026852955115491263,0.026091499820229548,0.05368004149383107,0.06706087442283327,0.011395572821097797,0.08595289705473753,0.0490072921435231,0.05827800835219665,0.007671122276470163,0.018359842069500185,0.0016834200349531224,0.0024282843780257207,0.04548889569024545,0.007232334886125611,0.0075361973542695795,0.10564687104924027,0.09087615584618061,0.044094054815172076,0.047066635958348965,0.004516917073270031,0.04224158212509668,0.005848342129667744,0.965849994104597,1.00000000000001,0.008515439446229156,0.0018906745864702833,0.0465002038689987
92,0.00015916318627839232,1.8807015025907576e-05,0.02336089908803708,0.03229537502598636,0.050434953514638926,0.35601969625773106,0.0007876002984403927,0.06328299852699114,0.03511059042731198,0.04240941652052411,0.01905879341503395,0.18282225848363665,0.15911211102887196,0.005749581788578353,0.00041581399782123976,0.19636717532936315,0.0612892315898163,0.6009307698015133,0.6804297131252903,0.03912148060979808,0.6691828394462068,0.07882445811081507,0.054440613538055765,0.009202527549756609,0.0005265214814304195,0.021111088344268232,0.9179977044460186,0.9374691241778492,0.021252862714696192,0.04666140453775929,0.05112610592464352,0.047732517439423285,0.054411205903364256,0.04214538114349285,0.059575242579140854,0.604851726379915,0.9474596170898533,0.9267054221227092,0.05914638131197174,0.04924092282949849,0.9483504674316616,0.04445346188318764,0.024394211901241313,0.02825435177034568,0.7586733856149596,0.02595781142848924,0.01851273448369856,0.02582457841084829,0.03867907393784488,0.07544053065842976,0.0061210386524002385,0.008444050779110968,0.0003222769519287604,0.05969132233144144,0.05599395803115935,0.024153220204153242,0.022865934340754866,0.023154361332901264,0.020735564106739976,0.055795764020223605,0.01980020432324664,0.05497137179131279,0.007172220539700682,0.008515439446229156,0.9999999999999902,0.9033682323422902,0.019952465245836326
97,0.0009075614500682044,2.4382463404126522e-05,0.02669283937444296,0.03526186621903107,0.0608899900269427,0.3328441011078487,0.00013479083180493434,0.07008101893342812,0.036716811014310305,0.041698864714021525,0.017997601903326062,0.20064307648455068,0.1883151765406599,0.0011485019377759564,9.746311609724069e-05,0.21870886941696013,0.06321311302429039,0.7385579669654103,0.6182565095562206,0.04396055689051518,0.6460884913619804,0.09580849095147058,0.06325066676639096,0.011521453207806903,0.00010074827637609995,0.0208433988267432,0.9938946024532513,0.9135360258396502,0.02431082244618428,0.05188842349855456,0.05616517480168203,0.047573219140450665,0.05990572819965225,0.03848554807012916,0.06557755891862496,0.611834091852945,0.9451305805210749,0.9788100142420562,0.05859156115285753,0.0525792813777964,0.9673163582702342,0.049585384852982424,0.02409209642257003,0.02935529622138187,0.6456086932525262,0.02498495550574339,0.01889835978742768,0.025958400692036577,0.040159020499312116,0.07853412509376703,0.007837418470118741,0.010682281110373615,4.241098204703373e-05,0.06357088486747181,0.0625461100215083,0.02325084515995641,0.022088133415372753,0.023481622441892846,0.02063621187271811,0.06794619571317825,0.01915484123216912,0.06412562761075379,0.001060136908895202,0.0018906745864702833,0.9033682323422902,0.9999999999999987,0.019987994744984756
98,0.006700608276598201,0.00014121247026186384,0.03634374809299972,0.05156456966566382,0.07233780621344525,0.17289014565069696,0.003742585704119018,0.0688671993939321,0.623062853009281,0.19603151106368064,0.9684394137844018,0.05971087812919718,0.051864418886773414,0.026145278067134677,0.0008267740426674056,0.0664370848889554,0.06945422830698604,0.008999635862813262,0.015279994039763357,0.056767798449230994,0.011592285443030946,0.08656593291506595,0.055337352723048856,0.01344449141336679,0.0012996030728126386,0.9643117148335486,0.016028206676058414,0.01374773603894181,0.030729808418218613,0.07180073967876917,0.07727354837179284,0.04072258423194944,0.06382021368313306,0.05463552019354009,0.07540653396497211,0.010315575529438178,0.027806198449558183,0.01708234454370939,0.05469566459521426,0.06248712377014,0.01662363594261721,0.065052184868523,0.9751182523962849,0.9708108967375536,0.015367410612130586,0.9072299497024278,0.9783766509540862,0.9658320153440914,0.0591973966268919,0.09398140701629144,0.00806547575752345,0.010608780709203024,0.0007060354461558161,0.07627885034596625,0.08373880818368767,0.889370582774653,0.9018268867405017,0.9770137540484964,0.9763714560719148,0.06784872901035212,0.974000682775926,0.06731179086538082,0.029975061866540684,0.0465002038689987,0.019952465245836326,0.019987994744984756,1.0000000000000009
