fold,k,silhouette
HK97-like,2,0.2037003101113121
HK97-like,3,0.2446874335650986
HK97-like,4,0.2767286454370621
HK97-like,5,0.388220477551951
HK97-like,6,0.390743563845455
picorna-like,2,0.6036046198221029
picorna-like,3,0.6784238737007494
picorna-like,4,0.4850530484079947
picorna-like,5,0.6143994525660982
picorna-like,6,0.4344320358136377
NCLDV-like,2,0.5079916905846977
NCLDV-like,3,0.3806078685453631
NCLDV-like,4,0.3193435398533601
NCLDV-like,5,0.178334359179914
NCLDV-like,6,0.2124156011693512
micro-like,2,0.6577055467350391
