cluster,fold
0,HK97-like
1,HK97-like
3,picorna-like
4,micro-like
5,HK97-like
7,HK97-like
8,NCLDV-like
9,HK97-like
10,micro-like
11,HK97-like
12,HK97-like
13,HK97-like
14,HK97-like
15,HK97-like
16,HK97-like
17,HK97-like
18,HK97-like
19,micro-like
20,HK97-like
21,HK97-like
22,HK97-like
23,HK97-like
24,HK97-like
25,HK97-like
26,HK97-like
27,HK97-like
28,HK97-like
29,HK97-like
30,HK97-like
32,HK97-like
33,HK97-like
34,NCLDV-like
35,HK97-like
37,HK97-like
38,HK97-like
39,HK97-like
40,HK97-like
41,HK97-like
42,HK97-like
43,HK97-like
44,HK97-like
46,HK97-like
47,picorna-like
48,HK97-like
49,HK97-like
50,HK97-like
51,NCLDV-like
52,picorna-like
53,HK97-like
54,HK97-like
55,HK97-like
56,HK97-like
57,NCLDV-like
58,HK97-like
59,HK97-like
60,picorna-like
61,HK97-like
62,HK97-like
63,picorna-like
64,NCLDV-like
65,HK97-like
66,HK97-like
67,picorna-like
68,HK97-like
69,HK97-like
70,HK97-like
71,HK97-like
72,HK97-like
73,HK97-like
74,HK97-like
76,HK97-like
77,picorna-like
78,picorna-like
79,picorna-like
80,NCLDV-like
81,HK97-like
82,NCLDV-like
83,HK97-like
84,HK97-like
86,HK97-like
87,HK97-like
90,HK97-like
91,HK97-like
92,HK97-like
95,picorna-like
96,picorna-like
97,HK97-like
98,HK97-like
