cluster,3,47,52,60,63,67,77,78,79,95,96
3,1.0000000000000018,0.5661450353829496,0.010099549266410393,0.0038939270874458233,0.5776713618707462,0.631979733246536,0.7629851150441551,0.7907649001673589,0.5793077620573709,0.4795527926497719,0.44688041855238914
47,0.5661450353829496,0.9999999999999988,0.0032369018901961086,0.005147967715990473,0.999079831896897,0.9750092619631711,0.7780166531492861,0.8931782191479267,0.9812884600049055,0.9685400382174274,0.9739180188936369
52,0.010099549266410393,0.0032369018901961086,0.9999999999999999,0.0009016843162406224,0.0041345738815704875,0.003423083246604064,0.0035601670707414938,0.004054512009499428,0.003517432859740926,0.003034889145160476,0.002701947187438775
60,0.0038939270874458233,0.005147967715990473,0.0009016843162406224,0.9999999999999987,0.005614697423624649,0.0054050959101107415,0.0035532710056770628,0.005148430393577424,0.005488178612075468,0.005165397878007245,0.004781958668044302
63,0.5776713618707462,0.999079831896897,0.0041345738815704875,0.005614697423624649,0.9999999999999989,0.972139307244932,0.7924725656772004,0.9022675998540196,0.9769094019036786,0.9614371419293366,0.9686051169940926
67,0.631979733246536,0.9750092619631711,0.003423083246604064,0.0054050959101107415,0.972139307244932,0.9999999999999987,0.774001559029638,0.911758177224365,0.9944696076286151,0.96586686822991,0.9412403769731786
77,0.7629851150441551,0.7780166531492861,0.0035601670707414938,0.0035532710056770628,0.7924725656772004,0.774001559029638,1.0000000000000016,0.9590065709500255,0.7330913207403996,0.6217132421082312,0.6192827471190093
78,0.7907649001673589,0.8931782191479267,0.004054512009499428,0.005148430393577424,0.9022675998540196,0.911758177224365,0.9590065709500255,1.0000000000000022,0.8791727258427584,0.7950200911997092,0.7781637020672522
79,0.5793077620573709,0.9812884600049055,0.003517432859740926,0.005488178612075468,0.9769094019036786,0.9944696076286151,0.7330913207403996,0.8791727258427584,1.0000000000000038,0.9839856059267036,0.9639735823292589
95,0.4795527926497719,0.9685400382174274,0.003034889145160476,0.005165397878007245,0.9614371419293366,0.96586686822991,0.6217132421082312,0.7950200911997092,0.9839856059267036,0.9999999999999998,0.9899972162460661
96,0.44688041855238914,0.9739180188936369,0.002701947187438775,0.004781958668044302,0.9686051169940926,0.9412403769731786,0.6192827471190093,0.7781637020672522,0.9639735823292589,0.9899972162460661,0.9999999999999999
