fold,cluster,auto_subgroup,best_k,silhouette,dendrogram_leaf_rank
picorna-like,3,1,3,0.6784238737007494,2
picorna-like,47,1,3,0.6784238737007494,5
picorna-like,63,1,3,0.6784238737007494,6
picorna-like,67,1,3,0.6784238737007494,7
picorna-like,77,1,3,0.6784238737007494,9
picorna-like,78,1,3,0.6784238737007494,10
picorna-like,79,1,3,0.6784238737007494,8
picorna-like,95,1,3,0.6784238737007494,3
picorna-like,96,1,3,0.6784238737007494,4
picorna-like,52,2,3,0.6784238737007494,0
picorna-like,60,3,3,0.6784238737007494,1
