latitude,longitude,plot_latitude,plot_longitude,total_count,size_bin_label,General Environmental,Host Associated,Extreme Environments,Engineered Systems,Contaminated and Industrial Environments,Mixed And Lab
-90.0,25.0,-88.083318,30.234331,1,"[1, 100)",0,1,0,0,0,0
-75.0,-175.0,-76.4986,-179.98839999999998,10,"[1, 100)",10,0,0,0,0,0
-75.0,-150.0,-84.24499999999989,-153.60418518518532,54,"[1, 100)",10,0,44,0,0,0
-75.0,-125.0,-73.20403333333333,-129.36506666666668,3,"[1, 100)",3,0,0,0,0,0
-75.0,-100.0,-69.82028,-97.791542,10,"[1, 100)",6,4,0,0,0,0
-75.0,-75.0,-64.77899621579728,-64.11643741790567,5329,"[5,000, 20,000)",5288,41,0,0,0,0
-75.0,-50.0,-63.090919204956826,-60.691549329482605,232,"[100, 1,000)",229,3,0,0,0,0
-75.0,75.0,-68.50192898481102,78.16065399264082,46765,"[20,000, )",7722,0,39043,0,0,0
-75.0,150.0,-76.73616534088957,160.62771408131508,6087,"[5,000, 20,000)",3827,84,2176,0,0,0
-75.0,175.0,-77.61432052895518,163.38766283178714,3454,"[1,000, 5,000)",3151,0,303,0,0,0
-50.0,-100.0,-44.034166599999985,-103.76583299999997,42,"[1, 100)",42,0,0,0,0,0
-50.0,-75.0,-47.80643684999931,-73.5606021292133,1780,"[1,000, 5,000)",1780,0,0,0,0,0
-50.0,-50.0,-57.66587987344954,-50.5700523491692,7578,"[5,000, 20,000)",7462,116,0,0,0,0
-50.0,-25.0,-50.96,-19.759999999999998,14,"[1, 100)",0,14,0,0,0,0
-50.0,0.0,-44.134215,5.28138,2,"[1, 100)",1,1,0,0,0,0
-50.0,50.0,-38.233438999999734,48.7117381470591,680,"[100, 1,000)",680,0,0,0,0,0
-50.0,125.0,-39.23,135.19,5,"[1, 100)",5,0,0,0,0,0
-50.0,150.0,-48.162115260171355,142.57499078583493,6162,"[5,000, 20,000)",6156,6,0,0,0,0
-50.0,175.0,-40.82313995272388,174.03049835600422,16362,"[5,000, 20,000)",0,13516,2844,0,0,2
-25.0,-175.0,-23.871796958541854,-176.7071694191803,1543,"[1,000, 5,000)",1535,0,8,0,0,0
-25.0,-150.0,-19.48366575,-149.5789175,4,"[1, 100)",3,1,0,0,0,0
-25.0,-125.0,-23.193898952879536,-129.56645497382243,191,"[100, 1,000)",185,6,0,0,0,0
-25.0,-100.0,-15.112905359618871,-98.4233983716159,6835,"[5,000, 20,000)",6700,135,0,0,0,0
-25.0,-75.0,-15.133946088736256,-77.14931759593908,38771,"[20,000, )",37728,66,977,0,0,0
-25.0,-50.0,-24.215241226922583,-46.00173833674729,3994,"[1,000, 5,000)",1130,1730,301,829,1,3
-25.0,-25.0,-18.429248582702268,-25.143856293693943,2775,"[1,000, 5,000)",2721,49,5,0,0,0
-25.0,0.0,-25.99264341922966,1.6116473815460621,3609,"[1,000, 5,000)",3569,40,0,0,0,0
-25.0,25.0,-31.544967599081055,19.370249535286828,4789,"[1,000, 5,000)",1897,292,973,0,1627,0
-25.0,50.0,-21.844128817554857,44.901059360261065,8863,"[5,000, 20,000)",8757,106,0,0,0,0
-25.0,75.0,-29.17833333333333,76.27833333333332,24,"[1, 100)",23,1,0,0,0,0
-25.0,100.0,-30.363333333333333,102.44916666666667,12,"[1, 100)",12,0,0,0,0,0
-25.0,125.0,-27.355204049504888,114.50539614356428,202,"[100, 1,000)",169,0,33,0,0,0
-25.0,150.0,-24.434780137383605,148.68379155597933,18662,"[5,000, 20,000)",744,12387,3232,2299,0,0
-25.0,175.0,-20.918836330935246,176.22762985611507,278,"[100, 1,000)",275,3,0,0,0,0
0.0,-175.0,0.5107855769230774,-167.68343846153832,104,"[100, 1,000)",104,0,0,0,0,0
0.0,-150.0,-7.684259863865352,-142.24347499119875,8521,"[5,000, 20,000)",7975,162,384,0,0,0
0.0,-100.0,7.3716214563869125,-101.79633643094031,3872,"[1,000, 5,000)",3587,227,58,0,0,0
0.0,-75.0,3.0299616315979376,-75.7845359025112,22418,"[20,000, )",18047,1008,3323,40,0,0
0.0,-50.0,1.9978781684782496,-53.3222316915124,3864,"[1,000, 5,000)",1154,1631,1079,0,0,0
0.0,-25.0,-7.361458109576555,-18.485548792964508,3070,"[1,000, 5,000)",2957,113,0,0,0,0
0.0,0.0,-3.1841798093366296,9.568262030712505,407,"[100, 1,000)",4,403,0,0,0,0
0.0,25.0,-3.3613906263191438,29.952293742574483,14081,"[5,000, 20,000)",11472,2609,0,0,0,0
0.0,50.0,11.81773169117647,47.47569999999996,68,"[1, 100)",65,3,0,0,0,0
0.0,75.0,2.1870966534861536,73.67019655175388,4274,"[1,000, 5,000)",4149,86,39,0,0,0
0.0,100.0,1.5471762285076334,102.39477723942314,9253,"[5,000, 20,000)",5072,136,7,3888,150,0
0.0,125.0,-1.3645229361850764,122.95566754761802,4062,"[1,000, 5,000)",4060,0,2,0,0,0
0.0,150.0,9.096248484308758,139.18571143024542,10299,"[5,000, 20,000)",10180,119,0,0,0,0
25.0,-150.0,23.276640523872985,-157.629747094228,4436,"[1,000, 5,000)",3921,84,431,0,0,0
25.0,-125.0,34.438289906941094,-119.47318477074195,130485,"[20,000, )",93970,19471,16417,330,115,182
25.0,-100.0,27.92566769285047,-102.67212443078346,64200,"[20,000, )",39549,6170,18370,27,12,72
25.0,-75.0,31.60502684454924,-77.29596388812625,127184,"[20,000, )",108745,6522,10762,375,766,14
25.0,-50.0,21.521434396561382,-49.04750261604037,1745,"[1,000, 5,000)",1542,22,181,0,0,0
25.0,-25.0,24.49114855345344,-21.6210111303488,4155,"[1,000, 5,000)",2957,894,304,0,0,0
25.0,0.0,36.485662252577946,-7.400711986597932,970,"[100, 1,000)",874,86,10,0,0,0
25.0,25.0,32.02333866525987,29.21446888674226,10309,"[5,000, 20,000)",9071,426,64,0,189,559
25.0,50.0,20.648375899102316,46.33466033680505,2785,"[1,000, 5,000)",2512,273,0,0,0,0
25.0,75.0,18.855937554730342,66.80750324768245,9747,"[5,000, 20,000)",9290,184,202,41,23,7
25.0,100.0,27.68192529021542,101.63453227651887,2964,"[1,000, 5,000)",468,709,265,1311,211,0
25.0,125.0,32.24718401582176,122.15408467551484,34020,"[20,000, )",17135,9282,178,7394,30,1
25.0,150.0,33.11923844556747,140.13078416068575,3428,"[1,000, 5,000)",774,295,40,2319,0,0
25.0,175.0,27.25925106666668,175.45419231794838,195,"[100, 1,000)",195,0,0,0,0,0
50.0,-175.0,55.531122222222315,-165.33193478260884,207,"[100, 1,000)",207,0,0,0,0,0
50.0,-150.0,51.70415160558267,-143.1354831995086,9609,"[5,000, 20,000)",8062,1547,0,0,0,0
50.0,-125.0,44.36773219111497,-122.77714560862928,151708,"[20,000, )",74796,42071,19299,13620,349,1573
50.0,-100.0,42.955697268043764,-93.85026631697409,376158,"[20,000, )",268382,19076,59240,20987,8111,362
50.0,-75.0,41.51518557515932,-77.92838342578249,380245,"[20,000, )",248169,82524,27539,11334,10353,326
50.0,-50.0,47.97758382614803,-53.80746471488218,1438,"[1,000, 5,000)",1358,67,0,13,0,0
50.0,-25.0,46.451343990310015,-17.038891732558124,516,"[100, 1,000)",377,139,0,0,0,0
50.0,0.0,49.048944710269474,4.472324621749646,95199,"[20,000, )",52139,23050,11765,6180,1893,172
50.0,25.0,51.78117701961328,16.58182498292194,34266,"[20,000, )",16817,10552,5142,1469,286,0
50.0,50.0,41.31223189512187,49.731310607317184,410,"[100, 1,000)",153,2,255,0,0,0
50.0,75.0,51.24000583021105,79.32681319702185,928,"[100, 1,000)",0,24,891,0,0,13
50.0,100.0,52.00328434741783,105.17195124413176,213,"[100, 1,000)",213,0,0,0,0,0
50.0,125.0,38.31751572801579,124.25028192286896,25887,"[20,000, )",13861,6924,12,5090,0,0
50.0,150.0,44.33951230469646,142.30269704009118,873,"[100, 1,000)",339,28,7,499,0,0
75.0,-175.0,73.58536179775292,-168.6371011235956,89,"[1, 100)",0,89,0,0,0,0
75.0,-150.0,72.91954125324888,-150.54740798992242,19537,"[5,000, 20,000)",15162,68,4307,0,0,0
75.0,-125.0,75.95535635388777,-128.14478579088455,1865,"[1,000, 5,000)",1858,0,7,0,0,0
75.0,-100.0,77.25638094630858,-92.32168906040246,298,"[100, 1,000)",123,0,175,0,0,0
75.0,-75.0,80.33804935612606,-76.13362598987948,3656,"[1,000, 5,000)",3460,196,0,0,0,0
75.0,-50.0,67.28272427298535,-49.289403181402136,495,"[100, 1,000)",104,216,175,0,0,0
75.0,-25.0,64.56196596396674,-21.207232368706347,2026,"[1,000, 5,000)",1999,3,24,0,0,0
75.0,0.0,73.15314861140598,5.265347684826355,2647,"[1,000, 5,000)",2464,144,37,0,2,0
75.0,25.0,67.25462767836171,19.582728362439255,31548,"[20,000, )",968,53,30527,0,0,0
75.0,50.0,72.52844946236569,44.07866236559133,93,"[1, 100)",0,93,0,0,0,0
75.0,75.0,72.49615848214346,72.36512589285692,672,"[100, 1,000)",251,421,0,0,0,0
75.0,100.0,87.02440972553848,95.26373663484414,1676,"[1,000, 5,000)",1605,71,0,0,0,0
75.0,125.0,75.10097804878048,118.30873609756121,205,"[100, 1,000)",53,152,0,0,0,0
75.0,150.0,70.85129230769239,161.03289846153874,130,"[100, 1,000)",34,96,0,0,0,0
75.0,175.0,71.07040000000005,174.99160000000006,36,"[1, 100)",0,36,0,0,0,0
90.0,-175.0,87.85946666666666,-178.2050333,3,"[1, 100)",0,3,0,0,0,0
90.0,-150.0,87.77201667,-148.8943333,4,"[1, 100)",0,4,0,0,0,0
90.0,-100.0,89.99033333,-89.2525,1,"[1, 100)",0,1,0,0,0,0
90.0,-25.0,120.06,-34.175,1,"[1, 100)",1,0,0,0,0,0
90.0,100.0,87.58395327868323,96.90077370218732,2928,"[1,000, 5,000)",2928,0,0,0,0,0
