group,ngram,mean_tfidf,presence_ratio,present_cluster_count
NCLDV-like,33 33 33,0.401540877854635,1.0,7
NCLDV-like,33 33,0.378695206350489,1.0,7
NCLDV-like,38 38 38,0.3028141354971378,1.0,7
NCLDV-like,38 38,0.2720090161060318,1.0,7
NCLDV-like,33,0.2318231475424327,1.0,7
NCLDV-like,74 74 74,0.2240113955454033,1.0,7
NCLDV-like,74 74,0.2225198825338243,1.0,7
NCLDV-like,38,0.2147953809204918,1.0,7
NCLDV-like,48 48 48,0.1991902752027986,1.0,7
NCLDV-like,48 48,0.1979273904680453,1.0,7
NCLDV-like,74,0.1954199435106272,1.0,7
NCLDV-like,78 78 78,0.1631248462618204,1.0,7
NCLDV-like,78 78,0.1630379323943587,1.0,7
NCLDV-like,48,0.1604514793200932,1.0,7
NCLDV-like,78,0.1388694195459598,1.0,7
NCLDV-like,17 17 17,0.09613106267551,1.0,7
NCLDV-like,17 17,0.092298563068582,1.0,7
NCLDV-like,17,0.086804225173017,1.0,7
NCLDV-like,108,0.0769884768736467,1.0,7
NCLDV-like,108 108,0.0701983895072392,1.0,7
NCLDV-like,108 108 108,0.0697414203200786,1.0,7
NCLDV-like,104,0.0575145487033627,1.0,7
NCLDV-like,104 104,0.0499641040660472,1.0,7
NCLDV-like,149,0.0473331346804827,1.0,7
NCLDV-like,104 104 104,0.04681722444616,1.0,7
NCLDV-like,149 149,0.0442003827188148,1.0,7
NCLDV-like,149 149 149,0.0409387188210076,1.0,7
NCLDV-like,4 4,0.0284869754945855,1.0,7
NCLDV-like,4 4 4,0.0268275438492313,1.0,7
NCLDV-like,49 49,0.0202730305668552,1.0,7
NCLDV-like,49 49 49,0.0179473497850658,1.0,7
NCLDV-like,6 6,0.0140179327046778,1.0,7
NCLDV-like,135,0.0125595139558539,1.0,7
NCLDV-like,135 0,0.0099916262175878,1.0,7
NCLDV-like,78 104,0.0096000879779986,1.0,7
NCLDV-like,33 108,0.0094371185364002,1.0,7
NCLDV-like,6 6 6,0.0092291555038738,1.0,7
NCLDV-like,4 33,0.0083021769800266,1.0,7
NCLDV-like,33 4,0.007425554550474,1.0,7
NCLDV-like,2 53 3,0.0071743464586641,1.0,7
NCLDV-like,53 3 63,0.0062134939051425,1.0,7
NCLDV-like,3 63 49,0.006121646188359,1.0,7
NCLDV-like,3 63,0.0058497952420782,1.0,7
NCLDV-like,56 56 56,0.0056917940892546,0.8571428571428571,6
NCLDV-like,38 48,0.0055083667918726,1.0,7
NCLDV-like,74 74 2,0.0053815475185456,1.0,7
NCLDV-like,0 135 0,0.0052505269375819,1.0,7
NCLDV-like,135 0 135,0.0052487913774308,1.0,7
NCLDV-like,0 135,0.0050919409446858,1.0,7
NCLDV-like,74 2,0.0050804431757017,1.0,7
NCLDV-like,17 74,0.0049605768669425,1.0,7
NCLDV-like,38 38 48,0.0049553446970399,1.0,7
NCLDV-like,38 48 48,0.0049420192505219,1.0,7
NCLDV-like,17 74 74,0.0049354180476017,1.0,7
NCLDV-like,17 17 74,0.0049314053329234,1.0,7
NCLDV-like,49 38,0.0049304999295549,1.0,7
NCLDV-like,10 78 78,0.004925678481556,1.0,7
NCLDV-like,49 49 38,0.0049208759158337,1.0,7
NCLDV-like,49 38 38,0.0049154414855052,1.0,7
NCLDV-like,149 33,0.0048640659682358,1.0,7
NCLDV-like,108 33,0.0048628279861649,1.0,7
NCLDV-like,149 33 33,0.004859640431449,1.0,7
NCLDV-like,149 149 33,0.0048522676641251,1.0,7
NCLDV-like,33 108 33,0.0048383513417128,1.0,7
NCLDV-like,108 33 108,0.0048331372547253,1.0,7
NCLDV-like,104 78,0.0048235702945269,1.0,7
NCLDV-like,104 78 104,0.0048112870830538,1.0,7
NCLDV-like,78 104 78,0.004807123827123,1.0,7
NCLDV-like,10 78,0.0047995156205958,1.0,7
NCLDV-like,104 2,0.0047981229631781,1.0,7
NCLDV-like,78 104 104,0.0047910698538713,1.0,7
NCLDV-like,104 104 2,0.0047882846785187,1.0,7
NCLDV-like,33 4 33,0.0047846128524341,1.0,7
NCLDV-like,104 2 53,0.0047843915776352,1.0,7
NCLDV-like,78 78 104,0.0047807210145148,1.0,7
NCLDV-like,38 4 4,0.0047741511064158,1.0,7
NCLDV-like,63 49 49,0.0047684370215569,1.0,7
NCLDV-like,33 33 108,0.004755347142874,1.0,7
NCLDV-like,33 108 108,0.0047500342273481,1.0,7
NCLDV-like,108 135,0.0047449966161374,1.0,7
NCLDV-like,135 0 0,0.0047418904632466,1.0,7
NCLDV-like,3 135,0.0047366288943691,1.0,7
NCLDV-like,108 108 135,0.0047308611492394,1.0,7
NCLDV-like,135 3,0.0047288652426495,1.0,7
NCLDV-like,135 3 135,0.0047280756629571,1.0,7
NCLDV-like,3 135 0,0.0047270254262757,1.0,7
NCLDV-like,108 135 3,0.0047235074964181,1.0,7
NCLDV-like,33 33 4,0.0046920147303004,1.0,7
NCLDV-like,4 33 33,0.0046630607186082,1.0,7
NCLDV-like,2 53,0.0046595355750862,1.0,7
NCLDV-like,49 4 33,0.0046413293294339,1.0,7
NCLDV-like,74 2 2,0.004624452039033,1.0,7
NCLDV-like,6 149,0.0045493025604816,1.0,7
NCLDV-like,6 149 149,0.0045473231964142,1.0,7
NCLDV-like,6 6 149,0.0045433302114639,1.0,7
NCLDV-like,6 38 38,0.0045376073634364,1.0,7
NCLDV-like,53 3,0.0045360009745554,1.0,7
NCLDV-like,38 38 4,0.0045152275930394,1.0,7
NCLDV-like,4 4 7,0.0045126190126426,1.0,7
NCLDV-like,4 33 4,0.0044836654372842,1.0,7
NCLDV-like,33 4 4,0.0044140406005393,1.0,7
NCLDV-like,4 7 6,0.0041851000734187,1.0,7
NCLDV-like,6 6 38,0.0041835863535721,1.0,7
NCLDV-like,48 48 11,0.0040996201187335,1.0,7
NCLDV-like,48 11,0.0038494329176073,1.0,7
NCLDV-like,7 6 6,0.003842657938113,1.0,7
NCLDV-like,38 4,0.0037740617749386,1.0,7
NCLDV-like,6 0 6,0.0034075141237099,1.0,7
NCLDV-like,6 38,0.003387856295485,1.0,7
NCLDV-like,0 17 17,0.0032737440926607,1.0,7
NCLDV-like,0 17,0.0030111490461451,1.0,7
NCLDV-like,0 0 17,0.0029079392374367,1.0,7
NCLDV-like,48 38,0.0007783325654541,1.0,7
NCLDV-like,38 48 38,0.0007654910714486,1.0,7
NCLDV-like,48 38 48,0.0007554562266582,1.0,7
NCLDV-like,17 0 17,0.0007324778213968,1.0,7
NCLDV-like,17 17 0,0.0006994935716523,1.0,7
NCLDV-like,74 2 74,0.0006566720980814,0.8571428571428571,6
NCLDV-like,2 74 74,0.0006560836004645,0.8571428571428571,6
NCLDV-like,17 0,0.0006409822733069,1.0,7
NCLDV-like,2 74,0.0006026566870188,0.8571428571428571,6
NCLDV-like,48 11 157,0.0005061015613732,0.8571428571428571,6
NCLDV-like,78 10,0.0003071961152667,1.0,7
NCLDV-like,78 10 78,0.0003063204014856,1.0,7
NCLDV-like,78 78 10,0.0002454277379182,1.0,7
NCLDV-like,33 6,0.0001754144284402,1.0,7
NCLDV-like,6 33,0.000172808260409,1.0,7
NCLDV-like,33 6 33,0.0001701429896634,0.8571428571428571,6
NCLDV-like,33 33 6,0.0001674248085132,1.0,7
NCLDV-like,0 78,0.0001627100243669,1.0,7
NCLDV-like,6 33 33,0.0001601233867558,1.0,7
NCLDV-like,0 0 78,9.4451563947781e-05,1.0,7
NCLDV-like,38 2,8.697286064162893e-05,0.8571428571428571,6
NCLDV-like,0 38,8.585196658553469e-05,0.8571428571428571,6
NCLDV-like,0 78 78,8.384105680630693e-05,1.0,7
NCLDV-like,78 0,8.219581795995993e-05,1.0,7
NCLDV-like,38 0,7.31938735496517e-05,1.0,7
NCLDV-like,48 0,7.129873759612528e-05,0.8571428571428571,6
NCLDV-like,0 48,7.044111163822187e-05,0.8571428571428571,6
NCLDV-like,4 38,6.373938693501953e-05,1.0,7
NCLDV-like,38 3,6.299185228809685e-05,0.8571428571428571,6
NCLDV-like,38 6,5.5259437505168365e-05,1.0,7
NCLDV-like,38 38 0,5.210242168605314e-05,1.0,7
NCLDV-like,38 7,5.1107921390999824e-05,0.8571428571428571,6
NCLDV-like,3 38,4.915638630103334e-05,0.8571428571428571,6
NCLDV-like,48 48 0,4.705307046044163e-05,0.8571428571428571,6
NCLDV-like,38 6 38,4.595014951310615e-05,0.8571428571428571,6
NCLDV-like,0 78 10,4.585101169039364e-05,1.0,7
NCLDV-like,38 0 38,4.393892441854766e-05,0.8571428571428571,6
NCLDV-like,48 38 38,4.349052000305485e-05,1.0,7
NCLDV-like,48 0 48,4.269165124044935e-05,0.8571428571428571,6
NCLDV-like,78 0 78,4.0905455156775045e-05,0.8571428571428571,6
NCLDV-like,4 38 38,4.0896994880152656e-05,0.8571428571428571,6
NCLDV-like,78 78 0,3.983431626955377e-05,1.0,7
NCLDV-like,38 4 38,3.967041594848754e-05,1.0,7
NCLDV-like,0 48 48,3.9425975325449896e-05,0.8571428571428571,6
NCLDV-like,78 9,3.861276187812076e-05,1.0,7
NCLDV-like,2 33,3.763504850405248e-05,0.8571428571428571,6
NCLDV-like,48 48 38,3.689912503160606e-05,1.0,7
NCLDV-like,3 78,3.625032833444685e-05,1.0,7
NCLDV-like,9 78,3.582737898662145e-05,0.8571428571428571,6
NCLDV-like,78 3,3.4691454313165996e-05,1.0,7
NCLDV-like,9 10 78,3.2501055745451874e-05,0.8571428571428571,6
NCLDV-like,38 3 38,3.210027189682544e-05,0.8571428571428571,6
NCLDV-like,38 1,3.094325361549263e-05,0.8571428571428571,6
NCLDV-like,108 33 33,2.9361421540793237e-05,0.8571428571428571,6
NCLDV-like,3 78 78,2.617882623764024e-05,1.0,7
NCLDV-like,1 78,2.604010118436284e-05,0.8571428571428571,6
NCLDV-like,108 108 33,2.5988480862955654e-05,0.8571428571428571,6
NCLDV-like,0 10 78,2.3967330240348643e-05,1.0,7
NCLDV-like,78 3 78,2.316367122423151e-05,1.0,7
NCLDV-like,78 1,2.1646402010496655e-05,0.8571428571428571,6
NCLDV-like,4 38 4,2.001018334977629e-05,0.8571428571428571,6
NCLDV-like,6 38 6,1.907417378581619e-05,1.0,7
NCLDV-like,33 149,1.8510029008549493e-05,0.8571428571428571,6
NCLDV-like,4 4 33,1.818012364201971e-05,0.8571428571428571,6
NCLDV-like,48 0 0,1.7460989433543264e-05,0.8571428571428571,6
NCLDV-like,49 33,1.6609784823616736e-05,0.8571428571428571,6
NCLDV-like,0 78 0,1.5096481284328975e-05,0.8571428571428571,6
NCLDV-like,78 78 9,1.3273079552863434e-05,0.8571428571428571,6
NCLDV-like,33 33 149,1.2174278613761337e-05,0.8571428571428571,6
NCLDV-like,78 9 0,1.2164657164693229e-05,0.8571428571428571,6
NCLDV-like,33 149 33,1.1955157175374802e-05,0.8571428571428571,6
NCLDV-like,10 78 0,1.1412257946471749e-05,0.8571428571428571,6
NCLDV-like,63 3,1.1326166640372169e-05,0.8571428571428571,6
NCLDV-like,63 3 63,1.0882216055191528e-05,0.8571428571428571,6
NCLDV-like,78 0 9,8.449455219172589e-06,0.8571428571428571,6
NCLDV-like,9 78 9,7.830185451498567e-06,0.8571428571428571,6
