group,ngram,mean_tfidf,presence_ratio,present_cluster_count
HK97_like,26,0.059007114,1,59
HK97_like,52,0.031216888,1,59
HK97_like,40,0.025210713,1,59
HK97_like,68,0.020494101,1,59
HK97_like,77,0.010769175,1,59
HK97_like,81,0.010666111,1,59
HK97_like,84,0.010612873,1,59
HK97_like,81 81,0.005451293,1,59
HK97_like,124 77,0.00544344,1,59
HK97_like,84 81,0.005443286,1,59
HK97_like,84 81 81,0.005429533,1,59
HK97_like,127 124 77,0.005429307,1,59
HK97_like,81 81 127,0.00542308,1,59
HK97_like,84 84,0.005415812,1,59
HK97_like,124,0.005333241,1,59
HK97_like,81 127,0.00531333,1,59
HK97_like,127 124,0.005312494,1,59
HK97_like,127,0.005257828,1,59
HK97_like,84 84 81,0.005240447,1,59
HK97_like,10 1,0.003588888,1,59
HK97_like,157,0.00096299,1,59
HK97_like,23,0.075811333,0.983333333,59
HK97_like,22,0.070836571,0.983333333,59
HK97_like,30,0.056110759,0.983333333,59
HK97_like,26 26,0.055021795,0.983333333,59
HK97_like,27,0.054288961,0.983333333,59
HK97_like,27 27,0.050325566,0.983333333,59
HK97_like,26 26 26,0.049749244,0.983333333,59
HK97_like,27 27 27,0.045250256,0.983333333,59
HK97_like,1 1,0.033116003,0.983333333,59
HK97_like,44,0.031993081,0.983333333,59
HK97_like,44 44,0.026475875,0.983333333,59
HK97_like,69,0.025330728,0.983333333,59
HK97_like,44 44 44,0.021894721,0.983333333,59
HK97_like,76,0.02183268,0.983333333,59
HK97_like,40 40,0.021129646,0.983333333,59
HK97_like,75,0.018767019,0.983333333,59
HK97_like,40 40 40,0.016178422,0.983333333,59
HK97_like,52 52,0.015856493,0.983333333,59
HK97_like,60,0.015776609,0.983333333,59
HK97_like,72,0.015566065,0.983333333,59
HK97_like,68 68,0.01527577,0.983333333,59
HK97_like,69 69,0.015135334,0.983333333,59
HK97_like,97,0.015100093,0.983333333,59
HK97_like,12,0.014648954,0.983333333,59
HK97_like,76 52,0.014481446,0.983333333,59
HK97_like,76 52 52,0.013644262,0.983333333,59
HK97_like,75 75,0.013410492,0.983333333,59
HK97_like,98,0.011781549,0.983333333,59
HK97_like,61,0.01172218,0.983333333,59
HK97_like,111,0.01104872,0.983333333,59
HK97_like,59,0.010824181,0.983333333,59
HK97_like,85,0.010731153,0.983333333,59
HK97_like,52 52 76,0.010403405,0.983333333,59
HK97_like,52 76,0.010359733,0.983333333,59
HK97_like,60 69,0.010259525,0.983333333,59
HK97_like,68 68 68,0.010134394,0.983333333,59
HK97_like,51,0.010082094,0.983333333,59
HK97_like,88,0.010054602,0.983333333,59
HK97_like,69 69 69,0.010015384,0.983333333,59
HK97_like,97 97,0.009969097,0.983333333,59
HK97_like,72 72,0.009908205,0.983333333,59
HK97_like,82,0.009069781,0.983333333,59
HK97_like,82 98,0.009023903,0.983333333,59
HK97_like,75 75 75,0.008168526,0.983333333,59
HK97_like,91,0.006249341,0.983333333,59
HK97_like,59 59,0.005616068,0.983333333,59
HK97_like,77 59,0.005577674,0.983333333,59
HK97_like,59 59 111,0.005575403,0.983333333,59
HK97_like,111 111,0.005573848,0.983333333,59
HK97_like,77 59 59,0.005572129,0.983333333,59
HK97_like,59 111 111,0.005569948,0.983333333,59
HK97_like,77 77 59,0.005565364,0.983333333,59
HK97_like,27 84,0.005563599,0.983333333,59
HK97_like,27 27 84,0.00555653,0.983333333,59
HK97_like,59 111,0.005516971,0.983333333,59
HK97_like,77 77,0.005506226,0.983333333,59
HK97_like,124 77 77,0.005498076,0.983333333,59
HK97_like,101,0.005486994,0.983333333,59
HK97_like,40 85,0.005477922,0.983333333,59
HK97_like,85 101,0.005449804,0.983333333,59
HK97_like,40 85 101,0.005445474,0.983333333,59
HK97_like,88 44,0.005427833,0.983333333,59
HK97_like,72 88,0.005427736,0.983333333,59
HK97_like,88 44 44,0.005419593,0.983333333,59
HK97_like,40 40 85,0.005375746,0.983333333,59
HK97_like,81 127 124,0.005371796,0.983333333,59
HK97_like,69 60,0.005299167,0.983333333,59
HK97_like,27 84 84,0.005295907,0.983333333,59
HK97_like,26 72,0.005281201,0.983333333,59
HK97_like,98 51,0.005280151,0.983333333,59
HK97_like,26 72 72,0.005251956,0.983333333,59
HK97_like,26 26 72,0.005250757,0.983333333,59
HK97_like,72 72 88,0.00523856,0.983333333,59
HK97_like,75 26,0.005238176,0.983333333,59
HK97_like,85 75,0.005226584,0.983333333,59
HK97_like,101 85,0.005221632,0.983333333,59
HK97_like,51 118,0.005217027,0.983333333,59
HK97_like,85 75 75,0.005213855,0.983333333,59
HK97_like,75 75 26,0.005212092,0.983333333,59
HK97_like,85 101 85,0.005209284,0.983333333,59
HK97_like,75 26 26,0.005206698,0.983333333,59
HK97_like,101 85 75,0.005206129,0.983333333,59
HK97_like,98 51 118,0.00520095,0.983333333,59
HK97_like,94 82,0.00516061,0.983333333,59
HK97_like,51 94,0.005155534,0.983333333,59
HK97_like,91 27,0.005151774,0.983333333,59
HK97_like,51 94 82,0.005147538,0.983333333,59
HK97_like,94 82 98,0.005147372,0.983333333,59
HK97_like,82 98 51,0.005141163,0.983333333,59
HK97_like,91 27 27,0.005138086,0.983333333,59
HK97_like,94,0.005118789,0.983333333,59
HK97_like,118,0.005113152,0.983333333,59
HK97_like,60 69 69,0.005071036,0.983333333,59
HK97_like,69 60 69,0.00505579,0.983333333,59
HK97_like,97 97 97,0.005033804,0.983333333,59
HK97_like,69 97,0.005012554,0.983333333,59
HK97_like,102,0.005000942,0.983333333,59
HK97_like,69 69 97,0.004997724,0.983333333,59
HK97_like,69 97 97,0.004918198,0.983333333,59
HK97_like,37,0.061757522,0.966666667,58
HK97_like,30 30,0.051479185,0.966666667,58
HK97_like,67,0.018118496,0.966666667,58
HK97_like,12 12,0.013831579,0.966666667,58
HK97_like,12 12 12,0.012948219,0.966666667,58
HK97_like,79,0.010272129,0.966666667,58
HK97_like,103,0.010125412,0.966666667,58
HK97_like,103 79,0.010052932,0.966666667,58
HK97_like,93,0.009501986,0.966666667,58
HK97_like,93 103,0.009332819,0.966666667,58
HK97_like,93 103 79,0.009307827,0.966666667,58
HK97_like,86,0.006140193,0.966666667,58
HK97_like,60 69 60,0.005240716,0.966666667,58
HK97_like,92,0.005217776,0.966666667,58
HK97_like,89 51,0.005124096,0.966666667,58
HK97_like,61 89 51,0.005101395,0.966666667,58
HK97_like,89 51 94,0.005063527,0.966666667,58
HK97_like,61 89,0.005047001,0.966666667,58
HK97_like,89,0.004892194,0.966666667,58
HK97_like,15,0.07944995,0.95,57
HK97_like,105,0.01377209,0.95,57
HK97_like,92 86,0.005110622,0.95,57
HK97_like,52 91,0.004387113,0.95,57
HK97_like,37 37,0.057334094,0.933333333,56
HK97_like,30 30 30,0.046979191,0.933333333,56
HK97_like,1 1 1,0.032261208,0.933333333,56
HK97_like,87,0.023777461,0.933333333,56
HK97_like,114,0.014545156,0.933333333,56
HK97_like,67 67,0.013270598,0.933333333,56
HK97_like,114 114,0.009123759,0.933333333,56
HK97_like,76 76,0.007705061,0.933333333,56
HK97_like,76 76 52,0.007638928,0.933333333,56
HK97_like,52 76 76,0.007581526,0.933333333,56
HK97_like,139,0.00535083,0.933333333,56
HK97_like,60 139,0.00533419,0.933333333,56
HK97_like,139 60,0.005333466,0.933333333,56
HK97_like,60 139 60,0.005321837,0.933333333,56
HK97_like,139 60 69,0.005315032,0.933333333,56
HK97_like,114 60,0.005280222,0.933333333,56
HK97_like,88 88,0.005269615,0.933333333,56
HK97_like,88 88 44,0.005258577,0.933333333,56
HK97_like,72 88 88,0.005248802,0.933333333,56
HK97_like,114 60 139,0.00524529,0.933333333,56
HK97_like,114 114 60,0.005023941,0.933333333,56
HK97_like,18,0.004324808,0.933333333,56
HK97_like,106,0.004125655,0.933333333,56
HK97_like,25,0.089127256,0.916666667,55
HK97_like,37 37 37,0.052644451,0.916666667,55
HK97_like,105 105,0.007047545,0.916666667,55
HK97_like,97 37,0.004352602,0.916666667,55
HK97_like,22 40 40,0.004335282,0.916666667,55
HK97_like,22 40,0.004316323,0.916666667,55
HK97_like,61 92,0.004233085,0.916666667,55
HK97_like,36,0.043627784,0.9,54
HK97_like,110,0.00913954,0.9,54
HK97_like,79 61,0.008757472,0.9,54
HK97_like,52 52 91,0.004530034,0.9,54
HK97_like,67 30,0.004380755,0.9,54
HK97_like,97 97 37,0.00431402,0.9,54
HK97_like,118 82,0.004305267,0.9,54
HK97_like,51 118 82,0.004294207,0.9,54
HK97_like,61 92 86,0.004260639,0.9,54
HK97_like,79 61 92,0.004260149,0.9,54
HK97_like,22 22,0.076897084,0.883333333,53
HK97_like,22 22 22,0.072754838,0.883333333,53
HK97_like,136,0.031205407,0.883333333,53
HK97_like,136 136,0.026978788,0.883333333,53
HK97_like,122,0.026172773,0.883333333,53
HK97_like,136 136 136,0.022421639,0.883333333,53
HK97_like,87 87,0.020722599,0.883333333,53
HK97_like,103 79 61,0.008801053,0.883333333,53
HK97_like,30 93,0.004549166,0.883333333,53
HK97_like,61 93,0.004548116,0.883333333,53
HK97_like,136 67,0.004545096,0.883333333,53
HK97_like,61 93 103,0.004539356,0.883333333,53
HK97_like,110 68,0.004537171,0.883333333,53
HK97_like,30 30 93,0.004533388,0.883333333,53
HK97_like,79 61 93,0.004530641,0.883333333,53
HK97_like,136 136 67,0.004527842,0.883333333,53
HK97_like,102 105,0.004506195,0.883333333,53
HK97_like,102 105 105,0.004490122,0.883333333,53
HK97_like,68 22,0.004487809,0.883333333,53
HK97_like,68 68 22,0.00445441,0.883333333,53
HK97_like,68 22 22,0.004440171,0.883333333,53
HK97_like,118 82 98,0.004346552,0.883333333,53
HK97_like,30 93 103,0.004265875,0.883333333,53
HK97_like,23 76,0.004243503,0.883333333,53
HK97_like,114 114 114,0.004235268,0.883333333,53
HK97_like,23 76 52,0.004201771,0.883333333,53
HK97_like,105 98,0.003027173,0.883333333,53
HK97_like,10 1 1,0.000859999,0.883333333,53
HK97_like,64,0.034636857,0.866666667,52
HK97_like,111 110,0.004782415,0.866666667,52
HK97_like,110 110,0.004775227,0.866666667,52
HK97_like,111 111 110,0.004774384,0.866666667,52
HK97_like,111 110 110,0.004748952,0.866666667,52
HK97_like,110 110 68,0.004603262,0.866666667,52
HK97_like,98 102,0.004564938,0.866666667,52
HK97_like,98 102 105,0.00455496,0.866666667,52
HK97_like,67 30 30,0.004475035,0.866666667,52
HK97_like,110 68 68,0.004454793,0.866666667,52
HK97_like,86 106,0.004173471,0.866666667,52
HK97_like,105 105 98,0.00305804,0.866666667,52
HK97_like,98 105,0.002892341,0.866666667,52
HK97_like,46,0.062628638,0.85,51
HK97_like,64 64,0.028552212,0.85,51
HK97_like,97 37 37,0.004538786,0.85,51
HK97_like,136 67 67,0.004520054,0.85,51
HK97_like,82 98 102,0.004453768,0.85,51
HK97_like,18 18,0.004360441,0.85,51
HK97_like,106 61,0.004302493,0.85,51
HK97_like,92 86 106,0.004260165,0.85,51
HK97_like,86 106 61,0.004259065,0.85,51
HK97_like,52 91 27,0.003432867,0.85,51
HK97_like,27 91,0.000858294,0.85,51
HK97_like,27 91 27,0.000853349,0.85,51
HK97_like,6 11,0.000682299,0.85,51
HK97_like,64 64 64,0.024556555,0.833333333,50
HK97_like,122 122,0.02292074,0.833333333,50
HK97_like,31,0.022748591,0.833333333,50
HK97_like,13,0.019251978,0.833333333,50
HK97_like,87 87 87,0.017037825,0.833333333,50
HK97_like,67 67 67,0.008842622,0.833333333,50
HK97_like,106 61 89,0.004320833,0.833333333,50
HK97_like,18 18 18,0.00423413,0.833333333,50
HK97_like,122 136,0.004190685,0.833333333,50
HK97_like,105 98 105,0.002959022,0.833333333,50
HK97_like,52 27,0.001318714,0.833333333,50
HK97_like,1 18,8.70E-05,0.833333333,50
HK97_like,25 25,0.092345138,0.816666667,49
HK97_like,67 67 30,0.004643398,0.816666667,49
HK97_like,44 87,0.004526449,0.816666667,49
HK97_like,44 44 87,0.004456056,0.816666667,49
HK97_like,0 18,7.05E-05,0.816666667,49
HK97_like,23 23,0.084968413,0.8,48
HK97_like,57,0.067880158,0.8,48
HK97_like,122 122 122,0.019204722,0.8,48
HK97_like,56,0.006408599,0.8,48
HK97_like,44 87 87,0.004503488,0.8,48
HK97_like,1 15,0.004169249,0.8,48
HK97_like,18 0,7.57E-05,0.8,48
