system,layer,accuracy,precision,recall,f1,balanced_accuracy,runtime_plot_minutes
linear_probe_single_head,4,0.99028236,0.739765659,0.981197237,0.843546392,0.985864408,13.018537
linear_probe_single_head,5,0.991537405,0.767347552,0.980237913,0.860825611,0.98604264,15.028774
linear_probe_single_head,6,0.989770096,0.727723474,0.98561013,0.837258577,0.98774717,17.175077
linear_probe_single_head,7,0.991829396,0.772077629,0.984650806,0.865502994,0.988338561,19.315359
linear_probe_single_head,8,0.989647153,0.725194072,0.985801995,0.835650972,0.987777313,21.317753
linear_probe_single_head,9,0.990979038,0.752450622,0.98676132,0.853822528,0.988928028,23.321341
linear_probe_single_head,10,0.991588632,0.765862377,0.986569455,0.862317625,0.989147885,25.690339
linear_probe_single_head,11,0.990733152,0.746629946,0.988296239,0.850631657,0.98954812,28.684758
linear_probe_single_head,12,0.991501547,0.763380282,0.98791251,0.861252823,0.989756255,32.17163
linear_probe_single_head,13,0.993350819,0.806259781,0.988488104,0.888122737,0.990986157,35.676966
linear_probe_single_head,14,0.994610987,0.837333766,0.990598619,0.907540868,0.992659836,38.749209
linear_probe_single_head,15,0.994585374,0.83545939,0.992709133,0.90732135,0.993672987,41.298724
linear_probe_single_head,16,0.995138619,0.849483522,0.994052187,0.916099372,0.994610304,43.601753
linear_probe_single_head,17,0.992889781,0.792176039,0.994627782,0.88193263,0.993734944,45.987222
linear_probe_single_head,18,0.993929676,0.819349722,0.991174213,0.897108622,0.992589738,48.530242
linear_probe_single_head,19,0.995942872,0.875339674,0.988871834,0.928648649,0.992504338,51.052715
linear_probe_single_head,20,0.996562711,0.897426921,0.983691481,0.938581236,0.990303635,53.407336
linear_probe_single_head,21,0.995584288,0.864199598,0.990214889,0.922925608,0.992973234,55.727558
linear_probe_single_head,22,0.994503412,0.833951912,0.991557943,0.905951442,0.993071077,58.361234
linear_probe_single_head,23,0.993822101,0.816329754,0.991749808,0.895530146,0.992814378,61.534079
linear_probe_single_head,24,0.995153986,0.852911979,0.989063699,0.915955935,0.992192376,65.076707
linear_probe_single_head,25,0.994990062,0.848190789,0.989447429,0.913390011,0.992294767,68.501493
linear_probe_single_head,26,0.995097637,0.851594778,0.988679969,0.915031519,0.991976827,71.376236
linear_probe_single_head,27,0.996060693,0.878772379,0.988871834,0.930576871,0.992564864,73.649271
linear_probe_single_head,28,0.996316825,0.88646138,0.988679969,0.93478458,0.992603143,75.628368
linear_probe_single_head,29,0.995282052,0.854569493,0.992133538,0.918227826,0.99375098,77.655608
linear_probe_single_head,30,0.995625269,0.863166667,0.993668457,0.923831609,0.994673702,79.811974
linear_probe_single_head,31,0.997069852,0.906874781,0.992133538,0.947590251,0.994669401,81.938447
linear_probe_single_head,32,0.997489908,0.917876106,0.995011512,0.954888602,0.996284703,83.926886
linear_probe_single_head,33,0.998714218,0.956058099,0.997697621,0.976434138,0.998219863,85.954342
linear_probe_single_head,34,0.998176342,0.939218524,0.996162701,0.966852886,0.99719714,88.392951
