layer,layer_num,source_bucket,min_cluster_size,min_samples,n_clusters,n_noise,percent_noise,mean_persistence,is_best_for_layer,summary_best_mcs,summary_best_min_samples,summary_best_mean_persistence,summary_best_clusters_at_best,summary_best_noise_at_best,local_scan_metrics_csv,remote_model_path,remote_clusters_csv,remote_umap_png
layer_10,10,DNU,99,50,29,174983,0.809000183,0.076245088,TRUE,99,50,0.076245088,29,0.809000183,layer_10_hdbscan_scan_metrics.csv,layer_10_mcs99_ms50_hdbscan.joblib,layer_10_mcs99_ms50_clusters.csv,layer_10_mcs99_ms50_umap.png
layer_10,10,DNU,149,50,4,62672,0.289754624,0.049489279,FALSE,99,50,0.076245088,29,0.809000183,layer_10_hdbscan_scan_metrics.csv,layer_10_mcs149_ms50_hdbscan.joblib,layer_10_mcs149_ms50_clusters.csv,layer_10_mcs149_ms50_umap.png
layer_10,10,DNU,199,50,2,63355,0.292913386,0.015482137,FALSE,99,50,0.076245088,29,0.809000183,layer_10_hdbscan_scan_metrics.csv,layer_10_mcs199_ms50_hdbscan.joblib,layer_10_mcs199_ms50_clusters.csv,layer_10_mcs199_ms50_umap.png
layer_10,10,DNU,249,50,3,106815,0.493838125,0.06618192,FALSE,99,50,0.076245088,29,0.809000183,layer_10_hdbscan_scan_metrics.csv,layer_10_mcs249_ms50_hdbscan.joblib,layer_10_mcs249_ms50_clusters.csv,layer_10_mcs249_ms50_umap.png
layer_10,10,DNU,249,200,3,111568,0.515812122,0.066489328,FALSE,99,50,0.076245088,29,0.809000183,layer_10_hdbscan_scan_metrics.csv,layer_10_mcs249_ms200_hdbscan.joblib,layer_10_mcs249_ms200_clusters.csv,layer_10_mcs249_ms200_umap.png
layer_14,14,DNU,99,50,2,1687,0.007800769,0.108722053,FALSE,249,50,0.129655636,18,0.559540377,layer_14_hdbscan_scan_metrics.csv,layer_14_mcs99_ms50_hdbscan.joblib,layer_14_mcs99_ms50_clusters.csv,layer_14_mcs99_ms50_umap.png
layer_14,14,DNU,149,50,2,1687,0.007800769,0.107464325,FALSE,249,50,0.129655636,18,0.559540377,layer_14_hdbscan_scan_metrics.csv,layer_14_mcs149_ms50_hdbscan.joblib,layer_14_mcs149_ms50_clusters.csv,layer_14_mcs149_ms50_umap.png
layer_14,14,DNU,199,50,20,120151,0.555493499,0.116623699,FALSE,249,50,0.129655636,18,0.559540377,layer_14_hdbscan_scan_metrics.csv,layer_14_mcs199_ms50_hdbscan.joblib,layer_14_mcs199_ms50_clusters.csv,layer_14_mcs199_ms50_umap.png
layer_14,14,DNU,249,50,18,121026,0.559540377,0.129655636,TRUE,249,50,0.129655636,18,0.559540377,layer_14_hdbscan_scan_metrics.csv,layer_14_mcs249_ms50_hdbscan.joblib,layer_14_mcs249_ms50_clusters.csv,layer_14_mcs249_ms50_umap.png
layer_14,14,DNU,249,200,17,118327,0.547060978,0.102086648,FALSE,249,50,0.129655636,18,0.559540377,layer_14_hdbscan_scan_metrics.csv,layer_14_mcs249_ms200_hdbscan.joblib,layer_14_mcs249_ms200_clusters.csv,layer_14_mcs249_ms200_umap.png
layer_18,18,DNU,99,50,51,69804,0.322724776,0.094799317,FALSE,249,200,0.141989008,26,0.272559971,layer_18_hdbscan_scan_metrics.csv,layer_18_mcs99_ms50_hdbscan.joblib,layer_18_mcs99_ms50_clusters.csv,layer_18_mcs99_ms50_umap.png
layer_18,18,DNU,149,50,44,87041,0.40241714,0.097786364,FALSE,249,200,0.141989008,26,0.272559971,layer_18_hdbscan_scan_metrics.csv,layer_18_mcs149_ms50_hdbscan.joblib,layer_18_mcs149_ms50_clusters.csv,layer_18_mcs149_ms50_umap.png
layer_18,18,DNU,199,50,35,67663,0.312827321,0.122880918,FALSE,249,200,0.141989008,26,0.272559971,layer_18_hdbscan_scan_metrics.csv,layer_18_mcs199_ms50_hdbscan.joblib,layer_18_mcs199_ms50_clusters.csv,layer_18_mcs199_ms50_umap.png
layer_18,18,DNU,249,50,32,67009,0.309805896,0.132265314,FALSE,249,200,0.141989008,26,0.272559971,layer_18_hdbscan_scan_metrics.csv,layer_18_mcs249_ms50_hdbscan.joblib,layer_18_mcs249_ms50_clusters.csv,layer_18_mcs249_ms50_umap.png
layer_18,18,DNU,249,200,26,58953,0.272559971,0.141989008,TRUE,249,200,0.141989008,26,0.272559971,layer_18_hdbscan_scan_metrics.csv,layer_18_mcs249_ms200_hdbscan.joblib,layer_18_mcs249_ms200_clusters.csv,layer_18_mcs249_ms200_umap.png
layer_22,22,DNU,99,50,76,77846,0.359906611,0.117191066,FALSE,249,200,0.163271635,37,0.282393335,layer_22_hdbscan_scan_metrics.csv,layer_22_mcs99_ms50_hdbscan.joblib,layer_22_mcs99_ms50_clusters.csv,layer_22_mcs99_ms50_umap.png
layer_22,22,DNU,149,50,60,77830,0.359833364,0.131463668,FALSE,249,200,0.163271635,37,0.282393335,layer_22_hdbscan_scan_metrics.csv,layer_22_mcs149_ms50_hdbscan.joblib,layer_22_mcs149_ms50_clusters.csv,layer_22_mcs149_ms50_umap.png
layer_22,22,DNU,199,50,46,70770,0.327192822,0.150580811,FALSE,249,200,0.163271635,37,0.282393335,layer_22_hdbscan_scan_metrics.csv,layer_22_mcs199_ms50_hdbscan.joblib,layer_22_mcs199_ms50_clusters.csv,layer_22_mcs199_ms50_umap.png
layer_22,22,DNU,249,50,43,71568,0.330882622,0.157846838,FALSE,249,200,0.163271635,37,0.282393335,layer_22_hdbscan_scan_metrics.csv,layer_22_mcs249_ms50_hdbscan.joblib,layer_22_mcs249_ms50_clusters.csv,layer_22_mcs249_ms50_umap.png
layer_22,22,DNU,249,200,37,61080,0.282393335,0.163271635,TRUE,249,200,0.163271635,37,0.282393335,layer_22_hdbscan_scan_metrics.csv,layer_22_mcs249_ms200_hdbscan.joblib,layer_22_mcs249_ms200_clusters.csv,layer_22_mcs249_ms200_umap.png
layer_24,24,DNU,99,50,76,73342,0.339086248,0.118724433,FALSE,249,200,0.171745886,38,0.314997253,layer_24_hdbscan_scan_metrics.csv,layer_24_mcs99_ms50_hdbscan.joblib,layer_24_mcs99_ms50_clusters.csv,layer_24_mcs99_ms50_umap.png
layer_24,24,DNU,149,50,57,67999,0.314383812,0.133195428,FALSE,249,200,0.171745886,38,0.314997253,layer_24_hdbscan_scan_metrics.csv,layer_24_mcs149_ms50_hdbscan.joblib,layer_24_mcs149_ms50_clusters.csv,layer_24_mcs149_ms50_umap.png
layer_24,24,DNU,199,50,48,68512,0.316755173,0.145166459,FALSE,249,200,0.171745886,38,0.314997253,layer_24_hdbscan_scan_metrics.csv,layer_24_mcs199_ms50_hdbscan.joblib,layer_24_mcs199_ms50_clusters.csv,layer_24_mcs199_ms50_umap.png
layer_24,24,DNU,249,50,40,67584,0.312461088,0.171175836,FALSE,249,200,0.171745886,38,0.314997253,layer_24_hdbscan_scan_metrics.csv,layer_24_mcs249_ms50_hdbscan.joblib,layer_24_mcs249_ms50_clusters.csv,layer_24_mcs249_ms50_umap.png
layer_24,24,DNU,249,200,38,68132,0.314997253,0.171745886,TRUE,249,200,0.171745886,38,0.314997253,layer_24_hdbscan_scan_metrics.csv,layer_24_mcs249_ms200_hdbscan.joblib,layer_24_mcs249_ms200_clusters.csv,layer_24_mcs249_ms200_umap.png
layer_28,28,main,99,50,84,73014,0.33756638,0.12036064,FALSE,249,200,0.163836824,41,0.269108222,layer_28_hdbscan_scan_metrics.csv,layer_28_mcs99_ms50_hdbscan.joblib,layer_28_mcs99_ms50_clusters.csv,layer_28_mcs99_ms50_umap.png
layer_28,28,main,149,50,67,74101,0.342592932,0.126762859,FALSE,249,200,0.163836824,41,0.269108222,layer_28_hdbscan_scan_metrics.csv,layer_28_mcs149_ms50_hdbscan.joblib,layer_28_mcs149_ms50_clusters.csv,layer_28_mcs149_ms50_umap.png
layer_28,28,main,199,50,57,75418,0.34868156,0.13484679,FALSE,249,200,0.163836824,41,0.269108222,layer_28_hdbscan_scan_metrics.csv,layer_28_mcs199_ms50_hdbscan.joblib,layer_28_mcs199_ms50_clusters.csv,layer_28_mcs199_ms50_umap.png
layer_28,28,main,249,50,48,63225,0.292309101,0.153587761,FALSE,249,200,0.163836824,41,0.269108222,layer_28_hdbscan_scan_metrics.csv,layer_28_mcs249_ms50_hdbscan.joblib,layer_28_mcs249_ms50_clusters.csv,layer_28_mcs249_ms50_umap.png
layer_28,28,main,249,200,41,58207,0.269108222,0.163836824,TRUE,249,200,0.163836824,41,0.269108222,layer_28_hdbscan_scan_metrics.csv,layer_28_mcs249_ms200_hdbscan.joblib,layer_28_mcs249_ms200_clusters.csv,layer_28_mcs249_ms200_umap.png
layer_32,32,DNU,99,50,123,65370,0.302224867,0.058564213,FALSE,249,200,0.116329309,47,0.369062443,layer_32_hdbscan_scan_metrics.csv,layer_32_mcs99_ms50_hdbscan.joblib,layer_32_mcs99_ms50_clusters.csv,layer_32_mcs99_ms50_umap.png
layer_32,32,DNU,149,50,89,65223,0.301547336,0.062019278,FALSE,249,200,0.116329309,47,0.369062443,layer_32_hdbscan_scan_metrics.csv,layer_32_mcs149_ms50_hdbscan.joblib,layer_32_mcs149_ms50_clusters.csv,layer_32_mcs149_ms50_umap.png
layer_32,32,DNU,199,50,74,67290,0.311106025,0.073347671,FALSE,249,200,0.116329309,47,0.369062443,layer_32_hdbscan_scan_metrics.csv,layer_32_mcs199_ms50_hdbscan.joblib,layer_32_mcs199_ms50_clusters.csv,layer_32_mcs199_ms50_umap.png
layer_32,32,DNU,249,50,60,68067,0.314695111,0.116090456,FALSE,249,200,0.116329309,47,0.369062443,layer_32_hdbscan_scan_metrics.csv,layer_32_mcs249_ms50_hdbscan.joblib,layer_32_mcs249_ms50_clusters.csv,layer_32_mcs249_ms50_umap.png
layer_32,32,DNU,249,200,47,79826,0.369062443,0.116329309,TRUE,249,200,0.116329309,47,0.369062443,layer_32_hdbscan_scan_metrics.csv,layer_32_mcs249_ms200_hdbscan.joblib,layer_32_mcs249_ms200_clusters.csv,layer_32_mcs249_ms200_umap.png
layer_33,33,DNU,99,50,134,109251,0.505099799,0.053609502,FALSE,249,50,0.079540806,64,0.421095038,layer_33_hdbscan_scan_metrics.csv,layer_33_mcs99_ms50_hdbscan.joblib,layer_33_mcs99_ms50_clusters.csv,layer_33_mcs99_ms50_umap.png
layer_33,33,DNU,149,50,93,97305,0.449871818,0.055187436,FALSE,249,50,0.079540806,64,0.421095038,layer_33_hdbscan_scan_metrics.csv,layer_33_mcs149_ms50_hdbscan.joblib,layer_33_mcs149_ms50_clusters.csv,layer_33_mcs149_ms50_umap.png
layer_33,33,DNU,199,50,75,88793,0.410520051,0.06241135,FALSE,249,50,0.079540806,64,0.421095038,layer_33_hdbscan_scan_metrics.csv,layer_33_mcs199_ms50_hdbscan.joblib,layer_33_mcs199_ms50_clusters.csv,layer_33_mcs199_ms50_umap.png
layer_33,33,DNU,249,50,64,91081,0.421095038,0.079540806,TRUE,249,50,0.079540806,64,0.421095038,layer_33_hdbscan_scan_metrics.csv,layer_33_mcs249_ms50_hdbscan.joblib,layer_33_mcs249_ms50_clusters.csv,layer_33_mcs249_ms50_umap.png
layer_33,33,DNU,249,200,46,116653,0.5393243,0.074063126,FALSE,249,50,0.079540806,64,0.421095038,layer_33_hdbscan_scan_metrics.csv,layer_33_mcs249_ms200_hdbscan.joblib,layer_33_mcs249_ms200_clusters.csv,layer_33_mcs249_ms200_umap.png
