sample_size,mean_unique_clusters_observed,unique_ci_low,unique_ci_high,mean_cluster_recovery_fraction,fraction_ci_low,fraction_ci_high,main_ecosystem,n_sequences_total,n_clusters_total,reps
50,49.264,47,50,0.002958088,0.002822145,0.003002282,Engineered Systems,78113,16654,500
74,72.524,70,74,0.00435475,0.004203194,0.004443377,Engineered Systems,78113,16654,500
108,105.12,101,108,0.006311997,0.006064609,0.006484929,Engineered Systems,78113,16654,500
160,153.89,149,158.525,0.009240423,0.0089468,0.009518734,Engineered Systems,78113,16654,500
235,223.122,215,229,0.013397502,0.012909811,0.01375045,Engineered Systems,78113,16654,500
346,322.602,312,331,0.019370842,0.018734238,0.019875105,Engineered Systems,78113,16654,500
510,465.83,453,478,0.027971058,0.027200673,0.028701813,Engineered Systems,78113,16654,500
751,665.084,649,682,0.039935391,0.038969617,0.040951123,Engineered Systems,78113,16654,500
1106,943.51,921,965,0.056653657,0.05530203,0.057944037,Engineered Systems,78113,16654,500
1629,1324.414,1299,1356,0.079525279,0.077999279,0.081421881,Engineered Systems,78113,16654,500
2398,1836.354,1801,1871,0.110265041,0.108142188,0.112345382,Engineered Systems,78113,16654,500
3532,2513.666,2468.425,2562.525,0.15093467,0.148218146,0.15386844,Engineered Systems,78113,16654,500
5201,3384.504,3327.475,3440.525,0.203224691,0.199800348,0.206588507,Engineered Systems,78113,16654,500
7659,4486.524,4424,4555.525,0.269396181,0.265641888,0.27353939,Engineered Systems,78113,16654,500
11279,5843.46,5764.95,5918.525,0.350874264,0.346160082,0.35538159,Engineered Systems,78113,16654,500
16609,7481.15,7401.9,7562.1,0.4492104,0.444451783,0.454071094,Engineered Systems,78113,16654,500
24459,9401.166,9312.9,9497.525,0.564498979,0.559198991,0.570284917,Engineered Systems,78113,16654,500
36020,11595.492,11493.475,11690.525,0.696258677,0.690133001,0.701964993,Engineered Systems,78113,16654,500
53043,14037.124,13961.9,14116,0.84286802,0.838351147,0.847604179,Engineered Systems,78113,16654,500
78113,16654,16654,16654,1,1,1,Engineered Systems,78113,16654,500
50,49.644,48,50,0.000789316,0.000763177,0.000794976,Extreme Environments,309493,62895,500
79,78.14,76,79,0.001242388,0.001208363,0.001256062,Extreme Environments,309493,62895,500
125,122.95,120,125,0.001954845,0.001907942,0.001987439,Extreme Environments,309493,62895,500
198,192.988,188,197,0.003068416,0.002989109,0.003132204,Extreme Environments,309493,62895,500
314,302.26,295,309,0.004805787,0.004690357,0.00491295,Extreme Environments,309493,62895,500
497,470.51,460,480,0.007480881,0.007313777,0.007631767,Extreme Environments,309493,62895,500
788,728.252,711,743,0.011578854,0.011304555,0.01181334,Extreme Environments,309493,62895,500
1247,1118.934,1098,1141,0.017790508,0.017457668,0.018141347,Extreme Environments,309493,62895,500
1975,1704.256,1674.475,1732.525,0.027096844,0.02662334,0.027546307,Extreme Environments,309493,62895,500
3126,2567.024,2525,2608.525,0.040814437,0.040146276,0.041474283,Extreme Environments,309493,62895,500
4950,3820.358,3764.95,3879,0.06074184,0.059860879,0.061674219,Extreme Environments,309493,62895,500
7837,5610.798,5537.9,5680.525,0.089208967,0.088049924,0.090317593,Extreme Environments,309493,62895,500
12408,8115.406,8032.475,8204.05,0.12903102,0.127712457,0.130440417,Extreme Environments,309493,62895,500
19646,11543.566,11439.95,11652.1,0.183537102,0.181889657,0.185262739,Extreme Environments,309493,62895,500
31106,16118.052,15984.475,16238.525,0.256269211,0.254145401,0.258184673,Extreme Environments,309493,62895,500
49250,22080.868,21935,22240.725,0.351075093,0.348755863,0.353616742,Extreme Environments,309493,62895,500
77977,29647.786,29478.425,29819.575,0.47138542,0.468692662,0.474116782,Extreme Environments,309493,62895,500
123460,38968.206,38788.95,39154.25,0.619575578,0.616725495,0.622533588,Extreme Environments,309493,62895,500
195474,50092.64,49924.475,50259.575,0.796448684,0.793774942,0.79910287,Extreme Environments,309493,62895,500
309493,62895,62895,62895,1,1,1,Extreme Environments,309493,62895,500
50,45.956,41.475,49,0.000586495,0.000529308,0.000625343,General Environmental,1185648,78357,500
85,75.498,69,81,0.000963513,0.000880585,0.00103373,General Environmental,1185648,78357,500
144,121.298,112,130,0.001548017,0.001429355,0.001659073,General Environmental,1185648,78357,500
245,194.974,182,208,0.002488278,0.002322703,0.002654517,General Environmental,1185648,78357,500
417,308.374,291,325.525,0.0039355,0.003713772,0.004154383,General Environmental,1185648,78357,500
708,484.974,462,507,0.006189287,0.005896091,0.006470386,General Environmental,1185648,78357,500
1204,758.364,728.475,786.05,0.009678318,0.009296872,0.01003165,General Environmental,1185648,78357,500
2046,1174.194,1132.475,1213.525,0.014985183,0.014452761,0.015487129,General Environmental,1185648,78357,500
3476,1801.156,1751,1852.525,0.022986536,0.02234644,0.023642112,General Environmental,1185648,78357,500
5907,2742.278,2677.95,2806,0.034997231,0.03417627,0.035810457,General Environmental,1185648,78357,500
10037,4126.512,4049,4203,0.052662966,0.05167375,0.053639113,General Environmental,1185648,78357,500
17055,6137.248,6035.475,6241.05,0.078324183,0.077025346,0.079648915,General Environmental,1185648,78357,500
28981,9008.986,8882.475,9130.525,0.114973595,0.113359049,0.116524688,General Environmental,1185648,78357,500
49247,13023.346,12879.375,13165,0.166205266,0.164367893,0.168013068,General Environmental,1185648,78357,500
83684,18510.412,18358.85,18675,0.23623176,0.23429751,0.238332249,General Environmental,1185648,78357,500
142202,25827.75,25626.95,26009.525,0.329616371,0.327053741,0.331936202,General Environmental,1185648,78357,500
241640,35279.964,35076.9,35499.05,0.450246487,0.447654964,0.453042485,General Environmental,1185648,78357,500
410611,47163.48,46946.375,47383.525,0.601905127,0.59913441,0.604713363,General Environmental,1185648,78357,500
697740,61567.848,61358.65,61746,0.785735135,0.783065329,0.788008729,General Environmental,1185648,78357,500
1185648,78357,78357,78357,1,1,1,General Environmental,1185648,78357,500
50,49.602,48,50,0.000557295,0.000539296,0.000561766,Host Associated,666196,89005,500
82,80.912,78,82,0.000909073,0.000876355,0.000921297,Host Associated,666196,89005,500
136,133.17,129,136,0.001496208,0.001449357,0.001528004,Host Associated,666196,89005,500
224,217.278,212,222,0.002441189,0.002381889,0.002494242,Host Associated,666196,89005,500
369,352.172,343,360,0.003956766,0.003853716,0.004044717,Host Associated,666196,89005,500
609,567.922,555,579.525,0.006380788,0.006235605,0.006511151,Host Associated,666196,89005,500
1003,907.198,888.475,924,0.010192663,0.009982304,0.010381439,Host Associated,666196,89005,500
1654,1440.002,1413.95,1468,0.016178889,0.015886186,0.016493455,Host Associated,666196,89005,500
2727,2253.662,2211,2291,0.025320622,0.024841301,0.025740127,Host Associated,666196,89005,500
4495,3482.046,3429,3541.525,0.039121914,0.038525926,0.03979018,Host Associated,666196,89005,500
7410,5302.526,5232.475,5371.05,0.059575597,0.058788551,0.060345486,Host Associated,666196,89005,500
12216,7942.63,7851.475,8031.525,0.08923802,0.088213864,0.090236784,Host Associated,666196,89005,500
20137,11690.852,11577.95,11806.05,0.131350508,0.130082018,0.132644795,Host Associated,666196,89005,500
33196,16863.096,16725,17013.625,0.189462345,0.187910792,0.191153587,Host Associated,666196,89005,500
54723,23802.39,23616,23965.675,0.26742756,0.265333408,0.26926212,Host Associated,666196,89005,500
90211,32755.114,32569.475,32943.675,0.368014314,0.3659286,0.370132858,Host Associated,666196,89005,500
148711,43916.872,43708.85,44124.1,0.49342028,0.491083085,0.495748553,Host Associated,666196,89005,500
245149,57226.364,56993.375,57445.15,0.642956733,0.640339026,0.645414864,Host Associated,666196,89005,500
404125,72420.726,72216.95,72610.525,0.813670311,0.811380821,0.815802764,Host Associated,666196,89005,500
666196,89005,89005,89005,1,1,1,Host Associated,666196,89005,500
50,47.66,44,50,0.032421769,0.029931973,0.034013605,Mixed And Lab,3357,1470,500
62,58.558,54,62,0.039835374,0.036734694,0.042176871,Mixed And Lab,3357,1470,500
78,72.714,69,77,0.049465306,0.046938776,0.052380952,Mixed And Lab,3357,1470,500
97,89.346,84,94,0.060779592,0.057142857,0.063945578,Mixed And Lab,3357,1470,500
121,109.638,102.475,116,0.074583673,0.069710884,0.078911565,Mixed And Lab,3357,1470,500
151,134.43,128,142,0.09144898,0.08707483,0.096598639,Mixed And Lab,3357,1470,500
189,164.662,155,173,0.112014966,0.105442177,0.117687075,Mixed And Lab,3357,1470,500
236,200.398,190,211,0.13632517,0.129251701,0.143537415,Mixed And Lab,3357,1470,500
294,243.338,231,255,0.165536054,0.157142857,0.173469388,Mixed And Lab,3357,1470,500
367,293.55,279,308,0.199693878,0.189795918,0.20952381,Mixed And Lab,3357,1470,500
458,354.25,339,370,0.240986395,0.230612245,0.25170068,Mixed And Lab,3357,1470,500
571,423.716,406,442,0.288242177,0.276190476,0.300680272,Mixed And Lab,3357,1470,500
713,504.482,485,526,0.343185034,0.329931973,0.357823129,Mixed And Lab,3357,1470,500
889,598.692,577,620.525,0.407273469,0.392517007,0.42212585,Mixed And Lab,3357,1470,500
1110,705,681,731,0.479591837,0.463265306,0.497278912,Mixed And Lab,3357,1470,500
1385,825.72,802,848,0.561714286,0.545578231,0.576870748,Mixed And Lab,3357,1470,500
1728,961.638,937,985.525,0.65417551,0.637414966,0.67042517,Mixed And Lab,3357,1470,500
2156,1113.502,1090,1135,0.757484354,0.741496599,0.772108844,Mixed And Lab,3357,1470,500
2690,1282.356,1259.475,1302,0.87235102,0.856785714,0.885714286,Mixed And Lab,3357,1470,500
3357,1470,1470,1470,1,1,1,Mixed And Lab,3357,1470,500
50,49.548,48,50,0.003259522,0.003157687,0.003289257,Contaminated and Industrial Environments,38985,15201,500
71,70.114,68,71,0.00461246,0.00447339,0.004670745,Contaminated and Industrial Environments,38985,15201,500
101,99.214,96,101,0.006526807,0.006315374,0.0066443,Contaminated and Industrial Environments,38985,15201,500
143,139.674,136,143,0.009188474,0.00894678,0.009407276,Contaminated and Industrial Environments,38985,15201,500
203,196.934,192,202,0.012955332,0.012630748,0.013288599,Contaminated and Industrial Environments,38985,15201,500
288,276.808,269.475,283,0.018209855,0.017727452,0.018617196,Contaminated and Industrial Environments,38985,15201,500
409,388.314,379,397,0.025545293,0.02493257,0.026116703,Contaminated and Industrial Environments,38985,15201,500
581,542.974,532,554,0.035719624,0.034997698,0.036444971,Contaminated and Industrial Environments,38985,15201,500
825,756.78,740,773,0.049784883,0.048681008,0.050851918,Contaminated and Industrial Environments,38985,15201,500
1172,1049.6,1027.475,1069,0.069048089,0.067592593,0.070324321,Contaminated and Industrial Environments,38985,15201,500
1664,1445.466,1418.475,1471.525,0.095090191,0.093314585,0.096804487,Contaminated and Industrial Environments,38985,15201,500
2362,1972.918,1938.475,2006,0.129788698,0.12752286,0.131965002,Contaminated and Industrial Environments,38985,15201,500
3353,2670.654,2630,2713,0.175689363,0.173014933,0.1784751,Contaminated and Industrial Environments,38985,15201,500
4761,3571.166,3521,3624,0.234929676,0.231629498,0.238405368,Contaminated and Industrial Environments,38985,15201,500
6759,4720.674,4657.475,4780.525,0.310550227,0.306392672,0.314487534,Contaminated and Industrial Environments,38985,15201,500
9596,6157.3,6085,6229.525,0.405058878,0.400302612,0.40981021,Contaminated and Industrial Environments,38985,15201,500
13623,7910.096,7829.475,7990.575,0.520366818,0.515063154,0.525661141,Contaminated and Industrial Environments,38985,15201,500
19341,10005.778,9929,10082.525,0.658231564,0.653180712,0.663280376,Contaminated and Industrial Environments,38985,15201,500
27459,12441.428,12372.475,12512.575,0.818461154,0.813925071,0.82314157,Contaminated and Industrial Environments,38985,15201,500
38985,15201,15201,15201,1,1,1,Contaminated and Industrial Environments,38985,15201,500
