cluster1,cluster2,group1,group2,same_cluster,same_group,n_structures1,n_structures2,n_pairs,mean_score,median_score,std_score,min_score,q10_score,q25_score,q75_score,q90_score,max_score
3,3,picorna-like,picorna-like,True,True,5,5,10,0.5231275,0.5004975,0.08247085283938536,0.429665,0.4331075,0.46063,0.592405,0.6358885,0.651355
3,4,picorna-like,micro-like,False,False,5,5,25,0.4539928,0.47086,0.036729367765000624,0.39506,0.406144,0.412055,0.48006,0.496746,0.50632
3,8,picorna-like,NCLDV-like,False,False,5,5,25,0.242855,0.237575,0.01758988191641244,0.21976,0.22661900000000001,0.2314,0.245665,0.273697,0.28291
3,11,picorna-like,HK97-like,False,False,5,5,25,0.2281554,0.23077,0.0196613406057844,0.187655,0.208437,0.21455,0.238655,0.250805,0.274705
3,12,picorna-like,HK97-like,False,False,5,5,25,0.39157400000000003,0.42258,0.08110689064695223,0.23656,0.300978,0.312375,0.4463,0.498011,0.50909
3,19,picorna-like,micro-like,False,False,5,5,25,0.3273772,0.321795,0.03761323368288525,0.216125,0.29354800000000003,0.31437,0.35426,0.367918,0.382525
3,20,picorna-like,HK97-like,False,False,5,5,25,0.24225159999999998,0.226175,0.057194208144269294,0.170375,0.183651,0.21093,0.261175,0.34287900000000004,0.35816
3,21,picorna-like,HK97-like,False,False,5,5,25,0.2963396,0.30425,0.029241974430317338,0.21182,0.25471900000000003,0.2927,0.31052,0.319793,0.327795
3,31,picorna-like,Geminiviridae-like,False,False,5,5,25,0.310162,0.324235,0.04492197963321148,0.213985,0.216341,0.31169,0.33531,0.340701,0.37143
3,36,picorna-like,BTV-like,False,False,5,5,25,0.2259578,0.23302,0.020318868287874693,0.175655,0.19568200000000002,0.214735,0.24215,0.244046,0.249095
3,51,picorna-like,NCLDV-like,False,False,5,5,25,0.25599780000000005,0.254095,0.017564532923859184,0.231815,0.234717,0.240325,0.26521,0.282055,0.290285
3,64,picorna-like,NCLDV-like,False,False,5,5,25,0.246247,0.246675,0.018517862491389227,0.203055,0.222136,0.240535,0.255605,0.26877100000000004,0.27772
3,71,picorna-like,HK97-like,False,False,5,5,25,0.34500420000000004,0.35625,0.03726777220557551,0.200295,0.330003,0.34453,0.364745,0.36970200000000003,0.37211
3,75,picorna-like,BTV-like,False,False,5,5,25,0.21722759999999997,0.22292,0.03265654879831405,0.150625,0.175182,0.19938,0.231225,0.24715800000000002,0.28633
3,82,picorna-like,NCLDV-like,False,False,5,5,25,0.23321240000000004,0.238265,0.016119235734570875,0.20651,0.212281,0.21888,0.24401,0.25120600000000004,0.270275
3,89,picorna-like,Geminiviridae-like,False,False,5,5,25,0.2374214,0.233035,0.023366096990797017,0.202525,0.204306,0.21719,0.25711,0.269748,0.276145
3,90,picorna-like,HK97-like,False,False,5,5,25,0.22561059999999997,0.225555,0.016952895052664806,0.200685,0.204967,0.21414,0.23191,0.244181,0.27872
3,92,picorna-like,HK97-like,False,False,5,5,25,0.2385422,0.23655,0.021362337481340064,0.195805,0.21396,0.224455,0.25349,0.26682900000000004,0.27837
3,94,picorna-like,BTV-like,False,False,5,5,25,0.2393374,0.2404,0.020845509914207746,0.184575,0.217224,0.229815,0.249855,0.261937,0.28231
3,97,picorna-like,HK97-like,False,False,5,5,25,0.235366,0.227355,0.022167671139522074,0.1995,0.214351,0.215635,0.257585,0.264801,0.269215
4,4,micro-like,micro-like,True,True,5,5,10,0.5328215000000001,0.502775,0.09307656707875869,0.42342,0.46149,0.47967875,0.5834112499999999,0.6302135,0.734645
4,8,micro-like,NCLDV-like,False,False,5,5,25,0.2353894,0.228055,0.020383435642288894,0.205855,0.214398,0.221265,0.252245,0.265011,0.278675
4,11,micro-like,HK97-like,False,False,5,5,25,0.2308144,0.227525,0.02063882063814048,0.19858,0.205493,0.215665,0.24515,0.25813400000000003,0.270955
4,12,micro-like,HK97-like,False,False,5,5,25,0.3830178000000001,0.37856,0.07156428677652935,0.286115,0.296941,0.319185,0.445545,0.47853900000000005,0.50075
4,19,micro-like,micro-like,False,True,5,5,25,0.3210494,0.31665,0.017373449170597452,0.29393,0.304666,0.307745,0.33316,0.347123,0.355815
4,20,micro-like,HK97-like,False,False,5,5,25,0.2396822,0.2349,0.0502965941333672,0.15945,0.18815300000000001,0.211005,0.2573,0.33232600000000007,0.34144
4,21,micro-like,HK97-like,False,False,5,5,25,0.2964604,0.29416,0.017815618318860936,0.268765,0.278118,0.280105,0.3091,0.320944,0.334975
4,31,micro-like,Geminiviridae-like,False,False,5,5,25,0.3136452,0.311925,0.0256777056542571,0.20647,0.30501,0.30832,0.323985,0.337081,0.35114
4,36,micro-like,BTV-like,False,False,5,5,25,0.2339614,0.237205,0.014376117240641395,0.203085,0.213393,0.225195,0.24515,0.247814,0.259315
4,51,micro-like,NCLDV-like,False,False,5,5,25,0.25949259999999996,0.261695,0.014262516806884637,0.233025,0.239429,0.25031,0.26971,0.275424,0.28147
4,64,micro-like,NCLDV-like,False,False,5,5,25,0.24368700000000001,0.243175,0.022816156191026858,0.2016,0.213034,0.229965,0.262275,0.26489,0.29343
4,71,micro-like,HK97-like,False,False,5,5,25,0.34435460000000007,0.346375,0.011241119728479009,0.327145,0.33001600000000003,0.33448,0.351455,0.356665,0.367675
4,75,micro-like,BTV-like,False,False,5,5,25,0.21076799999999998,0.223375,0.034549538497882525,0.14962,0.163374,0.18278,0.234615,0.252303,0.26506
4,82,micro-like,NCLDV-like,False,False,5,5,25,0.2443028,0.24272,0.018162784184516795,0.2058,0.222716,0.23107,0.255715,0.26631800000000005,0.2796
4,89,micro-like,Geminiviridae-like,False,False,5,5,25,0.2730066,0.28355,0.025222343381745217,0.210235,0.227802,0.26574,0.2888,0.292394,0.297535
4,90,micro-like,HK97-like,False,False,5,5,25,0.230013,0.23172,0.01852972077726303,0.19161,0.205087,0.220985,0.24048,0.248544,0.269995
4,92,micro-like,HK97-like,False,False,5,5,25,0.23191499999999998,0.231325,0.01588630299713142,0.194585,0.214074,0.22495,0.241705,0.253297,0.264955
4,94,micro-like,BTV-like,False,False,5,5,25,0.248304,0.24594,0.019090722823315694,0.19983,0.22883299999999998,0.24057,0.25444,0.278044,0.284675
4,97,micro-like,HK97-like,False,False,5,5,25,0.225361,0.229985,0.017512915828991282,0.194155,0.204056,0.209515,0.234985,0.24814999999999998,0.25671
8,8,NCLDV-like,NCLDV-like,True,True,5,5,10,0.6829105,0.69276,0.06357211742274368,0.58165,0.6091225,0.634385,0.73201,0.757698,0.75939
8,11,NCLDV-like,HK97-like,False,False,5,5,25,0.21544559999999996,0.213215,0.016066416015506794,0.1924,0.19420400000000002,0.20568,0.22404,0.23814000000000002,0.250195
8,12,NCLDV-like,HK97-like,False,False,5,5,25,0.23059739999999998,0.22712,0.02563511942953781,0.197195,0.20247099999999998,0.21084,0.23922,0.26292200000000004,0.29519
8,19,NCLDV-like,micro-like,False,False,5,5,25,0.22679019999999997,0.22846,0.012788721551299282,0.199565,0.20885199999999998,0.22175,0.235155,0.242718,0.248635
8,20,NCLDV-like,HK97-like,False,False,5,5,25,0.2468956,0.22836,0.05711116736827104,0.18778,0.18876199999999999,0.206355,0.270705,0.341592,0.36123
8,21,NCLDV-like,HK97-like,False,False,5,5,25,0.24614239999999998,0.24929,0.016505954425600478,0.20813,0.221579,0.239035,0.254585,0.264694,0.271955
8,31,NCLDV-like,Geminiviridae-like,False,False,5,5,25,0.2738188,0.27509,0.014814719192411304,0.24521,0.253573,0.263035,0.286585,0.290614,0.29629
8,36,NCLDV-like,BTV-like,False,False,5,5,25,0.25228540000000005,0.25554,0.024703532680907532,0.17617,0.221949,0.24183,0.26816,0.277599,0.28518
8,51,NCLDV-like,NCLDV-like,False,True,5,5,25,0.631027,0.62533,0.02703137756231946,0.592235,0.599837,0.611825,0.64359,0.675988,0.684915
8,64,NCLDV-like,NCLDV-like,False,True,5,5,25,0.6487037999999999,0.648885,0.03536110596639572,0.59335,0.605757,0.613425,0.68445,0.68923,0.714845
8,71,NCLDV-like,HK97-like,False,False,5,5,25,0.26597360000000003,0.264445,0.019989061671324148,0.23221,0.240024,0.24655,0.283795,0.288369,0.293515
8,75,NCLDV-like,BTV-like,False,False,5,5,25,0.20974700000000002,0.218775,0.03408323121419094,0.13611,0.15454099999999998,0.196,0.235105,0.23799599999999999,0.25776
8,82,NCLDV-like,NCLDV-like,False,True,5,5,25,0.5457242,0.56693,0.050650416678937604,0.456285,0.469103,0.49984,0.57547,0.603654,0.62439
8,89,NCLDV-like,Geminiviridae-like,False,False,5,5,25,0.222979,0.22362,0.015272969177602633,0.19601,0.19927,0.212055,0.2323,0.242845,0.24685
8,90,NCLDV-like,HK97-like,False,False,5,5,25,0.2240312,0.218215,0.016846974337646904,0.193075,0.208182,0.21188,0.233195,0.250943,0.25992
8,92,NCLDV-like,HK97-like,False,False,5,5,25,0.23531980000000005,0.23151,0.012682024720051607,0.21374,0.21889899999999998,0.22699,0.24505,0.253026,0.257985
8,94,NCLDV-like,BTV-like,False,False,5,5,25,0.24092680000000002,0.239755,0.01970040449457828,0.202575,0.22031,0.229675,0.250635,0.26233500000000004,0.29574
8,97,NCLDV-like,HK97-like,False,False,5,5,25,0.22840539999999998,0.230205,0.014851402635778216,0.20087,0.21010399999999999,0.217225,0.237005,0.24554900000000002,0.25938
11,11,HK97-like,HK97-like,True,True,5,5,10,0.4425395,0.5314575,0.16871240684882136,0.235125,0.240336,0.2545975,0.58686125,0.5972925,0.61356
11,12,HK97-like,HK97-like,False,True,5,5,25,0.23354299999999997,0.227795,0.02907766120667204,0.179365,0.202156,0.21326,0.249615,0.26579,0.298985
11,19,HK97-like,micro-like,False,False,5,5,25,0.210623,0.212225,0.020975315303549867,0.170495,0.18498499999999998,0.19994,0.219885,0.23569400000000001,0.265505
11,20,HK97-like,HK97-like,False,True,5,5,25,0.23257899999999998,0.23605,0.03955674168204454,0.159555,0.173134,0.21185,0.264385,0.271641,0.294255
11,21,HK97-like,HK97-like,False,True,5,5,25,0.2210852,0.224585,0.01946936570615489,0.18937,0.191904,0.208205,0.23245,0.243531,0.26418
11,31,HK97-like,Geminiviridae-like,False,False,5,5,25,0.22550319999999996,0.222195,0.03142533067579931,0.18599,0.191261,0.200195,0.234435,0.257892,0.330725
11,36,HK97-like,BTV-like,False,False,5,5,25,0.233528,0.231265,0.02187560837249256,0.20158,0.20974900000000002,0.217235,0.247785,0.259048,0.28585
11,51,HK97-like,NCLDV-like,False,False,5,5,25,0.21726700000000002,0.218025,0.012762090998996469,0.189005,0.20385599999999998,0.21036,0.222065,0.23523200000000002,0.24146
11,64,HK97-like,NCLDV-like,False,False,5,5,25,0.22027399999999997,0.22183,0.01109668803817908,0.196645,0.2094,0.21197,0.226475,0.234624,0.239615
11,71,HK97-like,HK97-like,False,True,5,5,25,0.226634,0.221375,0.021356996950648282,0.18057,0.204426,0.212665,0.24785,0.255778,0.263925
11,75,HK97-like,BTV-like,False,False,5,5,25,0.23173119999999997,0.226525,0.034368108651044504,0.176535,0.20091699999999998,0.209255,0.243785,0.28170700000000004,0.313715
11,82,HK97-like,NCLDV-like,False,False,5,5,25,0.219458,0.21622,0.016285968014418634,0.19464,0.201462,0.20904,0.231205,0.23742300000000002,0.259325
11,89,HK97-like,Geminiviridae-like,False,False,5,5,25,0.23090319999999998,0.23137,0.016732680777448657,0.188585,0.21012,0.22179,0.243,0.24982800000000002,0.26036
11,90,HK97-like,HK97-like,False,True,5,5,25,0.25458080000000005,0.25274,0.02840838413068696,0.20384,0.228198,0.2334,0.270105,0.282137,0.33985
11,92,HK97-like,HK97-like,False,True,5,5,25,0.39407359999999997,0.41184,0.07484451899771953,0.23216,0.30022899999999997,0.33263,0.432135,0.494526,0.5135
11,94,HK97-like,BTV-like,False,False,5,5,25,0.24114000000000002,0.24224,0.021409688616761024,0.190455,0.214579,0.227385,0.259075,0.267736,0.275385
11,97,HK97-like,HK97-like,False,True,5,5,25,0.4190362,0.42672,0.07144732521060533,0.253765,0.31844,0.398465,0.44756,0.521317,0.52458
12,12,HK97-like,HK97-like,True,True,5,5,10,0.414715,0.416615,0.09792916637946927,0.28243,0.31519,0.32980625,0.49140125,0.546866,0.55286
12,19,HK97-like,micro-like,False,False,5,5,25,0.3522032,0.353285,0.036221081795228954,0.29144,0.299667,0.323905,0.38021,0.391724,0.408205
12,20,HK97-like,HK97-like,False,True,5,5,25,0.2545556,0.243835,0.06856379133271924,0.16377,0.187766,0.217255,0.26559,0.33540400000000004,0.474995
12,21,HK97-like,HK97-like,False,True,5,5,25,0.3078848,0.30951,0.04633971174201814,0.19504,0.262008,0.278965,0.34316,0.364256,0.3722
12,31,HK97-like,Geminiviridae-like,False,False,5,5,25,0.3526392,0.35616,0.043636305762327465,0.253095,0.299867,0.32645,0.37918,0.396054,0.42635
12,36,HK97-like,BTV-like,False,False,5,5,25,0.22510900000000003,0.2207,0.018100983974174808,0.19578,0.204244,0.214315,0.23623,0.248059,0.267605
12,51,HK97-like,NCLDV-like,False,False,5,5,25,0.2752108,0.28823,0.0342604039453711,0.22138,0.227954,0.243835,0.29748,0.318618,0.32309
12,64,HK97-like,NCLDV-like,False,False,5,5,25,0.2565592,0.242675,0.03155531032568052,0.215565,0.224015,0.23615,0.28116,0.307066,0.31988
12,71,HK97-like,HK97-like,False,True,5,5,25,0.3903834,0.3925,0.03907509001695752,0.32657,0.337092,0.35527,0.417765,0.43845700000000004,0.46095
12,75,HK97-like,BTV-like,False,False,5,5,25,0.23028640000000003,0.227445,0.020433909598997452,0.198675,0.205224,0.21811,0.24315,0.255035,0.28038
12,82,HK97-like,NCLDV-like,False,False,5,5,25,0.24927239999999998,0.241015,0.037867827046848095,0.203085,0.213862,0.22261,0.258995,0.319651,0.323865
12,89,HK97-like,Geminiviridae-like,False,False,5,5,25,0.286134,0.290195,0.043700692357215576,0.19484,0.217644,0.272445,0.32519,0.33174000000000003,0.339715
12,90,HK97-like,HK97-like,False,True,5,5,25,0.2406822,0.240255,0.023483985326884647,0.19469,0.216049,0.22869,0.250665,0.260344,0.31772
12,92,HK97-like,HK97-like,False,True,5,5,25,0.23367000000000002,0.24103,0.019623963932311604,0.187575,0.207605,0.22534,0.248775,0.253024,0.25599
12,94,HK97-like,BTV-like,False,False,5,5,25,0.250681,0.24695,0.02832707240874002,0.20374,0.222653,0.227665,0.267425,0.279948,0.32925
12,97,HK97-like,HK97-like,False,True,5,5,25,0.25226560000000003,0.25324,0.02517505587216574,0.190775,0.223759,0.23934,0.26663,0.283797,0.298105
19,19,micro-like,micro-like,True,True,5,5,10,0.5060150000000001,0.505435,0.02742934438395007,0.471775,0.474934,0.49460375,0.51359,0.5202555,0.570705
19,20,micro-like,HK97-like,False,False,5,5,25,0.2445216,0.21874,0.08533583999069012,0.14326,0.172528,0.185035,0.24514,0.404536,0.420805
19,21,micro-like,HK97-like,False,False,5,5,25,0.4042138,0.402605,0.02402640670873057,0.36043,0.374848,0.38918,0.419165,0.436839,0.450315
19,31,micro-like,Geminiviridae-like,False,False,5,5,25,0.4484184,0.44729,0.01871624443275591,0.418885,0.42545900000000003,0.4392,0.46054,0.46315500000000004,0.495565
19,36,micro-like,BTV-like,False,False,5,5,25,0.21630019999999997,0.213605,0.01869601040774921,0.188375,0.194821,0.20909,0.22179,0.24813100000000002,0.25632
19,51,micro-like,NCLDV-like,False,False,5,5,25,0.26918980000000003,0.26897,0.008028942110681002,0.25248,0.260896,0.26506,0.271755,0.280962,0.28521
19,64,micro-like,NCLDV-like,False,False,5,5,25,0.26668640000000005,0.270765,0.02110711153458316,0.21711,0.24030500000000002,0.25686,0.27944,0.292571,0.30408
19,71,micro-like,HK97-like,False,False,5,5,25,0.4615572,0.462395,0.018246478203569404,0.41902,0.436467,0.4513,0.47329,0.47952100000000003,0.49827
19,75,micro-like,BTV-like,False,False,5,5,25,0.21691780000000002,0.213995,0.022106083630982674,0.16595,0.188632,0.207665,0.233525,0.239577,0.27031
19,82,micro-like,NCLDV-like,False,False,5,5,25,0.25760679999999997,0.253955,0.014492845137055272,0.234085,0.241761,0.24845,0.26926,0.274472,0.295955
19,89,micro-like,Geminiviridae-like,False,False,5,5,25,0.30277560000000003,0.320565,0.04580324061315604,0.195925,0.222921,0.3075,0.332935,0.335909,0.34723
19,90,micro-like,HK97-like,False,False,5,5,25,0.2131342,0.21712,0.019855589509002243,0.178155,0.18354700000000002,0.19801,0.226245,0.237204,0.24501
19,92,micro-like,HK97-like,False,False,5,5,25,0.22842259999999995,0.22885,0.016407076669331846,0.187765,0.203349,0.224,0.240925,0.246965,0.255505
19,94,micro-like,BTV-like,False,False,5,5,25,0.22241980000000003,0.2181,0.01932090434607035,0.19626,0.202312,0.20846,0.23486,0.252276,0.25993
19,97,micro-like,HK97-like,False,False,5,5,25,0.22803179999999998,0.22916,0.018602584771118952,0.20038,0.210838,0.21288,0.234385,0.252197,0.27735
20,20,HK97-like,HK97-like,True,True,5,5,10,0.2231515,0.2095725,0.03214528685428775,0.195775,0.1962565,0.19725875,0.24148999999999998,0.272015,0.28007
20,21,HK97-like,HK97-like,False,True,5,5,25,0.23214680000000001,0.21199,0.05842840827457137,0.175255,0.18063099999999999,0.19131,0.232755,0.341026,0.349585
20,31,HK97-like,Geminiviridae-like,False,False,5,5,25,0.26377219999999996,0.23191,0.09073668443496269,0.16551,0.187142,0.209015,0.25724,0.435832,0.44428
20,36,HK97-like,BTV-like,False,False,5,5,25,0.2292372,0.229585,0.03479406924079639,0.16883,0.183533,0.20139,0.26089,0.267672,0.29323
20,51,HK97-like,NCLDV-like,False,False,5,5,25,0.26432039999999996,0.258195,0.06774225570621831,0.162235,0.167025,0.242935,0.27148,0.37263199999999996,0.38624
20,64,HK97-like,NCLDV-like,False,False,5,5,25,0.2724738,0.260375,0.07336308121937082,0.169525,0.184509,0.23958,0.280915,0.398881,0.410735
20,71,HK97-like,HK97-like,False,True,5,5,25,0.2757458,0.23872,0.10434571025841614,0.156365,0.174353,0.21145,0.28831,0.467185,0.49478
20,75,HK97-like,BTV-like,False,False,5,5,25,0.21712420000000002,0.21926,0.035632215634170156,0.151775,0.166875,0.197675,0.24009,0.254992,0.303085
20,82,HK97-like,NCLDV-like,False,False,5,5,25,0.2539134,0.249535,0.056918646690547144,0.18257,0.19123600000000002,0.2138,0.257435,0.35751,0.36764
20,89,HK97-like,Geminiviridae-like,False,False,5,5,25,0.24904239999999997,0.232025,0.06893536920430131,0.175825,0.186136,0.21305,0.24464,0.383936,0.40757
20,90,HK97-like,HK97-like,False,True,5,5,25,0.2366618,0.23538,0.038997955445339266,0.171335,0.189589,0.20962,0.26354,0.279161,0.334025
20,92,HK97-like,HK97-like,False,True,5,5,25,0.22321679999999997,0.231335,0.02920307374946457,0.158005,0.183413,0.203985,0.2403,0.25874400000000003,0.26495
20,94,HK97-like,BTV-like,False,False,5,5,25,0.23281,0.228955,0.029269286590212613,0.185285,0.196916,0.21575,0.25444,0.273257,0.285475
20,97,HK97-like,HK97-like,False,True,5,5,25,0.23023660000000004,0.24978,0.03865083320900081,0.16684,0.182494,0.195925,0.26048,0.27306400000000003,0.2924
21,21,HK97-like,HK97-like,True,True,5,5,10,0.6518785,0.6479675,0.030203997072683397,0.60743,0.6232385,0.63079,0.6672225,0.6895315,0.70552
21,31,HK97-like,Geminiviridae-like,False,False,5,5,25,0.37430279999999994,0.37387,0.018376449153740225,0.34332,0.354041,0.359825,0.38264,0.395739,0.420765
21,36,HK97-like,BTV-like,False,False,5,5,25,0.2228098,0.22609,0.013965982517054313,0.1914,0.200412,0.216275,0.23188,0.235297,0.24511
21,51,HK97-like,NCLDV-like,False,False,5,5,25,0.24170919999999999,0.2452,0.01843883117680366,0.203105,0.21558,0.23131,0.257825,0.262793,0.266745
21,64,HK97-like,NCLDV-like,False,False,5,5,25,0.24827439999999995,0.25171,0.011809199743561512,0.2119,0.234964,0.24371,0.255315,0.260296,0.26718
21,71,HK97-like,HK97-like,False,True,5,5,25,0.4080137999999999,0.40946,0.009651195336157421,0.390165,0.393984,0.402865,0.415515,0.41928,0.425985
21,75,HK97-like,BTV-like,False,False,5,5,25,0.20856479999999997,0.209565,0.028996679281140678,0.14973,0.177895,0.187735,0.227205,0.24604700000000002,0.25887
21,82,HK97-like,NCLDV-like,False,False,5,5,25,0.23873559999999996,0.2364,0.020684844004729648,0.20951,0.21620899999999998,0.22083,0.250915,0.27029600000000004,0.27787
21,89,HK97-like,Geminiviridae-like,False,False,5,5,25,0.2575584,0.272535,0.027532742126421043,0.205995,0.227254,0.232465,0.28063,0.285205,0.29357
21,90,HK97-like,HK97-like,False,True,5,5,25,0.2208888,0.21765,0.01700615974678979,0.194055,0.203825,0.20667,0.2387,0.244257,0.252405
21,92,HK97-like,HK97-like,False,True,5,5,25,0.22260239999999995,0.22162,0.017001207623773867,0.19206,0.201514,0.211565,0.234615,0.243727,0.2553
21,94,HK97-like,BTV-like,False,False,5,5,25,0.22274059999999998,0.224435,0.019965022869174648,0.185855,0.200162,0.20605,0.23225,0.24976500000000004,0.26063
21,97,HK97-like,HK97-like,False,True,5,5,25,0.22905799999999998,0.23233,0.01800711421910796,0.183335,0.206343,0.21866,0.24018,0.251681,0.257565
31,31,Geminiviridae-like,Geminiviridae-like,True,True,5,5,10,0.6230054999999999,0.62383,0.027572733658251736,0.589055,0.591746,0.601215,0.63476375,0.652911,0.677805
31,36,Geminiviridae-like,BTV-like,False,False,5,5,25,0.20681340000000004,0.211025,0.016092561604666922,0.17077,0.18447,0.199315,0.216225,0.218686,0.24751
31,51,Geminiviridae-like,NCLDV-like,False,False,5,5,25,0.30025900000000005,0.299445,0.008706174533054112,0.28373,0.29030900000000004,0.295045,0.306005,0.310307,0.320005
31,64,Geminiviridae-like,NCLDV-like,False,False,5,5,25,0.30682620000000005,0.305815,0.008064322827532803,0.29251,0.297775,0.301625,0.31378,0.31707799999999997,0.323615
31,71,Geminiviridae-like,HK97-like,False,False,5,5,25,0.5401996,0.539695,0.01272882718478022,0.52069,0.527393,0.52936,0.54442,0.554296,0.57783
31,75,Geminiviridae-like,BTV-like,False,False,5,5,25,0.2115716,0.215865,0.022178560768228404,0.174765,0.181308,0.189905,0.233375,0.23839900000000003,0.243725
31,82,Geminiviridae-like,NCLDV-like,False,False,5,5,25,0.28618319999999997,0.290065,0.018769761579466054,0.24142,0.26364699999999996,0.27672,0.295705,0.305905,0.313095
31,89,Geminiviridae-like,Geminiviridae-like,False,True,5,5,25,0.3297168,0.34438,0.03833728423154149,0.219955,0.28122800000000003,0.33126,0.349085,0.353191,0.378445
31,90,Geminiviridae-like,HK97-like,False,False,5,5,25,0.2191054,0.213735,0.02070630529573057,0.1908,0.197515,0.207665,0.226555,0.253473,0.26527
31,92,Geminiviridae-like,HK97-like,False,False,5,5,25,0.2329946,0.227925,0.016687139878760932,0.209585,0.214464,0.221615,0.24351,0.25339700000000004,0.26731
31,94,Geminiviridae-like,BTV-like,False,False,5,5,25,0.227969,0.22522,0.019034498833258872,0.193435,0.20707899999999999,0.21301,0.243325,0.256469,0.26023
31,97,Geminiviridae-like,HK97-like,False,False,5,5,25,0.23754519999999996,0.226975,0.023630910921925968,0.21193,0.214981,0.221675,0.240885,0.272261,0.291715
36,36,BTV-like,BTV-like,True,True,5,5,10,0.408637,0.2384325,0.30180385042091307,0.19483,0.1988035,0.20776624999999999,0.69152125,0.840916,0.857575
36,51,BTV-like,NCLDV-like,False,False,5,5,25,0.25923260000000004,0.25616,0.03960543463128935,0.20325,0.20622400000000002,0.242435,0.26539,0.324726,0.32908
36,64,BTV-like,NCLDV-like,False,False,5,5,25,0.2625908,0.265785,0.03091387399830913,0.197485,0.21905,0.254415,0.27772,0.30297599999999997,0.311155
36,71,BTV-like,HK97-like,False,False,5,5,25,0.21786900000000003,0.210765,0.020147103027896258,0.19547,0.197607,0.20693,0.219095,0.24649300000000002,0.26546
36,75,BTV-like,BTV-like,False,True,5,5,25,0.2110542,0.213795,0.031969460742506534,0.135525,0.165245,0.198175,0.23635,0.24211,0.263775
36,82,BTV-like,NCLDV-like,False,False,5,5,25,0.246973,0.247535,0.027586698749880647,0.188975,0.204461,0.229935,0.272425,0.277779,0.28436
36,89,BTV-like,Geminiviridae-like,False,False,5,5,25,0.22429679999999996,0.221845,0.01855061925516235,0.18741,0.202153,0.2139,0.23699,0.246566,0.261645
36,90,BTV-like,HK97-like,False,False,5,5,25,0.2293088,0.229035,0.018532862213736262,0.20226,0.207911,0.21793,0.23491,0.24069700000000002,0.283225
36,92,BTV-like,HK97-like,False,False,5,5,25,0.2319342,0.23059,0.01448291649380976,0.207195,0.215371,0.22153,0.23929,0.24982700000000002,0.264905
36,94,BTV-like,BTV-like,False,True,5,5,25,0.238152,0.23853,0.01759782704389001,0.195325,0.220219,0.234065,0.247085,0.25610499999999997,0.27651
36,97,BTV-like,HK97-like,False,False,5,5,25,0.22685960000000002,0.22843,0.016115246528262194,0.1886,0.204066,0.21806,0.23667,0.246676,0.252115
51,51,NCLDV-like,NCLDV-like,True,True,5,5,10,0.91203,0.906585,0.018361681114030203,0.891855,0.8965035,0.897805,0.9243,0.9289934999999999,0.950265
51,64,NCLDV-like,NCLDV-like,False,True,5,5,25,0.7222018,0.72017,0.013664356299633492,0.69858,0.708255,0.713585,0.72797,0.742354,0.751905
51,71,NCLDV-like,HK97-like,False,False,5,5,25,0.2839448,0.28602,0.012105830162226243,0.252475,0.269421,0.277165,0.29277,0.29709,0.30014
51,75,NCLDV-like,BTV-like,False,False,5,5,25,0.218244,0.2297,0.03476566268724549,0.15223,0.16031900000000002,0.20257,0.238795,0.25608200000000003,0.268785
51,82,NCLDV-like,NCLDV-like,False,True,5,5,25,0.5973016,0.63051,0.05910849837939268,0.492975,0.503603,0.55793,0.64608,0.648258,0.64947
51,89,NCLDV-like,Geminiviridae-like,False,False,5,5,25,0.24425899999999998,0.24619,0.01296689205566752,0.21676,0.228251,0.235235,0.25645,0.259407,0.26234
51,90,NCLDV-like,HK97-like,False,False,5,5,25,0.23436,0.23556,0.013601761757826325,0.1982,0.219502,0.22952,0.24112,0.245188,0.273995
51,92,NCLDV-like,HK97-like,False,False,5,5,25,0.2474118,0.24575,0.01637790908510607,0.22286,0.22786599999999999,0.23643,0.255665,0.274065,0.278885
51,94,NCLDV-like,BTV-like,False,False,5,5,25,0.2625376,0.258055,0.019220179668775216,0.22516,0.245591,0.249445,0.275365,0.284458,0.30341
51,97,NCLDV-like,HK97-like,False,False,5,5,25,0.24142180000000002,0.24073,0.006944651251142855,0.226995,0.235538,0.236595,0.244595,0.252021,0.25268
64,64,NCLDV-like,NCLDV-like,True,True,5,5,10,0.8625795,0.8761525,0.03650768324385066,0.8032,0.8272885,0.83291625,0.88115125,0.8860574999999999,0.92856
64,71,NCLDV-like,HK97-like,False,False,5,5,25,0.303006,0.307745,0.01850131459293276,0.237275,0.293112,0.30079,0.312335,0.315201,0.325265
64,75,NCLDV-like,BTV-like,False,False,5,5,25,0.22788020000000003,0.237885,0.039676981768400676,0.130465,0.171715,0.201585,0.260405,0.267353,0.278775
64,82,NCLDV-like,NCLDV-like,False,True,5,5,25,0.584801,0.609355,0.06040657809447025,0.46805,0.482498,0.551155,0.624215,0.647849,0.665195
64,89,NCLDV-like,Geminiviridae-like,False,False,5,5,25,0.24329179999999997,0.244725,0.013978892338093176,0.2034,0.228828,0.23517,0.25111,0.25932700000000003,0.26841
64,90,NCLDV-like,HK97-like,False,False,5,5,25,0.2308734,0.22695,0.022910480030981454,0.20092,0.203537,0.21422,0.237925,0.26681900000000003,0.27812
64,92,NCLDV-like,HK97-like,False,False,5,5,25,0.2547672,0.253495,0.011434666049634624,0.236295,0.241003,0.24823,0.25901,0.267112,0.286295
64,94,NCLDV-like,BTV-like,False,False,5,5,25,0.2531044,0.254655,0.02085507014293327,0.213575,0.226131,0.239655,0.26837,0.276406,0.298255
64,97,NCLDV-like,HK97-like,False,False,5,5,25,0.24256120000000003,0.240315,0.013952371384463645,0.216585,0.22742,0.23257,0.252395,0.255958,0.27823
71,71,HK97-like,HK97-like,True,True,5,5,10,0.815757,0.820245,0.041409544806857185,0.76639,0.7695895,0.77487,0.84784875,0.8637210000000001,0.87624
71,75,HK97-like,BTV-like,False,False,5,5,25,0.21339039999999998,0.212405,0.018994983763264098,0.177585,0.18896100000000002,0.199795,0.22542,0.235683,0.2529
71,82,HK97-like,NCLDV-like,False,False,5,5,25,0.2837876,0.28377,0.013750543937726,0.249975,0.268349,0.278195,0.289355,0.300694,0.315795
71,89,HK97-like,Geminiviridae-like,False,False,5,5,25,0.36522400000000005,0.37496,0.03513677495398043,0.24482,0.326733,0.35465,0.381875,0.397839,0.41322
71,90,HK97-like,HK97-like,False,True,5,5,25,0.2388456,0.247105,0.022389846346428256,0.199505,0.20866800000000002,0.2184,0.25256,0.263937,0.278585
71,92,HK97-like,HK97-like,False,True,5,5,25,0.23232879999999997,0.22678,0.023070085892413435,0.19074,0.20965899999999998,0.217425,0.251495,0.26862400000000003,0.27415
71,94,HK97-like,BTV-like,False,False,5,5,25,0.24544140000000003,0.246345,0.0244470679274632,0.189145,0.208185,0.2416,0.263015,0.269066,0.289305
71,97,HK97-like,HK97-like,False,True,5,5,25,0.23662800000000003,0.238725,0.010921501442109502,0.219475,0.22278,0.228885,0.242425,0.249952,0.2583
75,75,BTV-like,BTV-like,True,True,5,5,10,0.21281849999999997,0.21089249999999998,0.04060147493557893,0.150915,0.168546,0.180035,0.23740125,0.2667875,0.272075
75,82,BTV-like,NCLDV-like,False,False,5,5,25,0.2152506,0.22675,0.03407398960106276,0.13453,0.161804,0.202475,0.236215,0.250589,0.257965
75,89,BTV-like,Geminiviridae-like,False,False,5,5,25,0.20897640000000003,0.21781,0.029567359978248536,0.144155,0.166071,0.1903,0.232395,0.239377,0.24846
75,90,BTV-like,HK97-like,False,False,5,5,25,0.238785,0.24739,0.04021288837756704,0.161565,0.18253,0.208465,0.27443,0.278705,0.303925
75,92,BTV-like,HK97-like,False,False,5,5,25,0.2072044,0.208265,0.024102631526453703,0.163895,0.169881,0.19416,0.22073,0.23389800000000002,0.249855
75,94,BTV-like,BTV-like,False,True,5,5,25,0.21634160000000002,0.21356,0.04319068955226346,0.139545,0.161758,0.189735,0.24633,0.262135,0.32335
75,97,BTV-like,HK97-like,False,False,5,5,25,0.20602,0.204705,0.019549850862602507,0.171405,0.179756,0.195075,0.220315,0.232264,0.247205
82,82,NCLDV-like,NCLDV-like,True,True,5,5,10,0.6910915,0.688815,0.1736950185118541,0.47432,0.5290670000000001,0.5377625,0.84433,0.9026185,0.95719
82,89,NCLDV-like,Geminiviridae-like,False,False,5,5,25,0.23291960000000003,0.231335,0.012919409326023127,0.2122,0.214872,0.225045,0.241135,0.24842399999999998,0.25549
82,90,NCLDV-like,HK97-like,False,False,5,5,25,0.22569280000000003,0.227225,0.016623206863197806,0.195695,0.203711,0.214505,0.234565,0.24742799999999998,0.256345
82,92,NCLDV-like,HK97-like,False,False,5,5,25,0.24156660000000002,0.24102,0.013981992341341532,0.20606,0.227807,0.233305,0.250865,0.257897,0.261235
82,94,NCLDV-like,BTV-like,False,False,5,5,25,0.23716520000000002,0.237315,0.019454963563317204,0.19644,0.209406,0.22803,0.250215,0.255142,0.28471
82,97,NCLDV-like,HK97-like,False,False,5,5,25,0.22874119999999998,0.229665,0.011712240594779466,0.21108,0.214146,0.21775,0.238405,0.244016,0.247835
89,89,Geminiviridae-like,Geminiviridae-like,True,True,5,5,10,0.7814544999999999,0.7826625,0.0458809086688328,0.719805,0.7223879999999999,0.74416625,0.8148774999999999,0.8346105,0.85203
89,90,Geminiviridae-like,HK97-like,False,False,5,5,25,0.22677039999999998,0.226585,0.02230701916437963,0.183215,0.201647,0.210555,0.241585,0.253388,0.268465
89,92,Geminiviridae-like,HK97-like,False,False,5,5,25,0.2289658,0.228515,0.014605952958753948,0.20767,0.208874,0.21522,0.23944,0.246484,0.256445
89,94,Geminiviridae-like,BTV-like,False,False,5,5,25,0.23567280000000002,0.243725,0.01866141016465083,0.199065,0.209204,0.22347,0.249,0.252045,0.267065
89,97,Geminiviridae-like,HK97-like,False,False,5,5,25,0.23317899999999997,0.230385,0.017346704117785605,0.20821,0.21327,0.218565,0.24363,0.25814600000000004,0.26879
90,90,HK97-like,HK97-like,True,True,5,5,10,0.2609865,0.2569075,0.04519698453867126,0.201605,0.218903,0.2250925,0.28054375,0.3250555,0.34126
90,92,HK97-like,HK97-like,False,True,5,5,25,0.24465640000000005,0.242715,0.02908316127647291,0.190805,0.20830900000000002,0.22887,0.26593,0.283675,0.30117
90,94,HK97-like,BTV-like,False,False,5,5,25,0.24106640000000001,0.244225,0.025555755488408733,0.20122,0.204462,0.222475,0.252735,0.268478,0.30126
90,97,HK97-like,HK97-like,False,True,5,5,25,0.24426979999999998,0.23563,0.02955385773888072,0.193505,0.213891,0.222465,0.26361,0.285568,0.31277
92,92,HK97-like,HK97-like,True,True,5,5,10,0.5764375,0.7214975,0.21299958865701024,0.322415,0.325484,0.33062749999999996,0.7360012499999999,0.7615365,0.772485
92,94,HK97-like,BTV-like,False,False,5,5,25,0.23386120000000002,0.23475,0.02125608022229561,0.205225,0.211433,0.214825,0.24494,0.2563,0.29016
92,97,HK97-like,HK97-like,False,True,5,5,25,0.549859,0.60866,0.12460732878727478,0.299445,0.310572,0.579815,0.62404,0.63126,0.63593
94,94,BTV-like,BTV-like,True,True,5,5,10,0.24956649999999997,0.261355,0.025127015347585113,0.197705,0.227117,0.23172125,0.26688124999999996,0.2689025,0.278645
94,97,BTV-like,HK97-like,False,False,5,5,25,0.24113339999999997,0.237965,0.02114666742460066,0.206295,0.219472,0.22304,0.25704,0.273206,0.277605
97,97,HK97-like,HK97-like,True,True,5,5,10,0.8296380000000001,0.824775,0.025087662992882457,0.79172,0.8058995000000001,0.811435,0.8480125,0.8602164999999999,0.869815
